Url,Title,Description,Offer minimal price,Currency,Image url 1,Image url 2,Image url 3,Image url 4,Image url 5
https://hansgrohe-russia.ru/kollektsii/finoris,Смесители Hansrohe Finoris. Официальный интернет-магазин,Сантехника Hansgrohe в официальном магазине. Гарантия до 5 лет. Доставка - 0 ₽!,,,,,,,
https://hansgrohe-russia.ru/kollektsii/talis-1/shopby/hg_kollektsii-talis_e-talis_select_e/hg_poverkhnost-matovyy_chernyy-shlifovannyy_chernyy_hrom#catalog,Смесители Hansgrohe Talis E черного цвета. Доставка 0₽,Сантехника Hansgrohe в официальном магазине. Гарантия до 5 лет. Доставка - 0 ₽!,,,,,,,
https://hansgrohe-russia.ru/kollektsii/talis-1/shopby/hg_kollektsii-talis_e-talis_select_e?v=1#catalog,Смесители Hansgrohe Talis E,Сантехника Hansgrohe в официальном магазине. Гарантия до 5 лет. Доставка - 0 ₽!,,,,,,,
https://hansgrohe-russia.ru/kollektsii/talis-1/shopby/hg_kollektsii-talis_e-talis_select_e?v=2#catalog,Смесители Hansgrohe Talis E 110. Официальный магазин,Сантехника Hansgrohe в официальном магазине. Гарантия до 5 лет. Доставка - 0 ₽!,,,,,,,
https://hansgrohe-russia.ru/kollektsii/talis-1/shopby/hg_kollektsii-talis_s-talis_select_s?v=1#catalog,Смесители Hansgrohe Talis S,Сантехника Hansgrohe в официальном магазине. Гарантия до 5 лет. Доставка - 0 ₽!,,,,,,,
https://hansgrohe-russia.ru/kollektsii/talis-1/shopby/hg_kollektsii-talis_s-talis_select_s?v=2#catalog,Смесители Hansgrohe Talis S2. Официальный магазин,Сантехника Hansgrohe в официальном магазине. Гарантия до 5 лет. Доставка - 0 ₽!,,,,,,,
https://hansgrohe-russia.ru/kollektsii/talis-1/shopby/hg_kollektsii-talis_select_e#catalog,Смесители Hansgrohe Talis Select E. Официальный магазин,Сантехника Hansgrohe в официальном магазине. Гарантия до 5 лет. Доставка - 0 ₽!,,,,,,,
https://hansgrohe-russia.ru/smesiteli?v=1,Смесители Hansgrohe Select. Официальный интернет-магазин,Сантехника Hansgrohe в официальном магазине. Гарантия до 5 лет. Доставка - 0 ₽!,,,,,,,
https://hansgrohe-russia.ru/smesiteli/shopby/hg_kollektsii-talis_select_e#catalog,Смесители Hansgrohe Select E. Официальный магазин,Сантехника Hansgrohe в официальном магазине. Гарантия до 5 лет. Доставка - 0 ₽!,,,,,,,
https://hansgrohe-russia.ru/kollektsii/talis-1/shopby/hg_kollektsii-talis_select_s,Смесители Hansgrohe Talis Select S. Официальный магазин,Сантехника Hansgrohe в официальном магазине. Гарантия до 5 лет. Доставка - 0 ₽!,,,,,,,
https://hansgrohe-russia.ru/kollektsii/talis-1/shopby/hg_kollektsii-talis_select_s-talis_select_e#catalog,Смесители Hansgrohe Talis Select. Официальный магазин,Сантехника Hansgrohe в официальном магазине. Гарантия до 5 лет. Доставка - 0 ₽!,,,,,,,
https://hansgrohe-russia.ru/kollektsii/talis-1/shopby/hg_kollektsii-talis_select_e-talis_select_s#catalog,Смесители Hansgrohe Select S. Официальный магазин,Сантехника Hansgrohe в официальном магазине. Гарантия до 5 лет. Доставка - 0 ₽!,,,,,,,
https://hansgrohe-russia.ru/kollektsii/talis-1/shopby/hg_poverkhnost-matovyy_chernyy-shlifovannyy_chernyy_hrom#catalog,Смесители Hansgrohe Talis черного цвета,Сантехника Hansgrohe в официальном магазине. Гарантия до 5 лет. Доставка - 0 ₽!,,,,,,,
https://hansgrohe-russia.ru/kollektsii/talis-1?v=1,Смесители Hansgrohe Talis Classic. Официальный магазин,Сантехника Hansgrohe в официальном магазине. Гарантия до 5 лет. Доставка - 0 ₽!,,,,,,,
https://hansgrohe-russia.ru/kollektsii/talis-1?v=2,Смесители Hansgrohe Talis. Официальный интернет-магазин,Сантехника Hansgrohe в официальном магазине. Гарантия до 5 лет. Доставка - 0 ₽!,,,,,,,
https://hansgrohe-russia.ru/kollektsii/vernis/shopby/hg_kollektsii-vernis_blend#catalog,Смесители Hansgrohe Vernis Blend. Официальный магазин,Сантехника Hansgrohe в официальном магазине. Гарантия до 5 лет. Доставка - 0 ₽!,,,,,,,
https://hansgrohe-russia.ru/kollektsii/vernis,Смесители Hansgrohe Vernis. Официальный интернет-магазин,Сантехника Hansgrohe в официальном магазине. Гарантия до 5 лет. Доставка - 0 ₽!,,,,,,,
https://hansgrohe-russia.ru/kollektsii/vernis/shopby/hg_poverkhnost-matovyy_chernyy-chernyy_matovyy#catalog,Смесители Hansrohe Vernis черного цвета,Сантехника Hansgrohe в официальном магазине. Гарантия до 5 лет. Доставка - 0 ₽!,,,,,,,
https://hansgrohe-russia.ru/kollektsii/vernis/shopby/hg_kollektsii-vernis_shape#catalog,Смесители Hansgrohe Vernis Shape. Официальный магазин,Сантехника Hansgrohe в официальном магазине. Гарантия до 5 лет. Доставка - 0 ₽!,,,,,,,
https://hansgrohe-russia.ru/kollektsii/vivenis,Смесители Hansgrohe Vivenis,Сантехника Hansgrohe в официальном магазине. Гарантия до 5 лет. Доставка - 0 ₽!,,,,,,,
https://hansgrohe-russia.ru/smesiteli/shopby/hg_montazh-nastennyy#catalog,Настенные смесители Hansgrohe. Официальный магазин,Сантехника Hansgrohe в официальном магазине. Гарантия до 5 лет. Доставка - 0 ₽!,,,,,,,
https://hansgrohe-russia.ru/?v=1,Hansgrohe для раковины. Официальный интернет-магазин,Сантехника Hansgrohe в официальном магазине. Гарантия до 5 лет. Доставка - 0 ₽!,,,,,,,
https://hansgrohe-russia.ru/dushevaya-programma/dushevye-sistemy,Душевые системы для ванны Hansgrohe. Официальный магазин,Сантехника Hansgrohe в официальном магазине. Гарантия до 5 лет. Доставка - 0 ₽!,,,,,,,
https://hansgrohe-russia.ru/kollektsii/aquno-select-m81?v=1,Смесители Hansgrohe Aquno Select. Официальный магазин,Сантехника Hansgrohe в официальном магазине. Гарантия до 5 лет. Доставка - 0 ₽!,,,,,,,
https://hansgrohe-russia.ru/kollektsii/aquno-select-m81?v=2,Смесители Hansgrohe Aquno Select M81,Сантехника Hansgrohe в официальном магазине. Гарантия до 5 лет. Доставка - 0 ₽!,,,,,,,
https://hansgrohe-russia.ru/kollektsii/croma-1?v=1,Смесители Hansgrohe Croma. Официальный интернет-магазин,Сантехника Hansgrohe в официальном магазине. Гарантия до 5 лет. Доставка - 0 ₽!,,,,,,,
https://hansgrohe-russia.ru/kollektsii/ecostat-1?v=1,Смесители для ванны Hansgrohe Ecostat. Официальный сайт,Сантехника Hansgrohe в официальном магазине. Гарантия до 5 лет. Доставка - 0 ₽!,,,,,,,
https://hansgrohe-russia.ru/kollektsii/ecostat-1?v=2,Смесители для душа Hansgrohe Ecostat,Сантехника Hansgrohe в официальном магазине. Гарантия до 5 лет. Доставка - 0 ₽!,,,,,,,
https://hansgrohe-russia.ru/kollektsii/ecostat-1?v=3,Смесители с термостатом Hansgrohe Ecostat. Доставка 0₽,Сантехника Hansgrohe в официальном магазине. Гарантия до 5 лет. Доставка - 0 ₽!,,,,,,,
https://hansgrohe-russia.ru/kollektsii/ecostat-1?v=4,Смесители Hansgrohe Ecos. Официальный интернет-магазин,Сантехника Hansgrohe в официальном магазине. Гарантия до 5 лет. Доставка - 0 ₽!,,,,,,,
https://hansgrohe-russia.ru/kollektsii/ecostat-1?v=5,Смесители Hansgrohe Ecostat,Сантехника Hansgrohe в официальном магазине. Гарантия до 5 лет. Доставка - 0 ₽!,,,,,,,
https://hansgrohe-russia.ru/kollektsii/ecostat-1/shopby/hg_kollektsii-ecostat_comfort#catalog,Смесители Hansgrohe Ecostat Comfort. Официальный магазин,Сантехника Hansgrohe в официальном магазине. Гарантия до 5 лет. Доставка - 0 ₽!,,,,,,,
https://hansgrohe-russia.ru/kollektsii/ecostat-1/shopby/hg_kollektsii-ecostat_e#catalog,Смесители Hansgrohe Ecostat E. Официальный магазин,Сантехника Hansgrohe в официальном магазине. Гарантия до 5 лет. Доставка - 0 ₽!,,,,,,,
https://hansgrohe-russia.ru/kollektsii/focus?v=1,Краны Hansgrohe Focus. Официальный интернет-магазин,Сантехника Hansgrohe в официальном магазине. Гарантия до 5 лет. Доставка - 0 ₽!,,,,,,,
https://hansgrohe-russia.ru/kollektsii/focus?v=2,Смесители Hansgrohe Focus. Официальный интернет-магазин,Сантехника Hansgrohe в официальном магазине. Гарантия до 5 лет. Доставка - 0 ₽!,,,,,,,
https://hansgrohe-russia.ru/kollektsii/focus?v=3,Смесители Hansgrohe Focus E,Сантехника Hansgrohe в официальном магазине. Гарантия до 5 лет. Доставка - 0 ₽!,,,,,,,
https://hansgrohe-russia.ru/kollektsii/focus?v=4,Смесители Hansgrohe Focus E2. Официальный магазин,Сантехника Hansgrohe в официальном магазине. Гарантия до 5 лет. Доставка - 0 ₽!,,,,,,,
https://hansgrohe-russia.ru/kollektsii/focus?v=5,Смесители Hansgrohe Focus S,Сантехника Hansgrohe в официальном магазине. Гарантия до 5 лет. Доставка - 0 ₽!,,,,,,,
https://hansgrohe-russia.ru/kollektsii/focus-m41,Смесители Hansgrohe Focus M41. Официальный магазин,Сантехника Hansgrohe в официальном магазине. Гарантия до 5 лет. Доставка - 0 ₽!,,,,,,,
https://hansgrohe-russia.ru/kollektsii/focus/shopby/hg_tip-smesiteli_dlya_dusha?v=1#catalog,Смесители для душа Hansgrohe Focus. Официальный магазин,Сантехника Hansgrohe в официальном магазине. Гарантия до 5 лет. Доставка - 0 ₽!,,,,,,,
https://hansgrohe-russia.ru/kollektsii/focus/shopby/hg_tip-smesiteli_dlya_dusha?v=2#catalog,Смесители для душа Hansgrohe Focus E2. Официальный сайт,Сантехника Hansgrohe в официальном магазине. Гарантия до 5 лет. Доставка - 0 ₽!,,,,,,,
https://hansgrohe-russia.ru/kollektsii/focus/shopby/hg_tip-smesiteli_dlya_dusha?v=3#catalog,Смесители для душа Hansgrohe Focus Logis. Доставка 0₽,Сантехника Hansgrohe в официальном магазине. Гарантия до 5 лет. Доставка - 0 ₽!,,,,,,,
https://hansgrohe-russia.ru/kollektsii/focus/shopby/hg_tip-smesiteli_dlya_rakoviny?v=1#catalog,Смесители для раковины Hansgrohe Focus. Официальный сайт,Сантехника Hansgrohe в официальном магазине. Гарантия до 5 лет. Доставка - 0 ₽!,,,,,,,
https://hansgrohe-russia.ru/kollektsii/focus/shopby/hg_tip-smesiteli_dlya_rakoviny?v=2#catalog,Смесители для раковины Hansgrohe Focus E2. Доставка 0₽,Сантехника Hansgrohe в официальном магазине. Гарантия до 5 лет. Доставка - 0 ₽!,,,,,,,
https://hansgrohe-russia.ru/kollektsii/focus/shopby/hg_tip-smesiteli_dlya_vanny?v=1#catalog,Смесители для ванны Hansgrohe Focus. Официальный магазин,Сантехника Hansgrohe в официальном магазине. Гарантия до 5 лет. Доставка - 0 ₽!,,,,,,,
https://hansgrohe-russia.ru/kollektsii/focus/shopby/hg_tip-smesiteli_dlya_vanny?v=2#catalog,Смесители для ванны Hansgrohe Focus E2. Официальный сайт,Сантехника Hansgrohe в официальном магазине. Гарантия до 5 лет. Доставка - 0 ₽!,,,,,,,
https://hansgrohe-russia.ru/kollektsii/logis-1?v=1,Комплект смесителей Hansgrohe Logis. Официальный магазин,Сантехника Hansgrohe в официальном магазине. Гарантия до 5 лет. Доставка - 0 ₽!,,,,,,,
https://hansgrohe-russia.ru/kollektsii/logis-1?v=2,Набор смесителей Hansgrohe Logis. Официальный магазин,Сантехника Hansgrohe в официальном магазине. Гарантия до 5 лет. Доставка - 0 ₽!,,,,,,,
https://hansgrohe-russia.ru/kollektsii/logis-1?v=3,Смесители Hansgrohe Logis. Официальный интернет-магазин,Сантехника Hansgrohe в официальном магазине. Гарантия до 5 лет. Доставка - 0 ₽!,,,,,,,
https://hansgrohe-russia.ru/kollektsii/logis-1?v=4,Смесители Hansgrohe Logis 100. Официальный магазин,Сантехника Hansgrohe в официальном магазине. Гарантия до 5 лет. Доставка - 0 ₽!,,,,,,,
https://hansgrohe-russia.ru/kollektsii/logis-1?v=5,Смесители Hansgrohe Logis 70. Официальный магазин,Сантехника Hansgrohe в официальном магазине. Гарантия до 5 лет. Доставка - 0 ₽!,,,,,,,
https://hansgrohe-russia.ru/kollektsii/logis-1?v=6,Смесители Hansgrohe Logis Fine. Официальный магазин,Сантехника Hansgrohe в официальном магазине. Гарантия до 5 лет. Доставка - 0 ₽!,,,,,,,
https://hansgrohe-russia.ru/kollektsii/logis-1?v=7,Смесители Hansrohe Logis 100. Официальный магазин,Сантехника Hansgrohe в официальном магазине. Гарантия до 5 лет. Доставка - 0 ₽!,,,,,,,
https://hansgrohe-russia.ru/kollektsii/logis-1/shopby/hg_kollektsii-logis_e#catalog,Смесители Hansgrohe Logis E,Сантехника Hansgrohe в официальном магазине. Гарантия до 5 лет. Доставка - 0 ₽!,,,,,,,
https://hansgrohe-russia.ru/kollektsii/logis-1/shopby/hg_kollektsii-logis_loop#catalog,Смесители Hansgrohe Logis Loop. Официальный магазин,Сантехника Hansgrohe в официальном магазине. Гарантия до 5 лет. Доставка - 0 ₽!,,,,,,,
https://hansgrohe-russia.ru/kollektsii/logis-1/shopby/hg_tip-smesiteli_dlya_rakoviny,Смесители для раковины Hansgrohe Logis Fine. Доставка 0₽,Сантехника Hansgrohe в официальном магазине. Гарантия до 5 лет. Доставка - 0 ₽!,,,,,,,
https://hansgrohe-russia.ru/kollektsii/logis-1/shopby/hg_tip-smesiteli_dlya_rakoviny/hg_kollektsii-logis_e#catalog,Смесители для раковины Hansgrohe Logis E. Доставка 0₽,Сантехника Hansgrohe в официальном магазине. Гарантия до 5 лет. Доставка - 0 ₽!,,,,,,,
https://hansgrohe-russia.ru/kollektsii/logis-1/shopby/hg_tip-smesiteli_dlya_rakoviny?v=1#catalog,Смесители для раковины Hansgrohe Logis. Официальный сайт,Сантехника Hansgrohe в официальном магазине. Гарантия до 5 лет. Доставка - 0 ₽!,,,,,,,
https://hansgrohe-russia.ru/kollektsii/logis-1/shopby/hg_tip-smesiteli_dlya_rakoviny?v=2#catalog,Смесители для раковины Hansgrohe Logis 100. Доставка 0₽,Сантехника Hansgrohe в официальном магазине. Гарантия до 5 лет. Доставка - 0 ₽!,,,,,,,
https://hansgrohe-russia.ru/kollektsii/logis-1/shopby/hg_tip-smesiteli_dlya_rakoviny?v=3#catalog,Смесители для умывальника Hansgrohe Logis. Доставка 0₽,Сантехника Hansgrohe в официальном магазине. Гарантия до 5 лет. Доставка - 0 ₽!,,,,,,,
https://hansgrohe-russia.ru/kollektsii/logis-1/shopby/hg_tip-smesiteli_dlya_vanny/hg_kollektsii-logis_e#catalog,Смесители для ванны Hansgrohe Logis E. Официальный сайт,Сантехника Hansgrohe в официальном магазине. Гарантия до 5 лет. Доставка - 0 ₽!,,,,,,,
https://hansgrohe-russia.ru/kollektsii/logis-1/shopby/hg_tip-smesiteli_dlya_vanny?v=1#catalog,Смесители для ванны Hansgrohe Logis. Официальный магазин,Сантехника Hansgrohe в официальном магазине. Гарантия до 5 лет. Доставка - 0 ₽!,,,,,,,
https://hansgrohe-russia.ru/kollektsii/logis-1/shopby/hg_tip-smesiteli_dlya_vanny?v=2#catalog,Смесители для ванны Hansgrohe Logis хромированный,Сантехника Hansgrohe в официальном магазине. Гарантия до 5 лет. Доставка - 0 ₽!,,,,,,,
https://hansgrohe-russia.ru/kollektsii/metris-1,Смесители Hansgrohe Metris. Официальный интернет-магазин,Сантехника Hansgrohe в официальном магазине. Гарантия до 5 лет. Доставка - 0 ₽!,,,,,,,
https://hansgrohe-russia.ru/kollektsii/metris-1/shopby/hg_kollektsii-metris_classic#catalog,Смесители Hansgrohe Metris Classic. Официальный магазин,Сантехника Hansgrohe в официальном магазине. Гарантия до 5 лет. Доставка - 0 ₽!,,,,,,,
https://hansgrohe-russia.ru/kollektsii/metris-1/shopby/hg_kollektsii-metris_s#catalog,Смесители Hansgrohe Metris S. Официальный магазин,Сантехника Hansgrohe в официальном магазине. Гарантия до 5 лет. Доставка - 0 ₽!,,,,,,,
https://hansgrohe-russia.ru/kollektsii/metris-1/shopby/hg_tip-smesiteli_dlya_dusha#catalog,Смесители для душа Hansgrohe Metris. Официальный магазин,Сантехника Hansgrohe в официальном магазине. Гарантия до 5 лет. Доставка - 0 ₽!,,,,,,,
https://hansgrohe-russia.ru/kollektsii/metris-1/shopby/hg_tip-smesiteli_dlya_rakoviny-smesiteli_dlya_kuhonnoy_moyki/hg_kollektsii-metris_s#catalog,Смесители для раковины Hansgrohe Metris S. Доставка 0₽,Сантехника Hansgrohe в официальном магазине. Гарантия до 5 лет. Доставка - 0 ₽!,,,,,,,
https://hansgrohe-russia.ru/kollektsii/metris-1/shopby/hg_tip-smesiteli_dlya_rakoviny-smesiteli_dlya_kuhonnoy_moyki#catalog,Смесители для раковины Hansgrohe Metris,Сантехника Hansgrohe в официальном магазине. Гарантия до 5 лет. Доставка - 0 ₽!,,,,,,,
https://hansgrohe-russia.ru/kollektsii/metris-1/shopby/hg_tip-smesiteli_dlya_vanny/hg_kollektsii-metris_s#catalog,Смесители для ванны Hansgrohe Metris S. Официальный сайт,Сантехника Hansgrohe в официальном магазине. Гарантия до 5 лет. Доставка - 0 ₽!,,,,,,,
https://hansgrohe-russia.ru/kollektsii/metris-1/shopby/hg_tip-smesiteli_dlya_vanny#catalog,Смесители для ванны Hansgrohe Metris,Сантехника Hansgrohe в официальном магазине. Гарантия до 5 лет. Доставка - 0 ₽!,,,,,,,
https://hansgrohe-russia.ru/kollektsii/metropol,Смесители Hansgrohe Metropol. Официальный магазин,Сантехника Hansgrohe в официальном магазине. Гарантия до 5 лет. Доставка - 0 ₽!,,,,,,,
https://hansgrohe-russia.ru/kollektsii/metropol/shopby/hg_kollektsii-metropol_classic#catalog,Смесители Hansgrohe Metropol Classic,Сантехника Hansgrohe в официальном магазине. Гарантия до 5 лет. Доставка - 0 ₽!,,,,,,,
https://hansgrohe-russia.ru/kollektsii/metropol/shopby/hg_tip-smesiteli_dlya_rakoviny#catalog,Смесители для раковины Hansgrohe Metropol. Доставка 0₽,Сантехника Hansgrohe в официальном магазине. Гарантия до 5 лет. Доставка - 0 ₽!,,,,,,,
https://hansgrohe-russia.ru/kollektsii/metropol/shopby/hg_tip-smesiteli_dlya_vanny#catalog,Смесители для ванны Hansgrohe Metropol. Официальный сайт,Сантехника Hansgrohe в официальном магазине. Гарантия до 5 лет. Доставка - 0 ₽!,,,,,,,
https://hansgrohe-russia.ru/kollektsii/novus,Смесители Hansgrohe Novus. Официальный интернет-магазин,Сантехника Hansgrohe в официальном магазине. Гарантия до 5 лет. Доставка - 0 ₽!,,,,,,,
https://hansgrohe-russia.ru/kollektsii/novus/shopby/hg_tip-smesiteli_dlya_rakoviny#catalog,Смесители для раковины Hansgrohe Novus. Официальный сайт,Сантехника Hansgrohe в официальном магазине. Гарантия до 5 лет. Доставка - 0 ₽!,,,,,,,
https://hansgrohe-russia.ru/kollektsii/novus/shopby/hg_tip-smesiteli_dlya_vanny#catalog,Смесители для ванны Hansgrohe Novus. Официальный магазин,Сантехника Hansgrohe в официальном магазине. Гарантия до 5 лет. Доставка - 0 ₽!,,,,,,,
https://hansgrohe-russia.ru/kollektsii/puravida?v=1,Смесители Hansgrohe Puravida. Официальный магазин,Сантехника Hansgrohe в официальном магазине. Гарантия до 5 лет. Доставка - 0 ₽!,,,,,,,
https://hansgrohe-russia.ru/kollektsii/puravida/shopby/hg_tip-smesiteli_dlya_rakoviny#catalog,Смесители для раковины Hansgrohe Puravida. Доставка 0₽,Сантехника Hansgrohe в официальном магазине. Гарантия до 5 лет. Доставка - 0 ₽!,,,,,,,
https://hansgrohe-russia.ru/kollektsii/puravida/shopby/hg_tip-smesiteli_dlya_vanny#catalog,Смесители для ванны Hansgrohe Puravida. Официальный сайт,Сантехника Hansgrohe в официальном магазине. Гарантия до 5 лет. Доставка - 0 ₽!,,,,,,,
https://hansgrohe-russia.ru/kollektsii/raindance/shopby/hg_tip-dushevye_sistemy#catalog,Смесители Hansgrohe Raindance. Официальный магазин,Сантехника Hansgrohe в официальном магазине. Гарантия до 5 лет. Доставка - 0 ₽!,,,,,,,
https://hansgrohe-russia.ru/kollektsii/talis-1/shopby/hg_tip-smesiteli_dlya_dusha/hg_kollektsii-talis_s#catalog,Смесители для душа Hansgrohe Talis S,Сантехника Hansgrohe в официальном магазине. Гарантия до 5 лет. Доставка - 0 ₽!,,,,,,,
https://hansgrohe-russia.ru/kollektsii/talis-1/shopby/hg_tip-smesiteli_dlya_dusha#catalog,Смесители для душа Hansgrohe Talis. Официальный магазин,Сантехника Hansgrohe в официальном магазине. Гарантия до 5 лет. Доставка - 0 ₽!,,,,,,,
https://hansgrohe-russia.ru/kollektsii/talis-1/shopby/hg_tip-smesiteli_dlya_rakoviny?v=1,Смесители для раковины Hansgrohe Talis. Официальный сайт,Сантехника Hansgrohe в официальном магазине. Гарантия до 5 лет. Доставка - 0 ₽!,,,,,,,
https://hansgrohe-russia.ru/kollektsii/talis-1/shopby/hg_tip-smesiteli_dlya_rakoviny?v=2,Смесители для раковины Hansgrohe Talis Select,Сантехника Hansgrohe в официальном магазине. Гарантия до 5 лет. Доставка - 0 ₽!,,,,,,,
https://hansgrohe-russia.ru/kollektsii/talis-1/shopby/hg_tip-smesiteli_dlya_rakoviny/hg_kollektsii-talis_s-talis_select_s#catalog,Смесители для раковины Hansgrohe Talis S. Доставка 0₽,Сантехника Hansgrohe в официальном магазине. Гарантия до 5 лет. Доставка - 0 ₽!,,,,,,,
https://hansgrohe-russia.ru/kollektsii/talis-1/shopby/hg_tip-smesiteli_dlya_vanny?v=1#catalog,Смесители для ванны Hansgrohe Talis. Официальный магазин,Сантехника Hansgrohe в официальном магазине. Гарантия до 5 лет. Доставка - 0 ₽!,,,,,,,
https://hansgrohe-russia.ru/kollektsii/talis-1/shopby/hg_tip-smesiteli_dlya_vanny?v=2#catalog,Смесители для ванны Hansgrohe Talis E. Официальный сайт,Сантехника Hansgrohe в официальном магазине. Гарантия до 5 лет. Доставка - 0 ₽!,,,,,,,
https://hansgrohe-russia.ru/kollektsii/talis-1/shopby/hg_tip-smesiteli_dlya_vanny?v=3#catalog,Смесители для ванны Hansgrohe Talis S. Официальный сайт,Сантехника Hansgrohe в официальном магазине. Гарантия до 5 лет. Доставка - 0 ₽!,,,,,,,
https://hansgrohe-russia.ru/kollektsii/talis-m51,Смесители Hansgrohe Talis M51. Официальный магазин,Сантехника Hansgrohe в официальном магазине. Гарантия до 5 лет. Доставка - 0 ₽!,,,,,,,
https://hansgrohe-russia.ru/kollektsii/talis-m54?v=1,Смесители Hansgrohe M54. Официальный интернет-магазин,Сантехника Hansgrohe в официальном магазине. Гарантия до 5 лет. Доставка - 0 ₽!,,,,,,,
https://hansgrohe-russia.ru/kollektsii/talis-m54?v=2,Смесители Hansgrohe Talis M54. Официальный магазин,Сантехника Hansgrohe в официальном магазине. Гарантия до 5 лет. Доставка - 0 ₽!,,,,,,,
https://hansgrohe-russia.ru/kollektsii/vernis/shopby/hg_kollektsii-vernis_blend/hg_tip-smesiteli_dlya_dusha#catalog,Смесители для душа Hansgrohe Vernis Blend. Доставка 0₽,Сантехника Hansgrohe в официальном магазине. Гарантия до 5 лет. Доставка - 0 ₽!,,,,,,,
https://hansgrohe-russia.ru/kollektsii/vernis/shopby/hg_kollektsii-vernis_blend/hg_tip-smesiteli_dlya_rakoviny#catalog,Смесители для раковины Hansgrohe Vernis Blend,Сантехника Hansgrohe в официальном магазине. Гарантия до 5 лет. Доставка - 0 ₽!,,,,,,,
https://hansgrohe-russia.ru/kollektsii/vernis/shopby/hg_tip-smesiteli_dlya_rakoviny?v=1,Смесители для раковины Hansgrohe Vernis,Сантехника Hansgrohe в официальном магазине. Гарантия до 5 лет. Доставка - 0 ₽!,,,,,,,
https://hansgrohe-russia.ru/kollektsii/vernis/shopby/hg_tip-smesiteli_dlya_rakoviny?v=2,Смесители для раковины Hansgrohe Vernis 100. Доставка 0₽,Сантехника Hansgrohe в официальном магазине. Гарантия до 5 лет. Доставка - 0 ₽!,,,,,,,
https://hansgrohe-russia.ru/kollektsii/vernis/shopby/hg_tip-smesiteli_dlya_rakoviny?v=3,Смесители для раковины Hansgrohe Vernis 70. Доставка 0₽,Сантехника Hansgrohe в официальном магазине. Гарантия до 5 лет. Доставка - 0 ₽!,,,,,,,
https://hansgrohe-russia.ru/kollektsii/vernis/shopby/hg_tip-smesiteli_dlya_rakoviny/hg_kollektsii-vernis_shape#catalog,Смесители для раковины Hansgrohe Vernis Shape,Сантехника Hansgrohe в официальном магазине. Гарантия до 5 лет. Доставка - 0 ₽!,,,,,,,
https://hansgrohe-russia.ru/kollektsii/vernis/shopby/hg_tip-smesiteli_dlya_vanny/hg_kollektsii-vernis_blend#catalog,Смесители для ванны Hansgrohe Vernis Bland. Доставка 0₽,Сантехника Hansgrohe в официальном магазине. Гарантия до 5 лет. Доставка - 0 ₽!,,,,,,,
https://hansgrohe-russia.ru/kollektsii/vernis/shopby/hg_tip-smesiteli_dlya_vanny#catalog,Смесители для ванны Hansgrohe Vernis,Сантехника Hansgrohe в официальном магазине. Гарантия до 5 лет. Доставка - 0 ₽!,,,,,,,
https://hansgrohe-russia.ru/kollektsii/vivenis/shopby/hg_tip-smesiteli_dlya_rakoviny#catalog,Смесители для раковины Hansgrohe Vivenis. Доставка 0₽,Сантехника Hansgrohe в официальном магазине. Гарантия до 5 лет. Доставка - 0 ₽!,,,,,,,
https://hansgrohe-russia.ru/kollektsii/vivenis/shopby/hg_tip-smesiteli_dlya_vanny#catalog,Смесители для ванны Hansgrohe Vivenis. Официальный сайт,Сантехника Hansgrohe в официальном магазине. Гарантия до 5 лет. Доставка - 0 ₽!,,,,,,,
https://hansgrohe-russia.ru/kollektsii/zesis-m33,Смесители Hansgrohe Zesis M33. Официальный магазин,Сантехника Hansgrohe в официальном магазине. Гарантия до 5 лет. Доставка - 0 ₽!,,,,,,,
https://hansgrohe-russia.ru/smesiteli?v=2,Встраиваемые смесители для раковины Hansgrohe,Сантехника Hansgrohe в официальном магазине. Гарантия до 5 лет. Доставка - 0 ₽!,,,,,,,
https://hansgrohe-russia.ru/smesiteli?v=3,Высокие смесители Hansgrohe,Сантехника Hansgrohe в официальном магазине. Гарантия до 5 лет. Доставка - 0 ₽!,,,,,,,
https://hansgrohe-russia.ru/smesiteli?v=4,Души с изливом Hansgrohe. Официальный интернет-магазин,Сантехника Hansgrohe в официальном магазине. Гарантия до 5 лет. Доставка - 0 ₽!,,,,,,,
https://hansgrohe-russia.ru/smesiteli?v=5,Комплект смесителей Hansgrohe. Официальный магазин,Сантехника Hansgrohe в официальном магазине. Гарантия до 5 лет. Доставка - 0 ₽!,,,,,,,
https://hansgrohe-russia.ru/smesiteli?v=6,Кран-смеситель Hansgrohe. Официальный интернет-магазин,Сантехника Hansgrohe в официальном магазине. Гарантия до 5 лет. Доставка - 0 ₽!,,,,,,,
https://hansgrohe-russia.ru/smesiteli?v=7,Краны Hansgrohe. Официальный интернет-магазин,Сантехника Hansgrohe в официальном магазине. Гарантия до 5 лет. Доставка - 0 ₽!,,,,,,,
https://hansgrohe-russia.ru/smesiteli?v=8,Набор смесителей Hansgrohe. Официальный интернет-магазин,Сантехника Hansgrohe в официальном магазине. Гарантия до 5 лет. Доставка - 0 ₽!,,,,,,,
https://hansgrohe-russia.ru/smesiteli?v=9,Смесители для ванны и душа Hansgrhoe,Сантехника Hansgrohe в официальном магазине. Гарантия до 5 лет. Доставка - 0 ₽!,,,,,,,
https://hansgrohe-russia.ru/smesiteli?v=10,Смесители для ванны и душа Hansgrohe,Сантехника Hansgrohe в официальном магазине. Гарантия до 5 лет. Доставка - 0 ₽!,,,,,,,
https://hansgrohe-russia.ru/smesiteli?v=11,Смесители и термостаты для ванны Hansgrohe. Доставка 0₽,Сантехника Hansgrohe в официальном магазине. Гарантия до 5 лет. Доставка - 0 ₽!,,,,,,,
https://hansgrohe-russia.ru/smesiteli?v=12,Смесители с выдвежным изливом Hansgrohe,Сантехника Hansgrohe в официальном магазине. Гарантия до 5 лет. Доставка - 0 ₽!,,,,,,,
https://hansgrohe-russia.ru/smesiteli?v=13,Смесители с высоким изливом Hansgrohe. Официальный сайт,Сантехника Hansgrohe в официальном магазине. Гарантия до 5 лет. Доставка - 0 ₽!,,,,,,,
https://hansgrohe-russia.ru/smesiteli?v=14,Смесители с длинным изливом Hansgrohe. Официальный сайт,Сантехника Hansgrohe в официальном магазине. Гарантия до 5 лет. Доставка - 0 ₽!,,,,,,,
https://hansgrohe-russia.ru/smesiteli?v=15,Смесители Hansgrohe. Купите в Москве,Сантехника Hansgrohe в официальном магазине. Гарантия до 5 лет. Доставка - 0 ₽!,,,,,,,
https://hansgrohe-russia.ru/smesiteli?v=16,Смесители Hansgrohe. Купите в Екатеринбурге,Сантехника Hansgrohe в официальном магазине. Гарантия до 5 лет. Доставка - 0 ₽!,,,,,,,
https://hansgrohe-russia.ru/smesiteli?v=17,Смесители Hansgrohe. Купите в Санкт-Петербурге,Сантехника Hansgrohe в официальном магазине. Гарантия до 5 лет. Доставка - 0 ₽!,,,,,,,
https://hansgrohe-russia.ru/smesiteli?v=18,Смесители Hansgrohe. Официальный интернет-магазин,Сантехника Hansgrohe в официальном магазине. Гарантия до 5 лет. Доставка - 0 ₽!,,,,,,,
https://hansgrohe-russia.ru/smesiteli?v=19,Смесители Hansgrohe 100. Официальный интернет-магазин,Сантехника Hansgrohe в официальном магазине. Гарантия до 5 лет. Доставка - 0 ₽!,,,,,,,
https://hansgrohe-russia.ru/smesiteli/beskontaktnye-smesiteli,Сенсорные смесители Hansgrohe. Официальный магазин,Сантехника Hansgrohe в официальном магазине. Гарантия до 5 лет. Доставка - 0 ₽!,,,,,,,
https://hansgrohe-russia.ru/smesiteli/napolnye-smesiteli?v=1,Напольные смесители для ванны Hansgrohe,Сантехника Hansgrohe в официальном магазине. Гарантия до 5 лет. Доставка - 0 ₽!,,,,,,,
https://hansgrohe-russia.ru/smesiteli/napolnye-smesiteli?v=2,Напольные смесители Hansgrohe. Официальный магазин,Сантехника Hansgrohe в официальном магазине. Гарантия до 5 лет. Доставка - 0 ₽!,,,,,,,
https://hansgrohe-russia.ru/smesiteli/shopby/hg_poverkhnost-hrom_pod_zoloto-polirovannoe_zoloto#catalog,Смесители Hansgrohe золотого цвета. Официальный магазин,Сантехника Hansgrohe в официальном магазине. Гарантия до 5 лет. Доставка - 0 ₽!,,,,,,,
https://hansgrohe-russia.ru/smesiteli/shopby/hg_poverkhnost-hrom-belyy_hrom-hrom_pod_zoloto-shlifovannyy_chernyy_hrom#catalog,Смесители Hansgrohe хромированные. Официальный магазин,Сантехника Hansgrohe в официальном магазине. Гарантия до 5 лет. Доставка - 0 ₽!,,,,,,,
https://hansgrohe-russia.ru/smesiteli/shopby/hg_poverkhnost-matovyy_belyy-belyy_hrom#catalog,Смесители Hansgrohe белого цвета. Официальный магазин,Сантехника Hansgrohe в официальном магазине. Гарантия до 5 лет. Доставка - 0 ₽!,,,,,,,
https://hansgrohe-russia.ru/smesiteli/shopby/hg_poverkhnost-matovyy_chernyy-chernyy_matovyy-shlifovannyy_chernyy_hrom#catalog,Смесители Hansgrohe черного цвета. Официальный магазин,Сантехника Hansgrohe в официальном магазине. Гарантия до 5 лет. Доставка - 0 ₽!,,,,,,,
https://hansgrohe-russia.ru/smesiteli/shopby/hg_poverkhnost-matovyy_chernyy#catalog,Смесители Hansgrohe цвета черный мат,Сантехника Hansgrohe в официальном магазине. Гарантия до 5 лет. Доставка - 0 ₽!,,,,,,,
https://hansgrohe-russia.ru/smesiteli/shopby/hg_poverkhnost-shlifovannaya_bronza#catalog,Смесители Hansgrohe бронзового цвета,Сантехника Hansgrohe в официальном магазине. Гарантия до 5 лет. Доставка - 0 ₽!,,,,,,,
https://hansgrohe-russia.ru/smesiteli/shopby/hg_upravleniye-rychazhnoe/hg_poverkhnost-hrom-shlifovannyy_chernyy_hrom#catalog,Однорычажные смесители Hansgrohe хромированные,Сантехника Hansgrohe в официальном магазине. Гарантия до 5 лет. Доставка - 0 ₽!,,,,,,,
https://hansgrohe-russia.ru/smesiteli/shopby/hg_upravleniye-rychazhnoe#catalog,Однорычажные смесители Hansgrohe. Официальный магазин,Сантехника Hansgrohe в официальном магазине. Гарантия до 5 лет. Доставка - 0 ₽!,,,,,,,
https://hansgrohe-russia.ru/smesiteli/smesiteli-dlja-dusha?v=1,Душевые смесители с тропическим душем Hansgrohe,Сантехника Hansgrohe в официальном магазине. Гарантия до 5 лет. Доставка - 0 ₽!,,,,,,,
https://hansgrohe-russia.ru/smesiteli/smesiteli-dlja-dusha?v=2,Душевые смесители Hansgrohe,Сантехника Hansgrohe в официальном магазине. Гарантия до 5 лет. Доставка - 0 ₽!,,,,,,,
https://hansgrohe-russia.ru/smesiteli/smesiteli-dlja-dusha?v=3,Краны для душа Hansgrohe. Официальный интернет-магазин,Сантехника Hansgrohe в официальном магазине. Гарантия до 5 лет. Доставка - 0 ₽!,,,,,,,
https://hansgrohe-russia.ru/smesiteli/smesiteli-dlja-dusha?v=4,Однорычажные смесители для души Hansgrohe. Доставка 0₽,Сантехника Hansgrohe в официальном магазине. Гарантия до 5 лет. Доставка - 0 ₽!,,,,,,,
https://hansgrohe-russia.ru/smesiteli/smesiteli-dlja-dusha?v=5,Смесители для душа Hansgrohe. Официальный магазин,Сантехника Hansgrohe в официальном магазине. Гарантия до 5 лет. Доставка - 0 ₽!,,,,,,,
https://hansgrohe-russia.ru/smesiteli/smesiteli-dlja-dusha?v=6,Смесители для душевой Hansgrohe. Официальный магазин,Сантехника Hansgrohe в официальном магазине. Гарантия до 5 лет. Доставка - 0 ₽!,,,,,,,
https://hansgrohe-russia.ru/smesiteli/smesiteli-dlja-dusha?v=7,Смесители с душем Hansgrohe,Сантехника Hansgrohe в официальном магазине. Гарантия до 5 лет. Доставка - 0 ₽!,,,,,,,
https://hansgrohe-russia.ru/smesiteli/smesiteli-dlya-bide,Смесители для биде Hansgrohe. Официальный магазин,Сантехника Hansgrohe в официальном магазине. Гарантия до 5 лет. Доставка - 0 ₽!,,,,,,,
https://hansgrohe-russia.ru/smesiteli/smesiteli-dlya-rakoviny?v=1,Высокие смесители для раковины Hansgrohe. Доставка 0₽,Сантехника Hansgrohe в официальном магазине. Гарантия до 5 лет. Доставка - 0 ₽!,,,,,,,
https://hansgrohe-russia.ru/smesiteli/smesiteli-dlya-rakoviny?v=2,Краны для раковины Hansgrohe. Официальный магазин,Сантехника Hansgrohe в официальном магазине. Гарантия до 5 лет. Доставка - 0 ₽!,,,,,,,
https://hansgrohe-russia.ru/smesiteli/smesiteli-dlya-rakoviny?v=3,Смесители для накладной раковины Hansgrohe. Доставка 0₽,Сантехника Hansgrohe в официальном магазине. Гарантия до 5 лет. Доставка - 0 ₽!,,,,,,,
https://hansgrohe-russia.ru/smesiteli/smesiteli-dlya-rakoviny?v=4,Смесители для раковины в ванной комнате Hansgrohe,Сантехника Hansgrohe в официальном магазине. Гарантия до 5 лет. Доставка - 0 ₽!,,,,,,,
https://hansgrohe-russia.ru/smesiteli/smesiteli-dlya-rakoviny?v=5,Смесители для раковины в ванной Hansgrohe. Доставка 0₽,Сантехника Hansgrohe в официальном магазине. Гарантия до 5 лет. Доставка - 0 ₽!,,,,,,,
https://hansgrohe-russia.ru/smesiteli/smesiteli-dlya-rakoviny?v=6,Смесители для раковины с высоким изливом Hansgrohe,Сантехника Hansgrohe в официальном магазине. Гарантия до 5 лет. Доставка - 0 ₽!,,,,,,,
https://hansgrohe-russia.ru/smesiteli/smesiteli-dlya-rakoviny?v=7,Смесители для раковины Hansgrohe. Официальный магазин,Сантехника Hansgrohe в официальном магазине. Гарантия до 5 лет. Доставка - 0 ₽!,,,,,,,
https://hansgrohe-russia.ru/smesiteli/smesiteli-dlya-rakoviny?v=8,Смесители для раковины Hansgrohe E2. Официальный магазин,Сантехника Hansgrohe в официальном магазине. Гарантия до 5 лет. Доставка - 0 ₽!,,,,,,,
https://hansgrohe-russia.ru/smesiteli/smesiteli-dlya-rakoviny?v=9,Смесители для раковины Hansgrohe Select,Сантехника Hansgrohe в официальном магазине. Гарантия до 5 лет. Доставка - 0 ₽!,,,,,,,
https://hansgrohe-russia.ru/smesiteli/smesiteli-dlya-rakoviny?v=10,Смесители для умывальника Hansgrohe. Официальный магазин,Сантехника Hansgrohe в официальном магазине. Гарантия до 5 лет. Доставка - 0 ₽!,,,,,,,
https://hansgrohe-russia.ru/smesiteli/smesiteli-dlya-rakoviny/shopby/hg_montazh-nastennyy#catalog,Настенные смесители для раковины Hansgrohe. Доставка 0₽,Сантехника Hansgrohe в официальном магазине. Гарантия до 5 лет. Доставка - 0 ₽!,,,,,,,
https://hansgrohe-russia.ru/smesiteli/smesiteli-dlya-rakoviny/shopby/hg_poverkhnost-matovyy_belyy?v=1#catalog,Смесители для раковины Hansgrohe белого цвета,Сантехника Hansgrohe в официальном магазине. Гарантия до 5 лет. Доставка - 0 ₽!,,,,,,,
https://hansgrohe-russia.ru/smesiteli/smesiteli-dlya-rakoviny/shopby/hg_poverkhnost-matovyy_belyy?v=2#catalog,Смесители для раковины Hansgrohe цвета белый мат,Сантехника Hansgrohe в официальном магазине. Гарантия до 5 лет. Доставка - 0 ₽!,,,,,,,
https://hansgrohe-russia.ru/smesiteli/smesiteli-dlya-rakoviny/shopby/hg_poverkhnost-matovyy_chernyy-shlifovannyy_chernyy_hrom#catalog,Смесители для раковины Hansgrohe черного цвета,Сантехника Hansgrohe в официальном магазине. Гарантия до 5 лет. Доставка - 0 ₽!,,,,,,,
https://hansgrohe-russia.ru/smesiteli/smesiteli-dlya-rakoviny/shopby/hg_poverkhnost-matovyy_chernyy#catalog,Смесители для раковины Hansgrohe цвета черный мат,Сантехника Hansgrohe в официальном магазине. Гарантия до 5 лет. Доставка - 0 ₽!,,,,,,,
https://hansgrohe-russia.ru/smesiteli/smesiteli-dlya-rakoviny/shopby/hg_poverkhnost-shlifovannyy_chernyy_hrom-hrom_pod_zoloto-hrom#catalog,Смесители для раковины Hansgrohe хромированный,Сантехника Hansgrohe в официальном магазине. Гарантия до 5 лет. Доставка - 0 ₽!,,,,,,,
https://hansgrohe-russia.ru/smesiteli/smesiteli-dlya-rakoviny/shopby/hg_upravleniye-dzhoystik-rychazhnoe#catalog,Однорычажные смесители для раковины Hansgrohe,Сантехника Hansgrohe в официальном магазине. Гарантия до 5 лет. Доставка - 0 ₽!,,,,,,,
https://hansgrohe-russia.ru/smesiteli/smesiteli-dlya-vanny?v=1,Комплект смесителей для ванны Hansgrohe,Сантехника Hansgrohe в официальном магазине. Гарантия до 5 лет. Доставка - 0 ₽!,,,,,,,
https://hansgrohe-russia.ru/smesiteli/smesiteli-dlya-vanny?v=2,Краны для ваннной Hansgrohe. Купите в Пензе,Сантехника Hansgrohe в официальном магазине. Гарантия до 5 лет. Доставка - 0 ₽!,,,,,,,
https://hansgrohe-russia.ru/smesiteli/smesiteli-dlya-vanny?v=3,Краны для ваннной Hansgrohe,Сантехника Hansgrohe в официальном магазине. Гарантия до 5 лет. Доставка - 0 ₽!,,,,,,,
https://hansgrohe-russia.ru/smesiteli/smesiteli-dlya-vanny?v=4,Набор смесителей для ванны Hansgrohe,Сантехника Hansgrohe в официальном магазине. Гарантия до 5 лет. Доставка - 0 ₽!,,,,,,,
https://hansgrohe-russia.ru/smesiteli/smesiteli-dlya-vanny?v=5,Однорычажные смесители для ванны Hansgrohe. Доставка 0₽,Сантехника Hansgrohe в официальном магазине. Гарантия до 5 лет. Доставка - 0 ₽!,,,,,,,
https://hansgrohe-russia.ru/smesiteli/smesiteli-dlya-vanny?v=6,Смесители для ванны с длинным изливом Hansgrhoe,Сантехника Hansgrohe в официальном магазине. Гарантия до 5 лет. Доставка - 0 ₽!,,,,,,,
https://hansgrohe-russia.ru/smesiteli/smesiteli-dlya-vanny?v=7,Смесители для ванны с длинным изливом Hansgrohe,Сантехника Hansgrohe в официальном магазине. Гарантия до 5 лет. Доставка - 0 ₽!,,,,,,,
https://hansgrohe-russia.ru/smesiteli/smesiteli-dlya-vanny?v=8,Смесители для ванны с душем Hansgrohe. Официальный сайт,Сантехника Hansgrohe в официальном магазине. Гарантия до 5 лет. Доставка - 0 ₽!,,,,,,,
https://hansgrohe-russia.ru/smesiteli/smesiteli-dlya-vanny?v=9,Смесители для ванны с изливом Hansgrhoe,Сантехника Hansgrohe в официальном магазине. Гарантия до 5 лет. Доставка - 0 ₽!,,,,,,,
https://hansgrohe-russia.ru/smesiteli/smesiteli-dlya-vanny?v=10,Смесители для ванны Hansgrohe. Купите в Москве,Сантехника Hansgrohe в официальном магазине. Гарантия до 5 лет. Доставка - 0 ₽!,,,,,,,
https://hansgrohe-russia.ru/smesiteli/smesiteli-dlya-vanny?v=11,Смесители для ванны Hansgrohe. Официальный магазин,Сантехника Hansgrohe в официальном магазине. Гарантия до 5 лет. Доставка - 0 ₽!,,,,,,,
https://hansgrohe-russia.ru/smesiteli/smesiteli-dlya-vanny?v=12,Смесители с изливом для ванны Hansgrohe,Сантехника Hansgrohe в официальном магазине. Гарантия до 5 лет. Доставка - 0 ₽!,,,,,,,
https://hansgrohe-russia.ru/smesiteli/smesiteli-dlya-vanny?v=13,Смесители с изливом для душа Hansgrohe. Официальный сайт,Сантехника Hansgrohe в официальном магазине. Гарантия до 5 лет. Доставка - 0 ₽!,,,,,,,
https://hansgrohe-russia.ru/smesiteli/smesiteli-dlya-vanny/shopby/hg_kollektsii-focus#catalog,Смесители для ванны с душем Hansgrohe Focus. Доставка 0₽,Сантехника Hansgrohe в официальном магазине. Гарантия до 5 лет. Доставка - 0 ₽!,,,,,,,
https://hansgrohe-russia.ru/smesiteli/smesiteli-dlya-vanny/shopby/hg_poverkhnost-matovyy_belyy#catalog,Смесители для ванны Hansgrohe белого цвета. Доставка 0₽,Сантехника Hansgrohe в официальном магазине. Гарантия до 5 лет. Доставка - 0 ₽!,,,,,,,
https://hansgrohe-russia.ru/smesiteli/smesiteli-dlya-vanny/shopby/hg_poverkhnost-matovyy_chernyy,Смесители для ванны Hansgrohe цвета черный мат,Сантехника Hansgrohe в официальном магазине. Гарантия до 5 лет. Доставка - 0 ₽!,,,,,,,
https://hansgrohe-russia.ru/smesiteli/smesiteli-dlya-vanny/shopby/hg_poverkhnost-matovyy_chernyy-shlifovannyy_chernyy_hrom#catalog,Смесители для ванны Hansgrohe черного цвета. Доставка 0₽,Сантехника Hansgrohe в официальном магазине. Гарантия до 5 лет. Доставка - 0 ₽!,,,,,,,
https://hansgrohe-russia.ru/smesiteli/smesiteli-na-bort-vanny,Смесители на борт ванны Hansgrohe. Официальный магазин,Сантехника Hansgrohe в официальном магазине. Гарантия до 5 лет. Доставка - 0 ₽!,,,,,,,
https://hansgrohe-russia.ru/smesiteli/smesiteli-na-bort-vanny/shopby/hg_poverkhnost-matovyy_chernyy-shlifovannyy_chernyy_hrom#catalog,Смесителя на борт ванны Hansgrohe черного цвета,Сантехника Hansgrohe в официальном магазине. Гарантия до 5 лет. Доставка - 0 ₽!,,,,,,,
https://hansgrohe-russia.ru/smesiteli/termostaticheskie-smesiteli-dlya-dusha?v=1,Душ с термостатом Hansgrohe,Сантехника Hansgrohe в официальном магазине. Гарантия до 5 лет. Доставка - 0 ₽!,,,,,,,
https://hansgrohe-russia.ru/smesiteli/termostaticheskie-smesiteli-dlya-dusha?v=2,Душевые термостаты Hansgrohe. Официальный магазин,Сантехника Hansgrohe в официальном магазине. Гарантия до 5 лет. Доставка - 0 ₽!,,,,,,,
https://hansgrohe-russia.ru/smesiteli/termostaticheskie-smesiteli-dlya-dusha?v=3,Души с термостатом Hansgrohe. Официальный магазин,Сантехника Hansgrohe в официальном магазине. Гарантия до 5 лет. Доставка - 0 ₽!,,,,,,,
https://hansgrohe-russia.ru/smesiteli/termostaticheskie-smesiteli-dlya-dusha?v=4,Термостатические смесители для душа Hansgrohe,Сантехника Hansgrohe в официальном магазине. Гарантия до 5 лет. Доставка - 0 ₽!,,,,,,,
https://hansgrohe-russia.ru/smesiteli/termostaticheskie-smesiteli-dlya-vanny?v=1,Смесители для ванны с термостатом Hansgrohe. Доставка 0₽,Сантехника Hansgrohe в официальном магазине. Гарантия до 5 лет. Доставка - 0 ₽!,,,,,,,
https://hansgrohe-russia.ru/smesiteli/termostaticheskie-smesiteli-dlya-vanny?v=2,Термостатические смесители для ванны Hansgrohe,Сантехника Hansgrohe в официальном магазине. Гарантия до 5 лет. Доставка - 0 ₽!,,,,,,,
https://hansgrohe-russia.ru/vstraivaemyy-montazh/vstraivaemye-smesiteli-i-termostaty-dlya-dusha,Смесители для душа c термостатом Hansgrohe. Доставка 0₽,Сантехника Hansgrohe в официальном магазине. Гарантия до 5 лет. Доставка - 0 ₽!,,,,,,,
https://hansgrohe-russia.ru/kollektsii/focus/shopby/hg_tip-smesiteli_dlya_kuhonnoy_moyki-smesiteli_dlya_rakoviny-smesitel_dlya_rakoviny_i_gigienicheskiy_dush?v=1#catalog,Hansgrohe для раковины Focus. Официальный магазин,Сантехника Hansgrohe в официальном магазине. Гарантия до 5 лет. Доставка - 0 ₽!,,,,,,,
https://hansgrohe-russia.ru/kollektsii/focus/shopby/hg_tip-smesiteli_dlya_kuhonnoy_moyki-smesiteli_dlya_rakoviny-smesitel_dlya_rakoviny_i_gigienicheskiy_dush?v=2#catalog,Hansgrohe для раковины Focus E2. Официальный магазин,Сантехника Hansgrohe в официальном магазине. Гарантия до 5 лет. Доставка - 0 ₽!,,,,,,,
https://hansgrohe-russia.ru/kollektsii/logis-1/shopby/hg_kollektsii-logis_e/hg_tip-smesiteli_dlya_rakoviny#catalog,Hansgrohe для раковины Logis E. Официальный магазин,Сантехника Hansgrohe в официальном магазине. Гарантия до 5 лет. Доставка - 0 ₽!,,,,,,,
https://hansgrohe-russia.ru/kollektsii/metris-1/shopby/hg_tip-smesiteli_dlya_rakoviny-smesiteli_dlya_kuhonnoy_moyki-smesitel_dlya_rakoviny_i_gigienicheskiy_dush/hg_kollektsii-metris_s#catalog,Hansgrohe для раковины Metris S. Официальный магазин,Сантехника Hansgrohe в официальном магазине. Гарантия до 5 лет. Доставка - 0 ₽!,,,,,,,
https://hansgrohe-russia.ru/kollektsii/metris-1/shopby/hg_tip-smesiteli_dlya_rakoviny-smesiteli_dlya_kuhonnoy_moyki-smesitel_dlya_rakoviny_i_gigienicheskiy_dush#catalog,Hansgrohe для раковины Metris. Официальный магазин,Сантехника Hansgrohe в официальном магазине. Гарантия до 5 лет. Доставка - 0 ₽!,,,,,,,
https://hansgrohe-russia.ru/kollektsii/finoris?utm_medium=cpc&utm_source=ya_direct&utm_campaign={campaign_name}|{campaign_id}&utm_term={keyword}&utm_content=k50id|01000000{phrase_id}_{retargeting_id}|cid|{campaign_id}|gid|{gbid}|aid|{ad_id}|adp|{addphrases}|pos|{position_type}{position}|src|{source_type}_{source}|dvc|{device_type}|dop_0&k50id=01000000{phrase_id}_{retargeting_id}&cm_id={campaign_id}_{gbid}_{banner_id}_{phrase_id}_{retargeting_id}_{source}_{source_type}_{campaign_type}_{addphrases}_{device_type}_{position_type}_{region_id}&region={region_id}&region_name={region_name}&v=1,Смесители Hansrohe Finoris. Доставка по всей России!,Покупайте оригинальные смесители от бренда Hansgrohe с гарантией производителя!,,,,,,,
https://hansgrohe-russia.ru/kollektsii/finoris?utm_medium=cpc&utm_source=ya_direct&utm_campaign={campaign_name}|{campaign_id}&utm_term={keyword}&utm_content=k50id|01000000{phrase_id}_{retargeting_id}|cid|{campaign_id}|gid|{gbid}|aid|{ad_id}|adp|{addphrases}|pos|{position_type}{position}|src|{source_type}_{source}|dvc|{device_type}|dop_0&k50id=01000000{phrase_id}_{retargeting_id}&cm_id={campaign_id}_{gbid}_{banner_id}_{phrase_id}_{retargeting_id}_{source}_{source_type}_{campaign_type}_{addphrases}_{device_type}_{position_type}_{region_id}&region={region_id}&region_name={region_name}&v=2,Смесители Hansrohe Finoris,Оригинальные смесители Hansgrohe. Бесплатная доставка. Покупайте!,,,,,,,
https://hansgrohe-russia.ru/kollektsii/finoris?utm_medium=cpc&utm_source=ya_direct&utm_campaign={campaign_name}|{campaign_id}&utm_term={keyword}&utm_content=k50id|01000000{phrase_id}_{retargeting_id}|cid|{campaign_id}|gid|{gbid}|aid|{ad_id}|adp|{addphrases}|pos|{position_type}{position}|src|{source_type}_{source}|dvc|{device_type}|dop_0&k50id=01000000{phrase_id}_{retargeting_id}&cm_id={campaign_id}_{gbid}_{banner_id}_{phrase_id}_{retargeting_id}_{source}_{source_type}_{campaign_type}_{addphrases}_{device_type}_{position_type}_{region_id}&region={region_id}&region_name={region_name}&v=3,Смесители Hansrohe Finoris. Оригинальная продукция,Приобретайте смесители Hansgrohe с официальной гарантией. Доставка 0 руб!,,,,,,,
https://hansgrohe-russia.ru/kollektsii/finoris?utm_medium=cpc&utm_source=ya_direct&utm_campaign={campaign_name}|{campaign_id}&utm_term={keyword}&utm_content=k50id|01000000{phrase_id}_{retargeting_id}|cid|{campaign_id}|gid|{gbid}|aid|{ad_id}|adp|{addphrases}|pos|{position_type}{position}|src|{source_type}_{source}|dvc|{device_type}|dop_0&k50id=01000000{phrase_id}_{retargeting_id}&cm_id={campaign_id}_{gbid}_{banner_id}_{phrase_id}_{retargeting_id}_{source}_{source_type}_{campaign_type}_{addphrases}_{device_type}_{position_type}_{region_id}&region={region_id}&region_name={region_name}&v=4,Смесители Hansrohe Finoris. Суперцены каждый день!,Оригинальные смесители Hansgrohe. Скидка 5% на покупку. Переходите на сайт!,,,,,,,
https://hansgrohe-russia.ru/kollektsii/talis-1/shopby/hg_kollektsii-talis_e-talis_select_e/hg_poverkhnost-matovyy_chernyy-shlifovannyy_chernyy_hrom?v=1#catalog?utm_medium=cpc&utm_source=ya_direct&utm_campaign={campaign_name}|{campaign_id}&utm_term={keyword}&utm_content=k50id|01000000{phrase_id}_{retargeting_id}|cid|{campaign_id}|gid|{gbid}|aid|{ad_id}|adp|{addphrases}|pos|{position_type}{position}|src|{source_type}_{source}|dvc|{device_type}|dop_0&k50id=01000000{phrase_id}_{retargeting_id}&cm_id={campaign_id}_{gbid}_{banner_id}_{phrase_id}_{retargeting_id}_{source}_{source_type}_{campaign_type}_{addphrases}_{device_type}_{position_type}_{region_id}&region={region_id}&region_name={region_name},Смесители Hansgrohe Talis E черного цвета,Покупайте оригинальные смесители от бренда Hansgrohe с гарантией производителя!,,,,,,,
https://hansgrohe-russia.ru/kollektsii/talis-1/shopby/hg_kollektsii-talis_e-talis_select_e/hg_poverkhnost-matovyy_chernyy-shlifovannyy_chernyy_hrom?v=2#catalog?utm_medium=cpc&utm_source=ya_direct&utm_campaign={campaign_name}|{campaign_id}&utm_term={keyword}&utm_content=k50id|01000000{phrase_id}_{retargeting_id}|cid|{campaign_id}|gid|{gbid}|aid|{ad_id}|adp|{addphrases}|pos|{position_type}{position}|src|{source_type}_{source}|dvc|{device_type}|dop_0&k50id=01000000{phrase_id}_{retargeting_id}&cm_id={campaign_id}_{gbid}_{banner_id}_{phrase_id}_{retargeting_id}_{source}_{source_type}_{campaign_type}_{addphrases}_{device_type}_{position_type}_{region_id}&region={region_id}&region_name={region_name},Смесители Hansgrohe Talis E черного цвета,Оригинальные смесители Hansgrohe. Бесплатная доставка. Покупайте!,,,,,,,
https://hansgrohe-russia.ru/kollektsii/talis-1/shopby/hg_kollektsii-talis_e-talis_select_e/hg_poverkhnost-matovyy_chernyy-shlifovannyy_chernyy_hrom?v=3#catalog?utm_medium=cpc&utm_source=ya_direct&utm_campaign={campaign_name}|{campaign_id}&utm_term={keyword}&utm_content=k50id|01000000{phrase_id}_{retargeting_id}|cid|{campaign_id}|gid|{gbid}|aid|{ad_id}|adp|{addphrases}|pos|{position_type}{position}|src|{source_type}_{source}|dvc|{device_type}|dop_0&k50id=01000000{phrase_id}_{retargeting_id}&cm_id={campaign_id}_{gbid}_{banner_id}_{phrase_id}_{retargeting_id}_{source}_{source_type}_{campaign_type}_{addphrases}_{device_type}_{position_type}_{region_id}&region={region_id}&region_name={region_name},Смесители Hansgrohe Talis E черного цвета,Приобретайте смесители Hansgrohe с официальной гарантией. Доставка 0 руб!,,,,,,,
https://hansgrohe-russia.ru/kollektsii/talis-1/shopby/hg_kollektsii-talis_e-talis_select_e/hg_poverkhnost-matovyy_chernyy-shlifovannyy_chernyy_hrom?v=4#catalog?utm_medium=cpc&utm_source=ya_direct&utm_campaign={campaign_name}|{campaign_id}&utm_term={keyword}&utm_content=k50id|01000000{phrase_id}_{retargeting_id}|cid|{campaign_id}|gid|{gbid}|aid|{ad_id}|adp|{addphrases}|pos|{position_type}{position}|src|{source_type}_{source}|dvc|{device_type}|dop_0&k50id=01000000{phrase_id}_{retargeting_id}&cm_id={campaign_id}_{gbid}_{banner_id}_{phrase_id}_{retargeting_id}_{source}_{source_type}_{campaign_type}_{addphrases}_{device_type}_{position_type}_{region_id}&region={region_id}&region_name={region_name},Смесители Hansgrohe Talis E черного цвета,Оригинальные смесители Hansgrohe. Скидка 5% на покупку. Переходите на сайт!,,,,,,,
https://hansgrohe-russia.ru/kollektsii/talis-1/shopby/hg_kollektsii-talis_e-talis_select_e?v=1#catalog?utm_medium=cpc&utm_source=ya_direct&utm_campaign={campaign_name}|{campaign_id}&utm_term={keyword}&utm_content=k50id|01000000{phrase_id}_{retargeting_id}|cid|{campaign_id}|gid|{gbid}|aid|{ad_id}|adp|{addphrases}|pos|{position_type}{position}|src|{source_type}_{source}|dvc|{device_type}|dop_0&k50id=01000000{phrase_id}_{retargeting_id}&cm_id={campaign_id}_{gbid}_{banner_id}_{phrase_id}_{retargeting_id}_{source}_{source_type}_{campaign_type}_{addphrases}_{device_type}_{position_type}_{region_id}&region={region_id}&region_name={region_name},Смесители Hansgrohe Talis E. Доставка по всей России!,Покупайте оригинальные смесители от бренда Hansgrohe с гарантией производителя!,,,,,,,
https://hansgrohe-russia.ru/kollektsii/talis-1/shopby/hg_kollektsii-talis_e-talis_select_e?v=2#catalog?utm_medium=cpc&utm_source=ya_direct&utm_campaign={campaign_name}|{campaign_id}&utm_term={keyword}&utm_content=k50id|01000000{phrase_id}_{retargeting_id}|cid|{campaign_id}|gid|{gbid}|aid|{ad_id}|adp|{addphrases}|pos|{position_type}{position}|src|{source_type}_{source}|dvc|{device_type}|dop_0&k50id=01000000{phrase_id}_{retargeting_id}&cm_id={campaign_id}_{gbid}_{banner_id}_{phrase_id}_{retargeting_id}_{source}_{source_type}_{campaign_type}_{addphrases}_{device_type}_{position_type}_{region_id}&region={region_id}&region_name={region_name},Смесители Hansgrohe Talis E,Оригинальные смесители Hansgrohe. Бесплатная доставка. Покупайте!,,,,,,,
https://hansgrohe-russia.ru/kollektsii/talis-1/shopby/hg_kollektsii-talis_e-talis_select_e?v=3#catalog?utm_medium=cpc&utm_source=ya_direct&utm_campaign={campaign_name}|{campaign_id}&utm_term={keyword}&utm_content=k50id|01000000{phrase_id}_{retargeting_id}|cid|{campaign_id}|gid|{gbid}|aid|{ad_id}|adp|{addphrases}|pos|{position_type}{position}|src|{source_type}_{source}|dvc|{device_type}|dop_0&k50id=01000000{phrase_id}_{retargeting_id}&cm_id={campaign_id}_{gbid}_{banner_id}_{phrase_id}_{retargeting_id}_{source}_{source_type}_{campaign_type}_{addphrases}_{device_type}_{position_type}_{region_id}&region={region_id}&region_name={region_name},Смесители Hansgrohe Talis E. Оригинальная продукция,Приобретайте смесители Hansgrohe с официальной гарантией. Доставка 0 руб!,,,,,,,
https://hansgrohe-russia.ru/kollektsii/talis-1/shopby/hg_kollektsii-talis_e-talis_select_e?v=4#catalog?utm_medium=cpc&utm_source=ya_direct&utm_campaign={campaign_name}|{campaign_id}&utm_term={keyword}&utm_content=k50id|01000000{phrase_id}_{retargeting_id}|cid|{campaign_id}|gid|{gbid}|aid|{ad_id}|adp|{addphrases}|pos|{position_type}{position}|src|{source_type}_{source}|dvc|{device_type}|dop_0&k50id=01000000{phrase_id}_{retargeting_id}&cm_id={campaign_id}_{gbid}_{banner_id}_{phrase_id}_{retargeting_id}_{source}_{source_type}_{campaign_type}_{addphrases}_{device_type}_{position_type}_{region_id}&region={region_id}&region_name={region_name},Смесители Hansgrohe Talis E. Суперцены каждый день!,Оригинальные смесители Hansgrohe. Скидка 5% на покупку. Переходите на сайт!,,,,,,,
https://hansgrohe-russia.ru/kollektsii/talis-1/shopby/hg_kollektsii-talis_e-talis_select_e?v=5#catalog?utm_medium=cpc&utm_source=ya_direct&utm_campaign={campaign_name}|{campaign_id}&utm_term={keyword}&utm_content=k50id|01000000{phrase_id}_{retargeting_id}|cid|{campaign_id}|gid|{gbid}|aid|{ad_id}|adp|{addphrases}|pos|{position_type}{position}|src|{source_type}_{source}|dvc|{device_type}|dop_0&k50id=01000000{phrase_id}_{retargeting_id}&cm_id={campaign_id}_{gbid}_{banner_id}_{phrase_id}_{retargeting_id}_{source}_{source_type}_{campaign_type}_{addphrases}_{device_type}_{position_type}_{region_id}&region={region_id}&region_name={region_name},Смесители Hansgrohe Talis E 110,Покупайте оригинальные смесители от бренда Hansgrohe с гарантией производителя!,,,,,,,
https://hansgrohe-russia.ru/kollektsii/talis-1/shopby/hg_kollektsii-talis_e-talis_select_e?v=6#catalog?utm_medium=cpc&utm_source=ya_direct&utm_campaign={campaign_name}|{campaign_id}&utm_term={keyword}&utm_content=k50id|01000000{phrase_id}_{retargeting_id}|cid|{campaign_id}|gid|{gbid}|aid|{ad_id}|adp|{addphrases}|pos|{position_type}{position}|src|{source_type}_{source}|dvc|{device_type}|dop_0&k50id=01000000{phrase_id}_{retargeting_id}&cm_id={campaign_id}_{gbid}_{banner_id}_{phrase_id}_{retargeting_id}_{source}_{source_type}_{campaign_type}_{addphrases}_{device_type}_{position_type}_{region_id}&region={region_id}&region_name={region_name},Смесители Hansgrohe Talis E 110,Оригинальные смесители Hansgrohe. Бесплатная доставка. Покупайте!,,,,,,,
https://hansgrohe-russia.ru/kollektsii/talis-1/shopby/hg_kollektsii-talis_e-talis_select_e?v=7#catalog?utm_medium=cpc&utm_source=ya_direct&utm_campaign={campaign_name}|{campaign_id}&utm_term={keyword}&utm_content=k50id|01000000{phrase_id}_{retargeting_id}|cid|{campaign_id}|gid|{gbid}|aid|{ad_id}|adp|{addphrases}|pos|{position_type}{position}|src|{source_type}_{source}|dvc|{device_type}|dop_0&k50id=01000000{phrase_id}_{retargeting_id}&cm_id={campaign_id}_{gbid}_{banner_id}_{phrase_id}_{retargeting_id}_{source}_{source_type}_{campaign_type}_{addphrases}_{device_type}_{position_type}_{region_id}&region={region_id}&region_name={region_name},Смесители Hansgrohe Talis E 110. Оригинальная продукция,Приобретайте смесители Hansgrohe с официальной гарантией. Доставка 0 руб!,,,,,,,
https://hansgrohe-russia.ru/kollektsii/talis-1/shopby/hg_kollektsii-talis_e-talis_select_e?v=8#catalog?utm_medium=cpc&utm_source=ya_direct&utm_campaign={campaign_name}|{campaign_id}&utm_term={keyword}&utm_content=k50id|01000000{phrase_id}_{retargeting_id}|cid|{campaign_id}|gid|{gbid}|aid|{ad_id}|adp|{addphrases}|pos|{position_type}{position}|src|{source_type}_{source}|dvc|{device_type}|dop_0&k50id=01000000{phrase_id}_{retargeting_id}&cm_id={campaign_id}_{gbid}_{banner_id}_{phrase_id}_{retargeting_id}_{source}_{source_type}_{campaign_type}_{addphrases}_{device_type}_{position_type}_{region_id}&region={region_id}&region_name={region_name},Смесители Hansgrohe Talis E 110. Суперцены каждый день!,Оригинальные смесители Hansgrohe. Скидка 5% на покупку. Переходите на сайт!,,,,,,,
https://hansgrohe-russia.ru/kollektsii/talis-1/shopby/hg_kollektsii-talis_s-talis_select_s?v=1#catalog?utm_medium=cpc&utm_source=ya_direct&utm_campaign={campaign_name}|{campaign_id}&utm_term={keyword}&utm_content=k50id|01000000{phrase_id}_{retargeting_id}|cid|{campaign_id}|gid|{gbid}|aid|{ad_id}|adp|{addphrases}|pos|{position_type}{position}|src|{source_type}_{source}|dvc|{device_type}|dop_0&k50id=01000000{phrase_id}_{retargeting_id}&cm_id={campaign_id}_{gbid}_{banner_id}_{phrase_id}_{retargeting_id}_{source}_{source_type}_{campaign_type}_{addphrases}_{device_type}_{position_type}_{region_id}&region={region_id}&region_name={region_name},Смесители Hansgrohe Talis S. Доставка по всей России!,Покупайте оригинальные смесители от бренда Hansgrohe с гарантией производителя!,,,,,,,
https://hansgrohe-russia.ru/kollektsii/talis-1/shopby/hg_kollektsii-talis_s-talis_select_s?v=2#catalog?utm_medium=cpc&utm_source=ya_direct&utm_campaign={campaign_name}|{campaign_id}&utm_term={keyword}&utm_content=k50id|01000000{phrase_id}_{retargeting_id}|cid|{campaign_id}|gid|{gbid}|aid|{ad_id}|adp|{addphrases}|pos|{position_type}{position}|src|{source_type}_{source}|dvc|{device_type}|dop_0&k50id=01000000{phrase_id}_{retargeting_id}&cm_id={campaign_id}_{gbid}_{banner_id}_{phrase_id}_{retargeting_id}_{source}_{source_type}_{campaign_type}_{addphrases}_{device_type}_{position_type}_{region_id}&region={region_id}&region_name={region_name},Смесители Hansgrohe Talis S,Оригинальные смесители Hansgrohe. Бесплатная доставка. Покупайте!,,,,,,,
https://hansgrohe-russia.ru/kollektsii/talis-1/shopby/hg_kollektsii-talis_s-talis_select_s?v=3#catalog?utm_medium=cpc&utm_source=ya_direct&utm_campaign={campaign_name}|{campaign_id}&utm_term={keyword}&utm_content=k50id|01000000{phrase_id}_{retargeting_id}|cid|{campaign_id}|gid|{gbid}|aid|{ad_id}|adp|{addphrases}|pos|{position_type}{position}|src|{source_type}_{source}|dvc|{device_type}|dop_0&k50id=01000000{phrase_id}_{retargeting_id}&cm_id={campaign_id}_{gbid}_{banner_id}_{phrase_id}_{retargeting_id}_{source}_{source_type}_{campaign_type}_{addphrases}_{device_type}_{position_type}_{region_id}&region={region_id}&region_name={region_name},Смесители Hansgrohe Talis S. Оригинальная продукция,Приобретайте смесители Hansgrohe с официальной гарантией. Доставка 0 руб!,,,,,,,
https://hansgrohe-russia.ru/kollektsii/talis-1/shopby/hg_kollektsii-talis_s-talis_select_s?v=4#catalog?utm_medium=cpc&utm_source=ya_direct&utm_campaign={campaign_name}|{campaign_id}&utm_term={keyword}&utm_content=k50id|01000000{phrase_id}_{retargeting_id}|cid|{campaign_id}|gid|{gbid}|aid|{ad_id}|adp|{addphrases}|pos|{position_type}{position}|src|{source_type}_{source}|dvc|{device_type}|dop_0&k50id=01000000{phrase_id}_{retargeting_id}&cm_id={campaign_id}_{gbid}_{banner_id}_{phrase_id}_{retargeting_id}_{source}_{source_type}_{campaign_type}_{addphrases}_{device_type}_{position_type}_{region_id}&region={region_id}&region_name={region_name},Смесители Hansgrohe Talis S. Суперцены каждый день!,Оригинальные смесители Hansgrohe. Скидка 5% на покупку. Переходите на сайт!,,,,,,,
https://hansgrohe-russia.ru/kollektsii/talis-1/shopby/hg_kollektsii-talis_s-talis_select_s?v=5#catalog?utm_medium=cpc&utm_source=ya_direct&utm_campaign={campaign_name}|{campaign_id}&utm_term={keyword}&utm_content=k50id|01000000{phrase_id}_{retargeting_id}|cid|{campaign_id}|gid|{gbid}|aid|{ad_id}|adp|{addphrases}|pos|{position_type}{position}|src|{source_type}_{source}|dvc|{device_type}|dop_0&k50id=01000000{phrase_id}_{retargeting_id}&cm_id={campaign_id}_{gbid}_{banner_id}_{phrase_id}_{retargeting_id}_{source}_{source_type}_{campaign_type}_{addphrases}_{device_type}_{position_type}_{region_id}&region={region_id}&region_name={region_name},Смесители Hansgrohe Talis S2. Доставка по всей России!,Покупайте оригинальные смесители от бренда Hansgrohe с гарантией производителя!,,,,,,,
https://hansgrohe-russia.ru/kollektsii/talis-1/shopby/hg_kollektsii-talis_s-talis_select_s?v=6#catalog?utm_medium=cpc&utm_source=ya_direct&utm_campaign={campaign_name}|{campaign_id}&utm_term={keyword}&utm_content=k50id|01000000{phrase_id}_{retargeting_id}|cid|{campaign_id}|gid|{gbid}|aid|{ad_id}|adp|{addphrases}|pos|{position_type}{position}|src|{source_type}_{source}|dvc|{device_type}|dop_0&k50id=01000000{phrase_id}_{retargeting_id}&cm_id={campaign_id}_{gbid}_{banner_id}_{phrase_id}_{retargeting_id}_{source}_{source_type}_{campaign_type}_{addphrases}_{device_type}_{position_type}_{region_id}&region={region_id}&region_name={region_name},Смесители Hansgrohe Talis S2,Оригинальные смесители Hansgrohe. Бесплатная доставка. Покупайте!,,,,,,,
https://hansgrohe-russia.ru/kollektsii/talis-1/shopby/hg_kollektsii-talis_s-talis_select_s?v=7#catalog?utm_medium=cpc&utm_source=ya_direct&utm_campaign={campaign_name}|{campaign_id}&utm_term={keyword}&utm_content=k50id|01000000{phrase_id}_{retargeting_id}|cid|{campaign_id}|gid|{gbid}|aid|{ad_id}|adp|{addphrases}|pos|{position_type}{position}|src|{source_type}_{source}|dvc|{device_type}|dop_0&k50id=01000000{phrase_id}_{retargeting_id}&cm_id={campaign_id}_{gbid}_{banner_id}_{phrase_id}_{retargeting_id}_{source}_{source_type}_{campaign_type}_{addphrases}_{device_type}_{position_type}_{region_id}&region={region_id}&region_name={region_name},Смесители Hansgrohe Talis S2. Оригинальная продукция,Приобретайте смесители Hansgrohe с официальной гарантией. Доставка 0 руб!,,,,,,,
https://hansgrohe-russia.ru/kollektsii/talis-1/shopby/hg_kollektsii-talis_s-talis_select_s?v=8#catalog?utm_medium=cpc&utm_source=ya_direct&utm_campaign={campaign_name}|{campaign_id}&utm_term={keyword}&utm_content=k50id|01000000{phrase_id}_{retargeting_id}|cid|{campaign_id}|gid|{gbid}|aid|{ad_id}|adp|{addphrases}|pos|{position_type}{position}|src|{source_type}_{source}|dvc|{device_type}|dop_0&k50id=01000000{phrase_id}_{retargeting_id}&cm_id={campaign_id}_{gbid}_{banner_id}_{phrase_id}_{retargeting_id}_{source}_{source_type}_{campaign_type}_{addphrases}_{device_type}_{position_type}_{region_id}&region={region_id}&region_name={region_name},Смесители Hansgrohe Talis S2. Суперцены каждый день!,Оригинальные смесители Hansgrohe. Скидка 5% на покупку. Переходите на сайт!,,,,,,,
https://hansgrohe-russia.ru/kollektsii/talis-1/shopby/hg_kollektsii-talis_select_e?v=1#catalog?utm_medium=cpc&utm_source=ya_direct&utm_campaign={campaign_name}|{campaign_id}&utm_term={keyword}&utm_content=k50id|01000000{phrase_id}_{retargeting_id}|cid|{campaign_id}|gid|{gbid}|aid|{ad_id}|adp|{addphrases}|pos|{position_type}{position}|src|{source_type}_{source}|dvc|{device_type}|dop_0&k50id=01000000{phrase_id}_{retargeting_id}&cm_id={campaign_id}_{gbid}_{banner_id}_{phrase_id}_{retargeting_id}_{source}_{source_type}_{campaign_type}_{addphrases}_{device_type}_{position_type}_{region_id}&region={region_id}&region_name={region_name},Смесители Hansgrohe Talis Select E,Покупайте оригинальные смесители от бренда Hansgrohe с гарантией производителя!,,,,,,,
https://hansgrohe-russia.ru/kollektsii/talis-1/shopby/hg_kollektsii-talis_select_e?v=2#catalog?utm_medium=cpc&utm_source=ya_direct&utm_campaign={campaign_name}|{campaign_id}&utm_term={keyword}&utm_content=k50id|01000000{phrase_id}_{retargeting_id}|cid|{campaign_id}|gid|{gbid}|aid|{ad_id}|adp|{addphrases}|pos|{position_type}{position}|src|{source_type}_{source}|dvc|{device_type}|dop_0&k50id=01000000{phrase_id}_{retargeting_id}&cm_id={campaign_id}_{gbid}_{banner_id}_{phrase_id}_{retargeting_id}_{source}_{source_type}_{campaign_type}_{addphrases}_{device_type}_{position_type}_{region_id}&region={region_id}&region_name={region_name},Смесители Hansgrohe Talis Select E,Оригинальные смесители Hansgrohe. Бесплатная доставка. Покупайте!,,,,,,,
https://hansgrohe-russia.ru/kollektsii/talis-1/shopby/hg_kollektsii-talis_select_e?v=3#catalog?utm_medium=cpc&utm_source=ya_direct&utm_campaign={campaign_name}|{campaign_id}&utm_term={keyword}&utm_content=k50id|01000000{phrase_id}_{retargeting_id}|cid|{campaign_id}|gid|{gbid}|aid|{ad_id}|adp|{addphrases}|pos|{position_type}{position}|src|{source_type}_{source}|dvc|{device_type}|dop_0&k50id=01000000{phrase_id}_{retargeting_id}&cm_id={campaign_id}_{gbid}_{banner_id}_{phrase_id}_{retargeting_id}_{source}_{source_type}_{campaign_type}_{addphrases}_{device_type}_{position_type}_{region_id}&region={region_id}&region_name={region_name},Смесители Hansgrohe Talis Select E,Приобретайте смесители Hansgrohe с официальной гарантией. Доставка 0 руб!,,,,,,,
https://hansgrohe-russia.ru/kollektsii/talis-1/shopby/hg_kollektsii-talis_select_e?v=4#catalog?utm_medium=cpc&utm_source=ya_direct&utm_campaign={campaign_name}|{campaign_id}&utm_term={keyword}&utm_content=k50id|01000000{phrase_id}_{retargeting_id}|cid|{campaign_id}|gid|{gbid}|aid|{ad_id}|adp|{addphrases}|pos|{position_type}{position}|src|{source_type}_{source}|dvc|{device_type}|dop_0&k50id=01000000{phrase_id}_{retargeting_id}&cm_id={campaign_id}_{gbid}_{banner_id}_{phrase_id}_{retargeting_id}_{source}_{source_type}_{campaign_type}_{addphrases}_{device_type}_{position_type}_{region_id}&region={region_id}&region_name={region_name},Смесители Hansgrohe Talis Select E,Оригинальные смесители Hansgrohe. Скидка 5% на покупку. Переходите на сайт!,,,,,,,
https://hansgrohe-russia.ru/smesiteli?utm_medium=cpc&utm_source=ya_direct&utm_campaign={campaign_name}|{campaign_id}&utm_term={keyword}&utm_content=k50id|01000000{phrase_id}_{retargeting_id}|cid|{campaign_id}|gid|{gbid}|aid|{ad_id}|adp|{addphrases}|pos|{position_type}{position}|src|{source_type}_{source}|dvc|{device_type}|dop_0&k50id=01000000{phrase_id}_{retargeting_id}&cm_id={campaign_id}_{gbid}_{banner_id}_{phrase_id}_{retargeting_id}_{source}_{source_type}_{campaign_type}_{addphrases}_{device_type}_{position_type}_{region_id}&region={region_id}&region_name={region_name}&v=1,Смесители Hansgrohe Select. Доставка по всей России!,Покупайте оригинальные смесители от бренда Hansgrohe с гарантией производителя!,,,,,,,
https://hansgrohe-russia.ru/smesiteli?utm_medium=cpc&utm_source=ya_direct&utm_campaign={campaign_name}|{campaign_id}&utm_term={keyword}&utm_content=k50id|01000000{phrase_id}_{retargeting_id}|cid|{campaign_id}|gid|{gbid}|aid|{ad_id}|adp|{addphrases}|pos|{position_type}{position}|src|{source_type}_{source}|dvc|{device_type}|dop_0&k50id=01000000{phrase_id}_{retargeting_id}&cm_id={campaign_id}_{gbid}_{banner_id}_{phrase_id}_{retargeting_id}_{source}_{source_type}_{campaign_type}_{addphrases}_{device_type}_{position_type}_{region_id}&region={region_id}&region_name={region_name}&v=2,Смесители Hansgrohe Select,Оригинальные смесители Hansgrohe. Бесплатная доставка. Покупайте!,,,,,,,
https://hansgrohe-russia.ru/smesiteli?utm_medium=cpc&utm_source=ya_direct&utm_campaign={campaign_name}|{campaign_id}&utm_term={keyword}&utm_content=k50id|01000000{phrase_id}_{retargeting_id}|cid|{campaign_id}|gid|{gbid}|aid|{ad_id}|adp|{addphrases}|pos|{position_type}{position}|src|{source_type}_{source}|dvc|{device_type}|dop_0&k50id=01000000{phrase_id}_{retargeting_id}&cm_id={campaign_id}_{gbid}_{banner_id}_{phrase_id}_{retargeting_id}_{source}_{source_type}_{campaign_type}_{addphrases}_{device_type}_{position_type}_{region_id}&region={region_id}&region_name={region_name}&v=3,Смесители Hansgrohe Select. Оригинальная продукция,Приобретайте смесители Hansgrohe с официальной гарантией. Доставка 0 руб!,,,,,,,
https://hansgrohe-russia.ru/smesiteli?utm_medium=cpc&utm_source=ya_direct&utm_campaign={campaign_name}|{campaign_id}&utm_term={keyword}&utm_content=k50id|01000000{phrase_id}_{retargeting_id}|cid|{campaign_id}|gid|{gbid}|aid|{ad_id}|adp|{addphrases}|pos|{position_type}{position}|src|{source_type}_{source}|dvc|{device_type}|dop_0&k50id=01000000{phrase_id}_{retargeting_id}&cm_id={campaign_id}_{gbid}_{banner_id}_{phrase_id}_{retargeting_id}_{source}_{source_type}_{campaign_type}_{addphrases}_{device_type}_{position_type}_{region_id}&region={region_id}&region_name={region_name}&v=4,Смесители Hansgrohe Select. Суперцены каждый день!,Оригинальные смесители Hansgrohe. Скидка 5% на покупку. Переходите на сайт!,,,,,,,
https://hansgrohe-russia.ru/smesiteli/shopby/hg_kollektsii-talis_select_e?v=1#catalog?utm_medium=cpc&utm_source=ya_direct&utm_campaign={campaign_name}|{campaign_id}&utm_term={keyword}&utm_content=k50id|01000000{phrase_id}_{retargeting_id}|cid|{campaign_id}|gid|{gbid}|aid|{ad_id}|adp|{addphrases}|pos|{position_type}{position}|src|{source_type}_{source}|dvc|{device_type}|dop_0&k50id=01000000{phrase_id}_{retargeting_id}&cm_id={campaign_id}_{gbid}_{banner_id}_{phrase_id}_{retargeting_id}_{source}_{source_type}_{campaign_type}_{addphrases}_{device_type}_{position_type}_{region_id}&region={region_id}&region_name={region_name},Смесители Hansgrohe Select E. Доставка по всей России!,Покупайте оригинальные смесители от бренда Hansgrohe с гарантией производителя!,,,,,,,
https://hansgrohe-russia.ru/smesiteli/shopby/hg_kollektsii-talis_select_e?v=2#catalog?utm_medium=cpc&utm_source=ya_direct&utm_campaign={campaign_name}|{campaign_id}&utm_term={keyword}&utm_content=k50id|01000000{phrase_id}_{retargeting_id}|cid|{campaign_id}|gid|{gbid}|aid|{ad_id}|adp|{addphrases}|pos|{position_type}{position}|src|{source_type}_{source}|dvc|{device_type}|dop_0&k50id=01000000{phrase_id}_{retargeting_id}&cm_id={campaign_id}_{gbid}_{banner_id}_{phrase_id}_{retargeting_id}_{source}_{source_type}_{campaign_type}_{addphrases}_{device_type}_{position_type}_{region_id}&region={region_id}&region_name={region_name},Смесители Hansgrohe Select E,Оригинальные смесители Hansgrohe. Бесплатная доставка. Покупайте!,,,,,,,
https://hansgrohe-russia.ru/smesiteli/shopby/hg_kollektsii-talis_select_e?v=3#catalog?utm_medium=cpc&utm_source=ya_direct&utm_campaign={campaign_name}|{campaign_id}&utm_term={keyword}&utm_content=k50id|01000000{phrase_id}_{retargeting_id}|cid|{campaign_id}|gid|{gbid}|aid|{ad_id}|adp|{addphrases}|pos|{position_type}{position}|src|{source_type}_{source}|dvc|{device_type}|dop_0&k50id=01000000{phrase_id}_{retargeting_id}&cm_id={campaign_id}_{gbid}_{banner_id}_{phrase_id}_{retargeting_id}_{source}_{source_type}_{campaign_type}_{addphrases}_{device_type}_{position_type}_{region_id}&region={region_id}&region_name={region_name},Смесители Hansgrohe Select E. Оригинальная продукция,Приобретайте смесители Hansgrohe с официальной гарантией. Доставка 0 руб!,,,,,,,
https://hansgrohe-russia.ru/smesiteli/shopby/hg_kollektsii-talis_select_e?v=4#catalog?utm_medium=cpc&utm_source=ya_direct&utm_campaign={campaign_name}|{campaign_id}&utm_term={keyword}&utm_content=k50id|01000000{phrase_id}_{retargeting_id}|cid|{campaign_id}|gid|{gbid}|aid|{ad_id}|adp|{addphrases}|pos|{position_type}{position}|src|{source_type}_{source}|dvc|{device_type}|dop_0&k50id=01000000{phrase_id}_{retargeting_id}&cm_id={campaign_id}_{gbid}_{banner_id}_{phrase_id}_{retargeting_id}_{source}_{source_type}_{campaign_type}_{addphrases}_{device_type}_{position_type}_{region_id}&region={region_id}&region_name={region_name},Смесители Hansgrohe Select E. Суперцены каждый день!,Оригинальные смесители Hansgrohe. Скидка 5% на покупку. Переходите на сайт!,,,,,,,
https://hansgrohe-russia.ru/kollektsii/talis-1/shopby/hg_kollektsii-talis_select_s?utm_medium=cpc&utm_source=ya_direct&utm_campaign={campaign_name}|{campaign_id}&utm_term={keyword}&utm_content=k50id|01000000{phrase_id}_{retargeting_id}|cid|{campaign_id}|gid|{gbid}|aid|{ad_id}|adp|{addphrases}|pos|{position_type}{position}|src|{source_type}_{source}|dvc|{device_type}|dop_0&k50id=01000000{phrase_id}_{retargeting_id}&cm_id={campaign_id}_{gbid}_{banner_id}_{phrase_id}_{retargeting_id}_{source}_{source_type}_{campaign_type}_{addphrases}_{device_type}_{position_type}_{region_id}&region={region_id}&region_name={region_name}&v=1,Смесители Hansgrohe Talis Select S,Покупайте оригинальные смесители от бренда Hansgrohe с гарантией производителя!,,,,,,,
https://hansgrohe-russia.ru/kollektsii/talis-1/shopby/hg_kollektsii-talis_select_s?utm_medium=cpc&utm_source=ya_direct&utm_campaign={campaign_name}|{campaign_id}&utm_term={keyword}&utm_content=k50id|01000000{phrase_id}_{retargeting_id}|cid|{campaign_id}|gid|{gbid}|aid|{ad_id}|adp|{addphrases}|pos|{position_type}{position}|src|{source_type}_{source}|dvc|{device_type}|dop_0&k50id=01000000{phrase_id}_{retargeting_id}&cm_id={campaign_id}_{gbid}_{banner_id}_{phrase_id}_{retargeting_id}_{source}_{source_type}_{campaign_type}_{addphrases}_{device_type}_{position_type}_{region_id}&region={region_id}&region_name={region_name}&v=2,Смесители Hansgrohe Talis Select S,Оригинальные смесители Hansgrohe. Бесплатная доставка. Покупайте!,,,,,,,
https://hansgrohe-russia.ru/kollektsii/talis-1/shopby/hg_kollektsii-talis_select_s?utm_medium=cpc&utm_source=ya_direct&utm_campaign={campaign_name}|{campaign_id}&utm_term={keyword}&utm_content=k50id|01000000{phrase_id}_{retargeting_id}|cid|{campaign_id}|gid|{gbid}|aid|{ad_id}|adp|{addphrases}|pos|{position_type}{position}|src|{source_type}_{source}|dvc|{device_type}|dop_0&k50id=01000000{phrase_id}_{retargeting_id}&cm_id={campaign_id}_{gbid}_{banner_id}_{phrase_id}_{retargeting_id}_{source}_{source_type}_{campaign_type}_{addphrases}_{device_type}_{position_type}_{region_id}&region={region_id}&region_name={region_name}&v=3,Смесители Hansgrohe Talis Select S,Приобретайте смесители Hansgrohe с официальной гарантией. Доставка 0 руб!,,,,,,,
https://hansgrohe-russia.ru/kollektsii/talis-1/shopby/hg_kollektsii-talis_select_s?utm_medium=cpc&utm_source=ya_direct&utm_campaign={campaign_name}|{campaign_id}&utm_term={keyword}&utm_content=k50id|01000000{phrase_id}_{retargeting_id}|cid|{campaign_id}|gid|{gbid}|aid|{ad_id}|adp|{addphrases}|pos|{position_type}{position}|src|{source_type}_{source}|dvc|{device_type}|dop_0&k50id=01000000{phrase_id}_{retargeting_id}&cm_id={campaign_id}_{gbid}_{banner_id}_{phrase_id}_{retargeting_id}_{source}_{source_type}_{campaign_type}_{addphrases}_{device_type}_{position_type}_{region_id}&region={region_id}&region_name={region_name}&v=4,Смесители Hansgrohe Talis Select S,Оригинальные смесители Hansgrohe. Скидка 5% на покупку. Переходите на сайт!,,,,,,,
https://hansgrohe-russia.ru/kollektsii/talis-1/shopby/hg_kollektsii-talis_select_s-talis_select_e?v=1#catalog?utm_medium=cpc&utm_source=ya_direct&utm_campaign={campaign_name}|{campaign_id}&utm_term={keyword}&utm_content=k50id|01000000{phrase_id}_{retargeting_id}|cid|{campaign_id}|gid|{gbid}|aid|{ad_id}|adp|{addphrases}|pos|{position_type}{position}|src|{source_type}_{source}|dvc|{device_type}|dop_0&k50id=01000000{phrase_id}_{retargeting_id}&cm_id={campaign_id}_{gbid}_{banner_id}_{phrase_id}_{retargeting_id}_{source}_{source_type}_{campaign_type}_{addphrases}_{device_type}_{position_type}_{region_id}&region={region_id}&region_name={region_name},Смесители Hansgrohe Talis Select,Покупайте оригинальные смесители от бренда Hansgrohe с гарантией производителя!,,,,,,,
https://hansgrohe-russia.ru/kollektsii/talis-1/shopby/hg_kollektsii-talis_select_s-talis_select_e?v=2#catalog?utm_medium=cpc&utm_source=ya_direct&utm_campaign={campaign_name}|{campaign_id}&utm_term={keyword}&utm_content=k50id|01000000{phrase_id}_{retargeting_id}|cid|{campaign_id}|gid|{gbid}|aid|{ad_id}|adp|{addphrases}|pos|{position_type}{position}|src|{source_type}_{source}|dvc|{device_type}|dop_0&k50id=01000000{phrase_id}_{retargeting_id}&cm_id={campaign_id}_{gbid}_{banner_id}_{phrase_id}_{retargeting_id}_{source}_{source_type}_{campaign_type}_{addphrases}_{device_type}_{position_type}_{region_id}&region={region_id}&region_name={region_name},Смесители Hansgrohe Talis Select,Оригинальные смесители Hansgrohe. Бесплатная доставка. Покупайте!,,,,,,,
https://hansgrohe-russia.ru/kollektsii/talis-1/shopby/hg_kollektsii-talis_select_s-talis_select_e?v=3#catalog?utm_medium=cpc&utm_source=ya_direct&utm_campaign={campaign_name}|{campaign_id}&utm_term={keyword}&utm_content=k50id|01000000{phrase_id}_{retargeting_id}|cid|{campaign_id}|gid|{gbid}|aid|{ad_id}|adp|{addphrases}|pos|{position_type}{position}|src|{source_type}_{source}|dvc|{device_type}|dop_0&k50id=01000000{phrase_id}_{retargeting_id}&cm_id={campaign_id}_{gbid}_{banner_id}_{phrase_id}_{retargeting_id}_{source}_{source_type}_{campaign_type}_{addphrases}_{device_type}_{position_type}_{region_id}&region={region_id}&region_name={region_name},Смесители Hansgrohe Talis Select. Оригинальная продукция,Приобретайте смесители Hansgrohe с официальной гарантией. Доставка 0 руб!,,,,,,,
https://hansgrohe-russia.ru/kollektsii/talis-1/shopby/hg_kollektsii-talis_select_s-talis_select_e?v=4#catalog?utm_medium=cpc&utm_source=ya_direct&utm_campaign={campaign_name}|{campaign_id}&utm_term={keyword}&utm_content=k50id|01000000{phrase_id}_{retargeting_id}|cid|{campaign_id}|gid|{gbid}|aid|{ad_id}|adp|{addphrases}|pos|{position_type}{position}|src|{source_type}_{source}|dvc|{device_type}|dop_0&k50id=01000000{phrase_id}_{retargeting_id}&cm_id={campaign_id}_{gbid}_{banner_id}_{phrase_id}_{retargeting_id}_{source}_{source_type}_{campaign_type}_{addphrases}_{device_type}_{position_type}_{region_id}&region={region_id}&region_name={region_name},Смесители Hansgrohe Talis Select. Суперцены каждый день!,Оригинальные смесители Hansgrohe. Скидка 5% на покупку. Переходите на сайт!,,,,,,,
https://hansgrohe-russia.ru/kollektsii/talis-1/shopby/hg_kollektsii-talis_select_e-talis_select_s?v=1#catalog?utm_medium=cpc&utm_source=ya_direct&utm_campaign={campaign_name}|{campaign_id}&utm_term={keyword}&utm_content=k50id|01000000{phrase_id}_{retargeting_id}|cid|{campaign_id}|gid|{gbid}|aid|{ad_id}|adp|{addphrases}|pos|{position_type}{position}|src|{source_type}_{source}|dvc|{device_type}|dop_0&k50id=01000000{phrase_id}_{retargeting_id}&cm_id={campaign_id}_{gbid}_{banner_id}_{phrase_id}_{retargeting_id}_{source}_{source_type}_{campaign_type}_{addphrases}_{device_type}_{position_type}_{region_id}&region={region_id}&region_name={region_name},Смесители Hansgrohe Select S. Доставка по всей России!,Покупайте оригинальные смесители от бренда Hansgrohe с гарантией производителя!,,,,,,,
https://hansgrohe-russia.ru/kollektsii/talis-1/shopby/hg_kollektsii-talis_select_e-talis_select_s?v=2#catalog?utm_medium=cpc&utm_source=ya_direct&utm_campaign={campaign_name}|{campaign_id}&utm_term={keyword}&utm_content=k50id|01000000{phrase_id}_{retargeting_id}|cid|{campaign_id}|gid|{gbid}|aid|{ad_id}|adp|{addphrases}|pos|{position_type}{position}|src|{source_type}_{source}|dvc|{device_type}|dop_0&k50id=01000000{phrase_id}_{retargeting_id}&cm_id={campaign_id}_{gbid}_{banner_id}_{phrase_id}_{retargeting_id}_{source}_{source_type}_{campaign_type}_{addphrases}_{device_type}_{position_type}_{region_id}&region={region_id}&region_name={region_name},Смесители Hansgrohe Select S,Оригинальные смесители Hansgrohe. Бесплатная доставка. Покупайте!,,,,,,,
https://hansgrohe-russia.ru/kollektsii/talis-1/shopby/hg_kollektsii-talis_select_e-talis_select_s?v=3#catalog?utm_medium=cpc&utm_source=ya_direct&utm_campaign={campaign_name}|{campaign_id}&utm_term={keyword}&utm_content=k50id|01000000{phrase_id}_{retargeting_id}|cid|{campaign_id}|gid|{gbid}|aid|{ad_id}|adp|{addphrases}|pos|{position_type}{position}|src|{source_type}_{source}|dvc|{device_type}|dop_0&k50id=01000000{phrase_id}_{retargeting_id}&cm_id={campaign_id}_{gbid}_{banner_id}_{phrase_id}_{retargeting_id}_{source}_{source_type}_{campaign_type}_{addphrases}_{device_type}_{position_type}_{region_id}&region={region_id}&region_name={region_name},Смесители Hansgrohe Select S. Оригинальная продукция,Приобретайте смесители Hansgrohe с официальной гарантией. Доставка 0 руб!,,,,,,,
https://hansgrohe-russia.ru/kollektsii/talis-1/shopby/hg_kollektsii-talis_select_e-talis_select_s?v=4#catalog?utm_medium=cpc&utm_source=ya_direct&utm_campaign={campaign_name}|{campaign_id}&utm_term={keyword}&utm_content=k50id|01000000{phrase_id}_{retargeting_id}|cid|{campaign_id}|gid|{gbid}|aid|{ad_id}|adp|{addphrases}|pos|{position_type}{position}|src|{source_type}_{source}|dvc|{device_type}|dop_0&k50id=01000000{phrase_id}_{retargeting_id}&cm_id={campaign_id}_{gbid}_{banner_id}_{phrase_id}_{retargeting_id}_{source}_{source_type}_{campaign_type}_{addphrases}_{device_type}_{position_type}_{region_id}&region={region_id}&region_name={region_name},Смесители Hansgrohe Select S. Суперцены каждый день!,Оригинальные смесители Hansgrohe. Скидка 5% на покупку. Переходите на сайт!,,,,,,,
https://hansgrohe-russia.ru/kollektsii/talis-1/shopby/hg_poverkhnost-matovyy_chernyy-shlifovannyy_chernyy_hrom?v=1#catalog?utm_medium=cpc&utm_source=ya_direct&utm_campaign={campaign_name}|{campaign_id}&utm_term={keyword}&utm_content=k50id|01000000{phrase_id}_{retargeting_id}|cid|{campaign_id}|gid|{gbid}|aid|{ad_id}|adp|{addphrases}|pos|{position_type}{position}|src|{source_type}_{source}|dvc|{device_type}|dop_0&k50id=01000000{phrase_id}_{retargeting_id}&cm_id={campaign_id}_{gbid}_{banner_id}_{phrase_id}_{retargeting_id}_{source}_{source_type}_{campaign_type}_{addphrases}_{device_type}_{position_type}_{region_id}&region={region_id}&region_name={region_name},Смесители Hansgrohe Talis черного цвета,Покупайте оригинальные смесители от бренда Hansgrohe с гарантией производителя!,,,,,,,
https://hansgrohe-russia.ru/kollektsii/talis-1/shopby/hg_poverkhnost-matovyy_chernyy-shlifovannyy_chernyy_hrom?v=2#catalog?utm_medium=cpc&utm_source=ya_direct&utm_campaign={campaign_name}|{campaign_id}&utm_term={keyword}&utm_content=k50id|01000000{phrase_id}_{retargeting_id}|cid|{campaign_id}|gid|{gbid}|aid|{ad_id}|adp|{addphrases}|pos|{position_type}{position}|src|{source_type}_{source}|dvc|{device_type}|dop_0&k50id=01000000{phrase_id}_{retargeting_id}&cm_id={campaign_id}_{gbid}_{banner_id}_{phrase_id}_{retargeting_id}_{source}_{source_type}_{campaign_type}_{addphrases}_{device_type}_{position_type}_{region_id}&region={region_id}&region_name={region_name},Смесители Hansgrohe Talis черного цвета,Оригинальные смесители Hansgrohe. Бесплатная доставка. Покупайте!,,,,,,,
https://hansgrohe-russia.ru/kollektsii/talis-1/shopby/hg_poverkhnost-matovyy_chernyy-shlifovannyy_chernyy_hrom?v=3#catalog?utm_medium=cpc&utm_source=ya_direct&utm_campaign={campaign_name}|{campaign_id}&utm_term={keyword}&utm_content=k50id|01000000{phrase_id}_{retargeting_id}|cid|{campaign_id}|gid|{gbid}|aid|{ad_id}|adp|{addphrases}|pos|{position_type}{position}|src|{source_type}_{source}|dvc|{device_type}|dop_0&k50id=01000000{phrase_id}_{retargeting_id}&cm_id={campaign_id}_{gbid}_{banner_id}_{phrase_id}_{retargeting_id}_{source}_{source_type}_{campaign_type}_{addphrases}_{device_type}_{position_type}_{region_id}&region={region_id}&region_name={region_name},Смесители Hansgrohe Talis черного цвета,Приобретайте смесители Hansgrohe с официальной гарантией. Доставка 0 руб!,,,,,,,
https://hansgrohe-russia.ru/kollektsii/talis-1/shopby/hg_poverkhnost-matovyy_chernyy-shlifovannyy_chernyy_hrom?v=4#catalog?utm_medium=cpc&utm_source=ya_direct&utm_campaign={campaign_name}|{campaign_id}&utm_term={keyword}&utm_content=k50id|01000000{phrase_id}_{retargeting_id}|cid|{campaign_id}|gid|{gbid}|aid|{ad_id}|adp|{addphrases}|pos|{position_type}{position}|src|{source_type}_{source}|dvc|{device_type}|dop_0&k50id=01000000{phrase_id}_{retargeting_id}&cm_id={campaign_id}_{gbid}_{banner_id}_{phrase_id}_{retargeting_id}_{source}_{source_type}_{campaign_type}_{addphrases}_{device_type}_{position_type}_{region_id}&region={region_id}&region_name={region_name},Смесители Hansgrohe Talis черного цвета,Оригинальные смесители Hansgrohe. Скидка 5% на покупку. Переходите на сайт!,,,,,,,
https://hansgrohe-russia.ru/kollektsii/talis-1?utm_medium=cpc&utm_source=ya_direct&utm_campaign={campaign_name}|{campaign_id}&utm_term={keyword}&utm_content=k50id|01000000{phrase_id}_{retargeting_id}|cid|{campaign_id}|gid|{gbid}|aid|{ad_id}|adp|{addphrases}|pos|{position_type}{position}|src|{source_type}_{source}|dvc|{device_type}|dop_0&k50id=01000000{phrase_id}_{retargeting_id}&cm_id={campaign_id}_{gbid}_{banner_id}_{phrase_id}_{retargeting_id}_{source}_{source_type}_{campaign_type}_{addphrases}_{device_type}_{position_type}_{region_id}&region={region_id}&region_name={region_name}&v=1,Смесители Hansgrohe Talis Classic,Покупайте оригинальные смесители от бренда Hansgrohe с гарантией производителя!,,,,,,,
https://hansgrohe-russia.ru/kollektsii/talis-1?utm_medium=cpc&utm_source=ya_direct&utm_campaign={campaign_name}|{campaign_id}&utm_term={keyword}&utm_content=k50id|01000000{phrase_id}_{retargeting_id}|cid|{campaign_id}|gid|{gbid}|aid|{ad_id}|adp|{addphrases}|pos|{position_type}{position}|src|{source_type}_{source}|dvc|{device_type}|dop_0&k50id=01000000{phrase_id}_{retargeting_id}&cm_id={campaign_id}_{gbid}_{banner_id}_{phrase_id}_{retargeting_id}_{source}_{source_type}_{campaign_type}_{addphrases}_{device_type}_{position_type}_{region_id}&region={region_id}&region_name={region_name}&v=2,Смесители Hansgrohe Talis Classic,Оригинальные смесители Hansgrohe. Бесплатная доставка. Покупайте!,,,,,,,
https://hansgrohe-russia.ru/kollektsii/talis-1?utm_medium=cpc&utm_source=ya_direct&utm_campaign={campaign_name}|{campaign_id}&utm_term={keyword}&utm_content=k50id|01000000{phrase_id}_{retargeting_id}|cid|{campaign_id}|gid|{gbid}|aid|{ad_id}|adp|{addphrases}|pos|{position_type}{position}|src|{source_type}_{source}|dvc|{device_type}|dop_0&k50id=01000000{phrase_id}_{retargeting_id}&cm_id={campaign_id}_{gbid}_{banner_id}_{phrase_id}_{retargeting_id}_{source}_{source_type}_{campaign_type}_{addphrases}_{device_type}_{position_type}_{region_id}&region={region_id}&region_name={region_name}&v=3,Смесители Hansgrohe Talis Classic,Приобретайте смесители Hansgrohe с официальной гарантией. Доставка 0 руб!,,,,,,,
https://hansgrohe-russia.ru/kollektsii/talis-1?utm_medium=cpc&utm_source=ya_direct&utm_campaign={campaign_name}|{campaign_id}&utm_term={keyword}&utm_content=k50id|01000000{phrase_id}_{retargeting_id}|cid|{campaign_id}|gid|{gbid}|aid|{ad_id}|adp|{addphrases}|pos|{position_type}{position}|src|{source_type}_{source}|dvc|{device_type}|dop_0&k50id=01000000{phrase_id}_{retargeting_id}&cm_id={campaign_id}_{gbid}_{banner_id}_{phrase_id}_{retargeting_id}_{source}_{source_type}_{campaign_type}_{addphrases}_{device_type}_{position_type}_{region_id}&region={region_id}&region_name={region_name}&v=4,Смесители Hansgrohe Talis Classic,Оригинальные смесители Hansgrohe. Скидка 5% на покупку. Переходите на сайт!,,,,,,,
https://hansgrohe-russia.ru/kollektsii/talis-1?utm_medium=cpc&utm_source=ya_direct&utm_campaign={campaign_name}|{campaign_id}&utm_term={keyword}&utm_content=k50id|01000000{phrase_id}_{retargeting_id}|cid|{campaign_id}|gid|{gbid}|aid|{ad_id}|adp|{addphrases}|pos|{position_type}{position}|src|{source_type}_{source}|dvc|{device_type}|dop_0&k50id=01000000{phrase_id}_{retargeting_id}&cm_id={campaign_id}_{gbid}_{banner_id}_{phrase_id}_{retargeting_id}_{source}_{source_type}_{campaign_type}_{addphrases}_{device_type}_{position_type}_{region_id}&region={region_id}&region_name={region_name}&v=5,Смесители Hansgrohe Talis. Доставка по всей России!,Покупайте оригинальные смесители от бренда Hansgrohe с гарантией производителя!,,,,,,,
https://hansgrohe-russia.ru/kollektsii/talis-1?utm_medium=cpc&utm_source=ya_direct&utm_campaign={campaign_name}|{campaign_id}&utm_term={keyword}&utm_content=k50id|01000000{phrase_id}_{retargeting_id}|cid|{campaign_id}|gid|{gbid}|aid|{ad_id}|adp|{addphrases}|pos|{position_type}{position}|src|{source_type}_{source}|dvc|{device_type}|dop_0&k50id=01000000{phrase_id}_{retargeting_id}&cm_id={campaign_id}_{gbid}_{banner_id}_{phrase_id}_{retargeting_id}_{source}_{source_type}_{campaign_type}_{addphrases}_{device_type}_{position_type}_{region_id}&region={region_id}&region_name={region_name}&v=6,Смесители Hansgrohe Talis. Получайте подарки за покупку!,Оригинальные смесители Hansgrohe. Бесплатная доставка. Покупайте!,,,,,,,
https://hansgrohe-russia.ru/kollektsii/talis-1?utm_medium=cpc&utm_source=ya_direct&utm_campaign={campaign_name}|{campaign_id}&utm_term={keyword}&utm_content=k50id|01000000{phrase_id}_{retargeting_id}|cid|{campaign_id}|gid|{gbid}|aid|{ad_id}|adp|{addphrases}|pos|{position_type}{position}|src|{source_type}_{source}|dvc|{device_type}|dop_0&k50id=01000000{phrase_id}_{retargeting_id}&cm_id={campaign_id}_{gbid}_{banner_id}_{phrase_id}_{retargeting_id}_{source}_{source_type}_{campaign_type}_{addphrases}_{device_type}_{position_type}_{region_id}&region={region_id}&region_name={region_name}&v=7,Смесители Hansgrohe Talis. Оригинальная продукция,Приобретайте смесители Hansgrohe с официальной гарантией. Доставка 0 руб!,,,,,,,
https://hansgrohe-russia.ru/kollektsii/talis-1?utm_medium=cpc&utm_source=ya_direct&utm_campaign={campaign_name}|{campaign_id}&utm_term={keyword}&utm_content=k50id|01000000{phrase_id}_{retargeting_id}|cid|{campaign_id}|gid|{gbid}|aid|{ad_id}|adp|{addphrases}|pos|{position_type}{position}|src|{source_type}_{source}|dvc|{device_type}|dop_0&k50id=01000000{phrase_id}_{retargeting_id}&cm_id={campaign_id}_{gbid}_{banner_id}_{phrase_id}_{retargeting_id}_{source}_{source_type}_{campaign_type}_{addphrases}_{device_type}_{position_type}_{region_id}&region={region_id}&region_name={region_name}&v=8,Смесители Hansgrohe Talis. Суперцены каждый день!,Оригинальные смесители Hansgrohe. Скидка 5% на покупку. Переходите на сайт!,,,,,,,
https://hansgrohe-russia.ru/kollektsii/vernis/shopby/hg_kollektsii-vernis_blend?v=1#catalog?utm_medium=cpc&utm_source=ya_direct&utm_campaign={campaign_name}|{campaign_id}&utm_term={keyword}&utm_content=k50id|01000000{phrase_id}_{retargeting_id}|cid|{campaign_id}|gid|{gbid}|aid|{ad_id}|adp|{addphrases}|pos|{position_type}{position}|src|{source_type}_{source}|dvc|{device_type}|dop_0&k50id=01000000{phrase_id}_{retargeting_id}&cm_id={campaign_id}_{gbid}_{banner_id}_{phrase_id}_{retargeting_id}_{source}_{source_type}_{campaign_type}_{addphrases}_{device_type}_{position_type}_{region_id}&region={region_id}&region_name={region_name},Смесители Hansgrohe Vernis Blend,Покупайте оригинальные смесители от бренда Hansgrohe с гарантией производителя!,,,,,,,
https://hansgrohe-russia.ru/kollektsii/vernis/shopby/hg_kollektsii-vernis_blend?v=2#catalog?utm_medium=cpc&utm_source=ya_direct&utm_campaign={campaign_name}|{campaign_id}&utm_term={keyword}&utm_content=k50id|01000000{phrase_id}_{retargeting_id}|cid|{campaign_id}|gid|{gbid}|aid|{ad_id}|adp|{addphrases}|pos|{position_type}{position}|src|{source_type}_{source}|dvc|{device_type}|dop_0&k50id=01000000{phrase_id}_{retargeting_id}&cm_id={campaign_id}_{gbid}_{banner_id}_{phrase_id}_{retargeting_id}_{source}_{source_type}_{campaign_type}_{addphrases}_{device_type}_{position_type}_{region_id}&region={region_id}&region_name={region_name},Смесители Hansgrohe Vernis Blend,Оригинальные смесители Hansgrohe. Бесплатная доставка. Покупайте!,,,,,,,
https://hansgrohe-russia.ru/kollektsii/vernis/shopby/hg_kollektsii-vernis_blend?v=3#catalog?utm_medium=cpc&utm_source=ya_direct&utm_campaign={campaign_name}|{campaign_id}&utm_term={keyword}&utm_content=k50id|01000000{phrase_id}_{retargeting_id}|cid|{campaign_id}|gid|{gbid}|aid|{ad_id}|adp|{addphrases}|pos|{position_type}{position}|src|{source_type}_{source}|dvc|{device_type}|dop_0&k50id=01000000{phrase_id}_{retargeting_id}&cm_id={campaign_id}_{gbid}_{banner_id}_{phrase_id}_{retargeting_id}_{source}_{source_type}_{campaign_type}_{addphrases}_{device_type}_{position_type}_{region_id}&region={region_id}&region_name={region_name},Смесители Hansgrohe Vernis Blend. Оригинальная продукция,Приобретайте смесители Hansgrohe с официальной гарантией. Доставка 0 руб!,,,,,,,
https://hansgrohe-russia.ru/kollektsii/vernis/shopby/hg_kollektsii-vernis_blend?v=4#catalog?utm_medium=cpc&utm_source=ya_direct&utm_campaign={campaign_name}|{campaign_id}&utm_term={keyword}&utm_content=k50id|01000000{phrase_id}_{retargeting_id}|cid|{campaign_id}|gid|{gbid}|aid|{ad_id}|adp|{addphrases}|pos|{position_type}{position}|src|{source_type}_{source}|dvc|{device_type}|dop_0&k50id=01000000{phrase_id}_{retargeting_id}&cm_id={campaign_id}_{gbid}_{banner_id}_{phrase_id}_{retargeting_id}_{source}_{source_type}_{campaign_type}_{addphrases}_{device_type}_{position_type}_{region_id}&region={region_id}&region_name={region_name},Смесители Hansgrohe Vernis Blend. Суперцены каждый день!,Оригинальные смесители Hansgrohe. Скидка 5% на покупку. Переходите на сайт!,,,,,,,
https://hansgrohe-russia.ru/kollektsii/vernis?utm_medium=cpc&utm_source=ya_direct&utm_campaign={campaign_name}|{campaign_id}&utm_term={keyword}&utm_content=k50id|01000000{phrase_id}_{retargeting_id}|cid|{campaign_id}|gid|{gbid}|aid|{ad_id}|adp|{addphrases}|pos|{position_type}{position}|src|{source_type}_{source}|dvc|{device_type}|dop_0&k50id=01000000{phrase_id}_{retargeting_id}&cm_id={campaign_id}_{gbid}_{banner_id}_{phrase_id}_{retargeting_id}_{source}_{source_type}_{campaign_type}_{addphrases}_{device_type}_{position_type}_{region_id}&region={region_id}&region_name={region_name}&v=1,Смесители Hansgrohe Vernis. Доставка по всей России!,Покупайте оригинальные смесители от бренда Hansgrohe с гарантией производителя!,,,,,,,
https://hansgrohe-russia.ru/kollektsii/vernis?utm_medium=cpc&utm_source=ya_direct&utm_campaign={campaign_name}|{campaign_id}&utm_term={keyword}&utm_content=k50id|01000000{phrase_id}_{retargeting_id}|cid|{campaign_id}|gid|{gbid}|aid|{ad_id}|adp|{addphrases}|pos|{position_type}{position}|src|{source_type}_{source}|dvc|{device_type}|dop_0&k50id=01000000{phrase_id}_{retargeting_id}&cm_id={campaign_id}_{gbid}_{banner_id}_{phrase_id}_{retargeting_id}_{source}_{source_type}_{campaign_type}_{addphrases}_{device_type}_{position_type}_{region_id}&region={region_id}&region_name={region_name}&v=2,Смесители Hansgrohe Vernis,Оригинальные смесители Hansgrohe. Бесплатная доставка. Покупайте!,,,,,,,
https://hansgrohe-russia.ru/kollektsii/vernis?utm_medium=cpc&utm_source=ya_direct&utm_campaign={campaign_name}|{campaign_id}&utm_term={keyword}&utm_content=k50id|01000000{phrase_id}_{retargeting_id}|cid|{campaign_id}|gid|{gbid}|aid|{ad_id}|adp|{addphrases}|pos|{position_type}{position}|src|{source_type}_{source}|dvc|{device_type}|dop_0&k50id=01000000{phrase_id}_{retargeting_id}&cm_id={campaign_id}_{gbid}_{banner_id}_{phrase_id}_{retargeting_id}_{source}_{source_type}_{campaign_type}_{addphrases}_{device_type}_{position_type}_{region_id}&region={region_id}&region_name={region_name}&v=3,Смесители Hansgrohe Vernis. Оригинальная продукция,Приобретайте смесители Hansgrohe с официальной гарантией. Доставка 0 руб!,,,,,,,
https://hansgrohe-russia.ru/kollektsii/vernis?utm_medium=cpc&utm_source=ya_direct&utm_campaign={campaign_name}|{campaign_id}&utm_term={keyword}&utm_content=k50id|01000000{phrase_id}_{retargeting_id}|cid|{campaign_id}|gid|{gbid}|aid|{ad_id}|adp|{addphrases}|pos|{position_type}{position}|src|{source_type}_{source}|dvc|{device_type}|dop_0&k50id=01000000{phrase_id}_{retargeting_id}&cm_id={campaign_id}_{gbid}_{banner_id}_{phrase_id}_{retargeting_id}_{source}_{source_type}_{campaign_type}_{addphrases}_{device_type}_{position_type}_{region_id}&region={region_id}&region_name={region_name}&v=4,Смесители Hansgrohe Vernis. Суперцены каждый день!,Оригинальные смесители Hansgrohe. Скидка 5% на покупку. Переходите на сайт!,,,,,,,
https://hansgrohe-russia.ru/kollektsii/vernis/shopby/hg_poverkhnost-matovyy_chernyy-chernyy_matovyy?v=1#catalog?utm_medium=cpc&utm_source=ya_direct&utm_campaign={campaign_name}|{campaign_id}&utm_term={keyword}&utm_content=k50id|01000000{phrase_id}_{retargeting_id}|cid|{campaign_id}|gid|{gbid}|aid|{ad_id}|adp|{addphrases}|pos|{position_type}{position}|src|{source_type}_{source}|dvc|{device_type}|dop_0&k50id=01000000{phrase_id}_{retargeting_id}&cm_id={campaign_id}_{gbid}_{banner_id}_{phrase_id}_{retargeting_id}_{source}_{source_type}_{campaign_type}_{addphrases}_{device_type}_{position_type}_{region_id}&region={region_id}&region_name={region_name},Смесители Hansrohe Vernis черного цвета,Покупайте оригинальные смесители от бренда Hansgrohe с гарантией производителя!,,,,,,,
https://hansgrohe-russia.ru/kollektsii/vernis/shopby/hg_poverkhnost-matovyy_chernyy-chernyy_matovyy?v=2#catalog?utm_medium=cpc&utm_source=ya_direct&utm_campaign={campaign_name}|{campaign_id}&utm_term={keyword}&utm_content=k50id|01000000{phrase_id}_{retargeting_id}|cid|{campaign_id}|gid|{gbid}|aid|{ad_id}|adp|{addphrases}|pos|{position_type}{position}|src|{source_type}_{source}|dvc|{device_type}|dop_0&k50id=01000000{phrase_id}_{retargeting_id}&cm_id={campaign_id}_{gbid}_{banner_id}_{phrase_id}_{retargeting_id}_{source}_{source_type}_{campaign_type}_{addphrases}_{device_type}_{position_type}_{region_id}&region={region_id}&region_name={region_name},Смесители Hansrohe Vernis черного цвета,Оригинальные смесители Hansgrohe. Бесплатная доставка. Покупайте!,,,,,,,
https://hansgrohe-russia.ru/kollektsii/vernis/shopby/hg_poverkhnost-matovyy_chernyy-chernyy_matovyy?v=3#catalog?utm_medium=cpc&utm_source=ya_direct&utm_campaign={campaign_name}|{campaign_id}&utm_term={keyword}&utm_content=k50id|01000000{phrase_id}_{retargeting_id}|cid|{campaign_id}|gid|{gbid}|aid|{ad_id}|adp|{addphrases}|pos|{position_type}{position}|src|{source_type}_{source}|dvc|{device_type}|dop_0&k50id=01000000{phrase_id}_{retargeting_id}&cm_id={campaign_id}_{gbid}_{banner_id}_{phrase_id}_{retargeting_id}_{source}_{source_type}_{campaign_type}_{addphrases}_{device_type}_{position_type}_{region_id}&region={region_id}&region_name={region_name},Смесители Hansrohe Vernis черного цвета,Приобретайте смесители Hansgrohe с официальной гарантией. Доставка 0 руб!,,,,,,,
https://hansgrohe-russia.ru/kollektsii/vernis/shopby/hg_poverkhnost-matovyy_chernyy-chernyy_matovyy?v=4#catalog?utm_medium=cpc&utm_source=ya_direct&utm_campaign={campaign_name}|{campaign_id}&utm_term={keyword}&utm_content=k50id|01000000{phrase_id}_{retargeting_id}|cid|{campaign_id}|gid|{gbid}|aid|{ad_id}|adp|{addphrases}|pos|{position_type}{position}|src|{source_type}_{source}|dvc|{device_type}|dop_0&k50id=01000000{phrase_id}_{retargeting_id}&cm_id={campaign_id}_{gbid}_{banner_id}_{phrase_id}_{retargeting_id}_{source}_{source_type}_{campaign_type}_{addphrases}_{device_type}_{position_type}_{region_id}&region={region_id}&region_name={region_name},Смесители Hansrohe Vernis черного цвета,Оригинальные смесители Hansgrohe. Скидка 5% на покупку. Переходите на сайт!,,,,,,,
https://hansgrohe-russia.ru/kollektsii/vernis/shopby/hg_kollektsii-vernis_shape?v=1#catalog?utm_medium=cpc&utm_source=ya_direct&utm_campaign={campaign_name}|{campaign_id}&utm_term={keyword}&utm_content=k50id|01000000{phrase_id}_{retargeting_id}|cid|{campaign_id}|gid|{gbid}|aid|{ad_id}|adp|{addphrases}|pos|{position_type}{position}|src|{source_type}_{source}|dvc|{device_type}|dop_0&k50id=01000000{phrase_id}_{retargeting_id}&cm_id={campaign_id}_{gbid}_{banner_id}_{phrase_id}_{retargeting_id}_{source}_{source_type}_{campaign_type}_{addphrases}_{device_type}_{position_type}_{region_id}&region={region_id}&region_name={region_name},Смесители Hansgrohe Vernis Shape,Покупайте оригинальные смесители от бренда Hansgrohe с гарантией производителя!,,,,,,,
https://hansgrohe-russia.ru/kollektsii/vernis/shopby/hg_kollektsii-vernis_shape?v=2#catalog?utm_medium=cpc&utm_source=ya_direct&utm_campaign={campaign_name}|{campaign_id}&utm_term={keyword}&utm_content=k50id|01000000{phrase_id}_{retargeting_id}|cid|{campaign_id}|gid|{gbid}|aid|{ad_id}|adp|{addphrases}|pos|{position_type}{position}|src|{source_type}_{source}|dvc|{device_type}|dop_0&k50id=01000000{phrase_id}_{retargeting_id}&cm_id={campaign_id}_{gbid}_{banner_id}_{phrase_id}_{retargeting_id}_{source}_{source_type}_{campaign_type}_{addphrases}_{device_type}_{position_type}_{region_id}&region={region_id}&region_name={region_name},Смесители Hansgrohe Vernis Shape,Оригинальные смесители Hansgrohe. Бесплатная доставка. Покупайте!,,,,,,,
https://hansgrohe-russia.ru/kollektsii/vernis/shopby/hg_kollektsii-vernis_shape?v=3#catalog?utm_medium=cpc&utm_source=ya_direct&utm_campaign={campaign_name}|{campaign_id}&utm_term={keyword}&utm_content=k50id|01000000{phrase_id}_{retargeting_id}|cid|{campaign_id}|gid|{gbid}|aid|{ad_id}|adp|{addphrases}|pos|{position_type}{position}|src|{source_type}_{source}|dvc|{device_type}|dop_0&k50id=01000000{phrase_id}_{retargeting_id}&cm_id={campaign_id}_{gbid}_{banner_id}_{phrase_id}_{retargeting_id}_{source}_{source_type}_{campaign_type}_{addphrases}_{device_type}_{position_type}_{region_id}&region={region_id}&region_name={region_name},Смесители Hansgrohe Vernis Shape. Оригинальная продукция,Приобретайте смесители Hansgrohe с официальной гарантией. Доставка 0 руб!,,,,,,,
https://hansgrohe-russia.ru/kollektsii/vernis/shopby/hg_kollektsii-vernis_shape?v=4#catalog?utm_medium=cpc&utm_source=ya_direct&utm_campaign={campaign_name}|{campaign_id}&utm_term={keyword}&utm_content=k50id|01000000{phrase_id}_{retargeting_id}|cid|{campaign_id}|gid|{gbid}|aid|{ad_id}|adp|{addphrases}|pos|{position_type}{position}|src|{source_type}_{source}|dvc|{device_type}|dop_0&k50id=01000000{phrase_id}_{retargeting_id}&cm_id={campaign_id}_{gbid}_{banner_id}_{phrase_id}_{retargeting_id}_{source}_{source_type}_{campaign_type}_{addphrases}_{device_type}_{position_type}_{region_id}&region={region_id}&region_name={region_name},Смесители Hansgrohe Vernis Shape. Суперцены каждый день!,Оригинальные смесители Hansgrohe. Скидка 5% на покупку. Переходите на сайт!,,,,,,,
https://hansgrohe-russia.ru/kollektsii/vivenis?utm_medium=cpc&utm_source=ya_direct&utm_campaign={campaign_name}|{campaign_id}&utm_term={keyword}&utm_content=k50id|01000000{phrase_id}_{retargeting_id}|cid|{campaign_id}|gid|{gbid}|aid|{ad_id}|adp|{addphrases}|pos|{position_type}{position}|src|{source_type}_{source}|dvc|{device_type}|dop_0&k50id=01000000{phrase_id}_{retargeting_id}&cm_id={campaign_id}_{gbid}_{banner_id}_{phrase_id}_{retargeting_id}_{source}_{source_type}_{campaign_type}_{addphrases}_{device_type}_{position_type}_{region_id}&region={region_id}&region_name={region_name}&v=1,Смесители Hansgrohe Vivenis. Доставка по всей России!,Покупайте оригинальные смесители от бренда Hansgrohe с гарантией производителя!,,,,,,,
https://hansgrohe-russia.ru/kollektsii/vivenis?utm_medium=cpc&utm_source=ya_direct&utm_campaign={campaign_name}|{campaign_id}&utm_term={keyword}&utm_content=k50id|01000000{phrase_id}_{retargeting_id}|cid|{campaign_id}|gid|{gbid}|aid|{ad_id}|adp|{addphrases}|pos|{position_type}{position}|src|{source_type}_{source}|dvc|{device_type}|dop_0&k50id=01000000{phrase_id}_{retargeting_id}&cm_id={campaign_id}_{gbid}_{banner_id}_{phrase_id}_{retargeting_id}_{source}_{source_type}_{campaign_type}_{addphrases}_{device_type}_{position_type}_{region_id}&region={region_id}&region_name={region_name}&v=2,Смесители Hansgrohe Vivenis,Оригинальные смесители Hansgrohe. Бесплатная доставка. Покупайте!,,,,,,,
https://hansgrohe-russia.ru/kollektsii/vivenis?utm_medium=cpc&utm_source=ya_direct&utm_campaign={campaign_name}|{campaign_id}&utm_term={keyword}&utm_content=k50id|01000000{phrase_id}_{retargeting_id}|cid|{campaign_id}|gid|{gbid}|aid|{ad_id}|adp|{addphrases}|pos|{position_type}{position}|src|{source_type}_{source}|dvc|{device_type}|dop_0&k50id=01000000{phrase_id}_{retargeting_id}&cm_id={campaign_id}_{gbid}_{banner_id}_{phrase_id}_{retargeting_id}_{source}_{source_type}_{campaign_type}_{addphrases}_{device_type}_{position_type}_{region_id}&region={region_id}&region_name={region_name}&v=3,Смесители Hansgrohe Vivenis. Оригинальная продукция,Приобретайте смесители Hansgrohe с официальной гарантией. Доставка 0 руб!,,,,,,,
https://hansgrohe-russia.ru/kollektsii/vivenis?utm_medium=cpc&utm_source=ya_direct&utm_campaign={campaign_name}|{campaign_id}&utm_term={keyword}&utm_content=k50id|01000000{phrase_id}_{retargeting_id}|cid|{campaign_id}|gid|{gbid}|aid|{ad_id}|adp|{addphrases}|pos|{position_type}{position}|src|{source_type}_{source}|dvc|{device_type}|dop_0&k50id=01000000{phrase_id}_{retargeting_id}&cm_id={campaign_id}_{gbid}_{banner_id}_{phrase_id}_{retargeting_id}_{source}_{source_type}_{campaign_type}_{addphrases}_{device_type}_{position_type}_{region_id}&region={region_id}&region_name={region_name}&v=4,Смесители Hansgrohe Vivenis. Суперцены каждый день!,Оригинальные смесители Hansgrohe. Скидка 5% на покупку. Переходите на сайт!,,,,,,,
https://hansgrohe-russia.ru/smesiteli/shopby/hg_montazh-nastennyy?v=1#catalog?utm_medium=cpc&utm_source=ya_direct&utm_campaign={campaign_name}|{campaign_id}&utm_term={keyword}&utm_content=k50id|01000000{phrase_id}_{retargeting_id}|cid|{campaign_id}|gid|{gbid}|aid|{ad_id}|adp|{addphrases}|pos|{position_type}{position}|src|{source_type}_{source}|dvc|{device_type}|dop_0&k50id=01000000{phrase_id}_{retargeting_id}&cm_id={campaign_id}_{gbid}_{banner_id}_{phrase_id}_{retargeting_id}_{source}_{source_type}_{campaign_type}_{addphrases}_{device_type}_{position_type}_{region_id}&region={region_id}&region_name={region_name},Настенные смесители Hansgrohe. Доставка по всей России!,Покупайте оригинальные смесители от бренда Hansgrohe с гарантией производителя!,,,,,,,
https://hansgrohe-russia.ru/smesiteli/shopby/hg_montazh-nastennyy?v=2#catalog?utm_medium=cpc&utm_source=ya_direct&utm_campaign={campaign_name}|{campaign_id}&utm_term={keyword}&utm_content=k50id|01000000{phrase_id}_{retargeting_id}|cid|{campaign_id}|gid|{gbid}|aid|{ad_id}|adp|{addphrases}|pos|{position_type}{position}|src|{source_type}_{source}|dvc|{device_type}|dop_0&k50id=01000000{phrase_id}_{retargeting_id}&cm_id={campaign_id}_{gbid}_{banner_id}_{phrase_id}_{retargeting_id}_{source}_{source_type}_{campaign_type}_{addphrases}_{device_type}_{position_type}_{region_id}&region={region_id}&region_name={region_name},Настенные смесители Hansgrohe,Оригинальные смесители Hansgrohe. Бесплатная доставка. Покупайте!,,,,,,,
https://hansgrohe-russia.ru/smesiteli/shopby/hg_montazh-nastennyy?v=3#catalog?utm_medium=cpc&utm_source=ya_direct&utm_campaign={campaign_name}|{campaign_id}&utm_term={keyword}&utm_content=k50id|01000000{phrase_id}_{retargeting_id}|cid|{campaign_id}|gid|{gbid}|aid|{ad_id}|adp|{addphrases}|pos|{position_type}{position}|src|{source_type}_{source}|dvc|{device_type}|dop_0&k50id=01000000{phrase_id}_{retargeting_id}&cm_id={campaign_id}_{gbid}_{banner_id}_{phrase_id}_{retargeting_id}_{source}_{source_type}_{campaign_type}_{addphrases}_{device_type}_{position_type}_{region_id}&region={region_id}&region_name={region_name},Настенные смесители Hansgrohe. Оригинальная продукция,Приобретайте смесители Hansgrohe с официальной гарантией. Доставка 0 руб!,,,,,,,
https://hansgrohe-russia.ru/smesiteli/shopby/hg_montazh-nastennyy?v=4#catalog?utm_medium=cpc&utm_source=ya_direct&utm_campaign={campaign_name}|{campaign_id}&utm_term={keyword}&utm_content=k50id|01000000{phrase_id}_{retargeting_id}|cid|{campaign_id}|gid|{gbid}|aid|{ad_id}|adp|{addphrases}|pos|{position_type}{position}|src|{source_type}_{source}|dvc|{device_type}|dop_0&k50id=01000000{phrase_id}_{retargeting_id}&cm_id={campaign_id}_{gbid}_{banner_id}_{phrase_id}_{retargeting_id}_{source}_{source_type}_{campaign_type}_{addphrases}_{device_type}_{position_type}_{region_id}&region={region_id}&region_name={region_name},Настенные смесители Hansgrohe. Суперцены каждый день!,Оригинальные смесители Hansgrohe. Скидка 5% на покупку. Переходите на сайт!,,,,,,,
https://hansgrohe-russia.ru/?utm_medium=cpc&utm_source=ya_direct&utm_campaign={campaign_name}|{campaign_id}&utm_term={keyword}&utm_content=k50id|01000000{phrase_id}_{retargeting_id}|cid|{campaign_id}|gid|{gbid}|aid|{ad_id}|adp|{addphrases}|pos|{position_type}{position}|src|{source_type}_{source}|dvc|{device_type}|dop_0&k50id=01000000{phrase_id}_{retargeting_id}&cm_id={campaign_id}_{gbid}_{banner_id}_{phrase_id}_{retargeting_id}_{source}_{source_type}_{campaign_type}_{addphrases}_{device_type}_{position_type}_{region_id}&region={region_id}&region_name={region_name}&v=1,Hansgrohe для раковины. Доставка по всей России!,Покупайте оригинальные смесители от бренда Hansgrohe с гарантией производителя!,,,,,,,
https://hansgrohe-russia.ru/?utm_medium=cpc&utm_source=ya_direct&utm_campaign={campaign_name}|{campaign_id}&utm_term={keyword}&utm_content=k50id|01000000{phrase_id}_{retargeting_id}|cid|{campaign_id}|gid|{gbid}|aid|{ad_id}|adp|{addphrases}|pos|{position_type}{position}|src|{source_type}_{source}|dvc|{device_type}|dop_0&k50id=01000000{phrase_id}_{retargeting_id}&cm_id={campaign_id}_{gbid}_{banner_id}_{phrase_id}_{retargeting_id}_{source}_{source_type}_{campaign_type}_{addphrases}_{device_type}_{position_type}_{region_id}&region={region_id}&region_name={region_name}&v=2,Hansgrohe для раковины. Получайте подарки за покупку!,Оригинальные смесители Hansgrohe. Бесплатная доставка. Покупайте!,,,,,,,
https://hansgrohe-russia.ru/?utm_medium=cpc&utm_source=ya_direct&utm_campaign={campaign_name}|{campaign_id}&utm_term={keyword}&utm_content=k50id|01000000{phrase_id}_{retargeting_id}|cid|{campaign_id}|gid|{gbid}|aid|{ad_id}|adp|{addphrases}|pos|{position_type}{position}|src|{source_type}_{source}|dvc|{device_type}|dop_0&k50id=01000000{phrase_id}_{retargeting_id}&cm_id={campaign_id}_{gbid}_{banner_id}_{phrase_id}_{retargeting_id}_{source}_{source_type}_{campaign_type}_{addphrases}_{device_type}_{position_type}_{region_id}&region={region_id}&region_name={region_name}&v=3,Hansgrohe для раковины. Оригинальная продукция,Приобретайте смесители Hansgrohe с официальной гарантией. Доставка 0 руб!,,,,,,,
https://hansgrohe-russia.ru/?utm_medium=cpc&utm_source=ya_direct&utm_campaign={campaign_name}|{campaign_id}&utm_term={keyword}&utm_content=k50id|01000000{phrase_id}_{retargeting_id}|cid|{campaign_id}|gid|{gbid}|aid|{ad_id}|adp|{addphrases}|pos|{position_type}{position}|src|{source_type}_{source}|dvc|{device_type}|dop_0&k50id=01000000{phrase_id}_{retargeting_id}&cm_id={campaign_id}_{gbid}_{banner_id}_{phrase_id}_{retargeting_id}_{source}_{source_type}_{campaign_type}_{addphrases}_{device_type}_{position_type}_{region_id}&region={region_id}&region_name={region_name}&v=4,Hansgrohe для раковины. Суперцены каждый день!,Оригинальные смесители Hansgrohe. Скидка 5% на покупку. Переходите на сайт!,,,,,,,
https://hansgrohe-russia.ru/dushevaya-programma/dushevye-sistemy?utm_medium=cpc&utm_source=ya_direct&utm_campaign={campaign_name}|{campaign_id}&utm_term={keyword}&utm_content=k50id|01000000{phrase_id}_{retargeting_id}|cid|{campaign_id}|gid|{gbid}|aid|{ad_id}|adp|{addphrases}|pos|{position_type}{position}|src|{source_type}_{source}|dvc|{device_type}|dop_0&k50id=01000000{phrase_id}_{retargeting_id}&cm_id={campaign_id}_{gbid}_{banner_id}_{phrase_id}_{retargeting_id}_{source}_{source_type}_{campaign_type}_{addphrases}_{device_type}_{position_type}_{region_id}&region={region_id}&region_name={region_name}&v=1,Душевые системы для ванны Hansgrohe,Покупайте оригинальные смесители от бренда Hansgrohe с гарантией производителя!,,,,,,,
https://hansgrohe-russia.ru/dushevaya-programma/dushevye-sistemy?utm_medium=cpc&utm_source=ya_direct&utm_campaign={campaign_name}|{campaign_id}&utm_term={keyword}&utm_content=k50id|01000000{phrase_id}_{retargeting_id}|cid|{campaign_id}|gid|{gbid}|aid|{ad_id}|adp|{addphrases}|pos|{position_type}{position}|src|{source_type}_{source}|dvc|{device_type}|dop_0&k50id=01000000{phrase_id}_{retargeting_id}&cm_id={campaign_id}_{gbid}_{banner_id}_{phrase_id}_{retargeting_id}_{source}_{source_type}_{campaign_type}_{addphrases}_{device_type}_{position_type}_{region_id}&region={region_id}&region_name={region_name}&v=2,Душевые системы для ванны Hansgrohe,Оригинальные смесители Hansgrohe. Бесплатная доставка. Покупайте!,,,,,,,
https://hansgrohe-russia.ru/dushevaya-programma/dushevye-sistemy?utm_medium=cpc&utm_source=ya_direct&utm_campaign={campaign_name}|{campaign_id}&utm_term={keyword}&utm_content=k50id|01000000{phrase_id}_{retargeting_id}|cid|{campaign_id}|gid|{gbid}|aid|{ad_id}|adp|{addphrases}|pos|{position_type}{position}|src|{source_type}_{source}|dvc|{device_type}|dop_0&k50id=01000000{phrase_id}_{retargeting_id}&cm_id={campaign_id}_{gbid}_{banner_id}_{phrase_id}_{retargeting_id}_{source}_{source_type}_{campaign_type}_{addphrases}_{device_type}_{position_type}_{region_id}&region={region_id}&region_name={region_name}&v=3,Душевые системы для ванны Hansgrohe,Приобретайте смесители Hansgrohe с официальной гарантией. Доставка 0 руб!,,,,,,,
https://hansgrohe-russia.ru/dushevaya-programma/dushevye-sistemy?utm_medium=cpc&utm_source=ya_direct&utm_campaign={campaign_name}|{campaign_id}&utm_term={keyword}&utm_content=k50id|01000000{phrase_id}_{retargeting_id}|cid|{campaign_id}|gid|{gbid}|aid|{ad_id}|adp|{addphrases}|pos|{position_type}{position}|src|{source_type}_{source}|dvc|{device_type}|dop_0&k50id=01000000{phrase_id}_{retargeting_id}&cm_id={campaign_id}_{gbid}_{banner_id}_{phrase_id}_{retargeting_id}_{source}_{source_type}_{campaign_type}_{addphrases}_{device_type}_{position_type}_{region_id}&region={region_id}&region_name={region_name}&v=4,Душевые системы для ванны Hansgrohe,Оригинальные смесители Hansgrohe. Скидка 5% на покупку. Переходите на сайт!,,,,,,,
https://hansgrohe-russia.ru/kollektsii/aquno-select-m81?utm_medium=cpc&utm_source=ya_direct&utm_campaign={campaign_name}|{campaign_id}&utm_term={keyword}&utm_content=k50id|01000000{phrase_id}_{retargeting_id}|cid|{campaign_id}|gid|{gbid}|aid|{ad_id}|adp|{addphrases}|pos|{position_type}{position}|src|{source_type}_{source}|dvc|{device_type}|dop_0&k50id=01000000{phrase_id}_{retargeting_id}&cm_id={campaign_id}_{gbid}_{banner_id}_{phrase_id}_{retargeting_id}_{source}_{source_type}_{campaign_type}_{addphrases}_{device_type}_{position_type}_{region_id}&region={region_id}&region_name={region_name}&v=1,Смесители Hansgrohe Aquno Select,Покупайте оригинальные смесители от бренда Hansgrohe с гарантией производителя!,,,,,,,
https://hansgrohe-russia.ru/kollektsii/aquno-select-m81?utm_medium=cpc&utm_source=ya_direct&utm_campaign={campaign_name}|{campaign_id}&utm_term={keyword}&utm_content=k50id|01000000{phrase_id}_{retargeting_id}|cid|{campaign_id}|gid|{gbid}|aid|{ad_id}|adp|{addphrases}|pos|{position_type}{position}|src|{source_type}_{source}|dvc|{device_type}|dop_0&k50id=01000000{phrase_id}_{retargeting_id}&cm_id={campaign_id}_{gbid}_{banner_id}_{phrase_id}_{retargeting_id}_{source}_{source_type}_{campaign_type}_{addphrases}_{device_type}_{position_type}_{region_id}&region={region_id}&region_name={region_name}&v=2,Смесители Hansgrohe Aquno Select,Оригинальные смесители Hansgrohe. Бесплатная доставка. Покупайте!,,,,,,,
https://hansgrohe-russia.ru/kollektsii/aquno-select-m81?utm_medium=cpc&utm_source=ya_direct&utm_campaign={campaign_name}|{campaign_id}&utm_term={keyword}&utm_content=k50id|01000000{phrase_id}_{retargeting_id}|cid|{campaign_id}|gid|{gbid}|aid|{ad_id}|adp|{addphrases}|pos|{position_type}{position}|src|{source_type}_{source}|dvc|{device_type}|dop_0&k50id=01000000{phrase_id}_{retargeting_id}&cm_id={campaign_id}_{gbid}_{banner_id}_{phrase_id}_{retargeting_id}_{source}_{source_type}_{campaign_type}_{addphrases}_{device_type}_{position_type}_{region_id}&region={region_id}&region_name={region_name}&v=3,Смесители Hansgrohe Aquno Select. Оригинальная продукция,Приобретайте смесители Hansgrohe с официальной гарантией. Доставка 0 руб!,,,,,,,
https://hansgrohe-russia.ru/kollektsii/aquno-select-m81?utm_medium=cpc&utm_source=ya_direct&utm_campaign={campaign_name}|{campaign_id}&utm_term={keyword}&utm_content=k50id|01000000{phrase_id}_{retargeting_id}|cid|{campaign_id}|gid|{gbid}|aid|{ad_id}|adp|{addphrases}|pos|{position_type}{position}|src|{source_type}_{source}|dvc|{device_type}|dop_0&k50id=01000000{phrase_id}_{retargeting_id}&cm_id={campaign_id}_{gbid}_{banner_id}_{phrase_id}_{retargeting_id}_{source}_{source_type}_{campaign_type}_{addphrases}_{device_type}_{position_type}_{region_id}&region={region_id}&region_name={region_name}&v=4,Смесители Hansgrohe Aquno Select. Суперцены каждый день!,Оригинальные смесители Hansgrohe. Скидка 5% на покупку. Переходите на сайт!,,,,,,,
https://hansgrohe-russia.ru/kollektsii/aquno-select-m81?utm_medium=cpc&utm_source=ya_direct&utm_campaign={campaign_name}|{campaign_id}&utm_term={keyword}&utm_content=k50id|01000000{phrase_id}_{retargeting_id}|cid|{campaign_id}|gid|{gbid}|aid|{ad_id}|adp|{addphrases}|pos|{position_type}{position}|src|{source_type}_{source}|dvc|{device_type}|dop_0&k50id=01000000{phrase_id}_{retargeting_id}&cm_id={campaign_id}_{gbid}_{banner_id}_{phrase_id}_{retargeting_id}_{source}_{source_type}_{campaign_type}_{addphrases}_{device_type}_{position_type}_{region_id}&region={region_id}&region_name={region_name}&v=5,Смесители Hansgrohe Aquno Select M81,Покупайте оригинальные смесители от бренда Hansgrohe с гарантией производителя!,,,,,,,
https://hansgrohe-russia.ru/kollektsii/aquno-select-m81?utm_medium=cpc&utm_source=ya_direct&utm_campaign={campaign_name}|{campaign_id}&utm_term={keyword}&utm_content=k50id|01000000{phrase_id}_{retargeting_id}|cid|{campaign_id}|gid|{gbid}|aid|{ad_id}|adp|{addphrases}|pos|{position_type}{position}|src|{source_type}_{source}|dvc|{device_type}|dop_0&k50id=01000000{phrase_id}_{retargeting_id}&cm_id={campaign_id}_{gbid}_{banner_id}_{phrase_id}_{retargeting_id}_{source}_{source_type}_{campaign_type}_{addphrases}_{device_type}_{position_type}_{region_id}&region={region_id}&region_name={region_name}&v=6,Смесители Hansgrohe Aquno Select M81,Оригинальные смесители Hansgrohe. Бесплатная доставка. Покупайте!,,,,,,,
https://hansgrohe-russia.ru/kollektsii/aquno-select-m81?utm_medium=cpc&utm_source=ya_direct&utm_campaign={campaign_name}|{campaign_id}&utm_term={keyword}&utm_content=k50id|01000000{phrase_id}_{retargeting_id}|cid|{campaign_id}|gid|{gbid}|aid|{ad_id}|adp|{addphrases}|pos|{position_type}{position}|src|{source_type}_{source}|dvc|{device_type}|dop_0&k50id=01000000{phrase_id}_{retargeting_id}&cm_id={campaign_id}_{gbid}_{banner_id}_{phrase_id}_{retargeting_id}_{source}_{source_type}_{campaign_type}_{addphrases}_{device_type}_{position_type}_{region_id}&region={region_id}&region_name={region_name}&v=7,Смесители Hansgrohe Aquno Select M81,Приобретайте смесители Hansgrohe с официальной гарантией. Доставка 0 руб!,,,,,,,
https://hansgrohe-russia.ru/kollektsii/aquno-select-m81?utm_medium=cpc&utm_source=ya_direct&utm_campaign={campaign_name}|{campaign_id}&utm_term={keyword}&utm_content=k50id|01000000{phrase_id}_{retargeting_id}|cid|{campaign_id}|gid|{gbid}|aid|{ad_id}|adp|{addphrases}|pos|{position_type}{position}|src|{source_type}_{source}|dvc|{device_type}|dop_0&k50id=01000000{phrase_id}_{retargeting_id}&cm_id={campaign_id}_{gbid}_{banner_id}_{phrase_id}_{retargeting_id}_{source}_{source_type}_{campaign_type}_{addphrases}_{device_type}_{position_type}_{region_id}&region={region_id}&region_name={region_name}&v=8,Смесители Hansgrohe Aquno Select M81,Оригинальные смесители Hansgrohe. Скидка 5% на покупку. Переходите на сайт!,,,,,,,
https://hansgrohe-russia.ru/kollektsii/croma-1?utm_medium=cpc&utm_source=ya_direct&utm_campaign={campaign_name}|{campaign_id}&utm_term={keyword}&utm_content=k50id|01000000{phrase_id}_{retargeting_id}|cid|{campaign_id}|gid|{gbid}|aid|{ad_id}|adp|{addphrases}|pos|{position_type}{position}|src|{source_type}_{source}|dvc|{device_type}|dop_0&k50id=01000000{phrase_id}_{retargeting_id}&cm_id={campaign_id}_{gbid}_{banner_id}_{phrase_id}_{retargeting_id}_{source}_{source_type}_{campaign_type}_{addphrases}_{device_type}_{position_type}_{region_id}&region={region_id}&region_name={region_name}&v=1,Смесители Hansgrohe Croma. Доставка по всей России!,Покупайте оригинальные смесители от бренда Hansgrohe с гарантией производителя!,,,,,,,
https://hansgrohe-russia.ru/kollektsii/croma-1?utm_medium=cpc&utm_source=ya_direct&utm_campaign={campaign_name}|{campaign_id}&utm_term={keyword}&utm_content=k50id|01000000{phrase_id}_{retargeting_id}|cid|{campaign_id}|gid|{gbid}|aid|{ad_id}|adp|{addphrases}|pos|{position_type}{position}|src|{source_type}_{source}|dvc|{device_type}|dop_0&k50id=01000000{phrase_id}_{retargeting_id}&cm_id={campaign_id}_{gbid}_{banner_id}_{phrase_id}_{retargeting_id}_{source}_{source_type}_{campaign_type}_{addphrases}_{device_type}_{position_type}_{region_id}&region={region_id}&region_name={region_name}&v=2,Смесители Hansgrohe Croma. Получайте подарки за покупку!,Оригинальные смесители Hansgrohe. Бесплатная доставка. Покупайте!,,,,,,,
https://hansgrohe-russia.ru/kollektsii/croma-1?utm_medium=cpc&utm_source=ya_direct&utm_campaign={campaign_name}|{campaign_id}&utm_term={keyword}&utm_content=k50id|01000000{phrase_id}_{retargeting_id}|cid|{campaign_id}|gid|{gbid}|aid|{ad_id}|adp|{addphrases}|pos|{position_type}{position}|src|{source_type}_{source}|dvc|{device_type}|dop_0&k50id=01000000{phrase_id}_{retargeting_id}&cm_id={campaign_id}_{gbid}_{banner_id}_{phrase_id}_{retargeting_id}_{source}_{source_type}_{campaign_type}_{addphrases}_{device_type}_{position_type}_{region_id}&region={region_id}&region_name={region_name}&v=3,Смесители Hansgrohe Croma. Оригинальная продукция,Приобретайте смесители Hansgrohe с официальной гарантией. Доставка 0 руб!,,,,,,,
https://hansgrohe-russia.ru/kollektsii/croma-1?utm_medium=cpc&utm_source=ya_direct&utm_campaign={campaign_name}|{campaign_id}&utm_term={keyword}&utm_content=k50id|01000000{phrase_id}_{retargeting_id}|cid|{campaign_id}|gid|{gbid}|aid|{ad_id}|adp|{addphrases}|pos|{position_type}{position}|src|{source_type}_{source}|dvc|{device_type}|dop_0&k50id=01000000{phrase_id}_{retargeting_id}&cm_id={campaign_id}_{gbid}_{banner_id}_{phrase_id}_{retargeting_id}_{source}_{source_type}_{campaign_type}_{addphrases}_{device_type}_{position_type}_{region_id}&region={region_id}&region_name={region_name}&v=4,Смесители Hansgrohe Croma. Суперцены каждый день!,Оригинальные смесители Hansgrohe. Скидка 5% на покупку. Переходите на сайт!,,,,,,,
https://hansgrohe-russia.ru/kollektsii/ecostat-1?utm_medium=cpc&utm_source=ya_direct&utm_campaign={campaign_name}|{campaign_id}&utm_term={keyword}&utm_content=k50id|01000000{phrase_id}_{retargeting_id}|cid|{campaign_id}|gid|{gbid}|aid|{ad_id}|adp|{addphrases}|pos|{position_type}{position}|src|{source_type}_{source}|dvc|{device_type}|dop_0&k50id=01000000{phrase_id}_{retargeting_id}&cm_id={campaign_id}_{gbid}_{banner_id}_{phrase_id}_{retargeting_id}_{source}_{source_type}_{campaign_type}_{addphrases}_{device_type}_{position_type}_{region_id}&region={region_id}&region_name={region_name}&v=1,Смесители для ванны Hansgrohe Ecostat,Покупайте оригинальные смесители от бренда Hansgrohe с гарантией производителя!,,,,,,,
https://hansgrohe-russia.ru/kollektsii/ecostat-1?utm_medium=cpc&utm_source=ya_direct&utm_campaign={campaign_name}|{campaign_id}&utm_term={keyword}&utm_content=k50id|01000000{phrase_id}_{retargeting_id}|cid|{campaign_id}|gid|{gbid}|aid|{ad_id}|adp|{addphrases}|pos|{position_type}{position}|src|{source_type}_{source}|dvc|{device_type}|dop_0&k50id=01000000{phrase_id}_{retargeting_id}&cm_id={campaign_id}_{gbid}_{banner_id}_{phrase_id}_{retargeting_id}_{source}_{source_type}_{campaign_type}_{addphrases}_{device_type}_{position_type}_{region_id}&region={region_id}&region_name={region_name}&v=2,Смесители для ванны Hansgrohe Ecostat,Оригинальные смесители Hansgrohe. Бесплатная доставка. Покупайте!,,,,,,,
https://hansgrohe-russia.ru/kollektsii/ecostat-1?utm_medium=cpc&utm_source=ya_direct&utm_campaign={campaign_name}|{campaign_id}&utm_term={keyword}&utm_content=k50id|01000000{phrase_id}_{retargeting_id}|cid|{campaign_id}|gid|{gbid}|aid|{ad_id}|adp|{addphrases}|pos|{position_type}{position}|src|{source_type}_{source}|dvc|{device_type}|dop_0&k50id=01000000{phrase_id}_{retargeting_id}&cm_id={campaign_id}_{gbid}_{banner_id}_{phrase_id}_{retargeting_id}_{source}_{source_type}_{campaign_type}_{addphrases}_{device_type}_{position_type}_{region_id}&region={region_id}&region_name={region_name}&v=3,Смесители для ванны Hansgrohe Ecostat,Приобретайте смесители Hansgrohe с официальной гарантией. Доставка 0 руб!,,,,,,,
https://hansgrohe-russia.ru/kollektsii/ecostat-1?utm_medium=cpc&utm_source=ya_direct&utm_campaign={campaign_name}|{campaign_id}&utm_term={keyword}&utm_content=k50id|01000000{phrase_id}_{retargeting_id}|cid|{campaign_id}|gid|{gbid}|aid|{ad_id}|adp|{addphrases}|pos|{position_type}{position}|src|{source_type}_{source}|dvc|{device_type}|dop_0&k50id=01000000{phrase_id}_{retargeting_id}&cm_id={campaign_id}_{gbid}_{banner_id}_{phrase_id}_{retargeting_id}_{source}_{source_type}_{campaign_type}_{addphrases}_{device_type}_{position_type}_{region_id}&region={region_id}&region_name={region_name}&v=4,Смесители для ванны Hansgrohe Ecostat,Оригинальные смесители Hansgrohe. Скидка 5% на покупку. Переходите на сайт!,,,,,,,
https://hansgrohe-russia.ru/kollektsii/ecostat-1?utm_medium=cpc&utm_source=ya_direct&utm_campaign={campaign_name}|{campaign_id}&utm_term={keyword}&utm_content=k50id|01000000{phrase_id}_{retargeting_id}|cid|{campaign_id}|gid|{gbid}|aid|{ad_id}|adp|{addphrases}|pos|{position_type}{position}|src|{source_type}_{source}|dvc|{device_type}|dop_0&k50id=01000000{phrase_id}_{retargeting_id}&cm_id={campaign_id}_{gbid}_{banner_id}_{phrase_id}_{retargeting_id}_{source}_{source_type}_{campaign_type}_{addphrases}_{device_type}_{position_type}_{region_id}&region={region_id}&region_name={region_name}&v=5,Смесители для душа Hansgrohe Ecostat,Покупайте оригинальные смесители от бренда Hansgrohe с гарантией производителя!,,,,,,,
https://hansgrohe-russia.ru/kollektsii/ecostat-1?utm_medium=cpc&utm_source=ya_direct&utm_campaign={campaign_name}|{campaign_id}&utm_term={keyword}&utm_content=k50id|01000000{phrase_id}_{retargeting_id}|cid|{campaign_id}|gid|{gbid}|aid|{ad_id}|adp|{addphrases}|pos|{position_type}{position}|src|{source_type}_{source}|dvc|{device_type}|dop_0&k50id=01000000{phrase_id}_{retargeting_id}&cm_id={campaign_id}_{gbid}_{banner_id}_{phrase_id}_{retargeting_id}_{source}_{source_type}_{campaign_type}_{addphrases}_{device_type}_{position_type}_{region_id}&region={region_id}&region_name={region_name}&v=6,Смесители для душа Hansgrohe Ecostat,Оригинальные смесители Hansgrohe. Бесплатная доставка. Покупайте!,,,,,,,
https://hansgrohe-russia.ru/kollektsii/ecostat-1?utm_medium=cpc&utm_source=ya_direct&utm_campaign={campaign_name}|{campaign_id}&utm_term={keyword}&utm_content=k50id|01000000{phrase_id}_{retargeting_id}|cid|{campaign_id}|gid|{gbid}|aid|{ad_id}|adp|{addphrases}|pos|{position_type}{position}|src|{source_type}_{source}|dvc|{device_type}|dop_0&k50id=01000000{phrase_id}_{retargeting_id}&cm_id={campaign_id}_{gbid}_{banner_id}_{phrase_id}_{retargeting_id}_{source}_{source_type}_{campaign_type}_{addphrases}_{device_type}_{position_type}_{region_id}&region={region_id}&region_name={region_name}&v=7,Смесители для душа Hansgrohe Ecostat,Приобретайте смесители Hansgrohe с официальной гарантией. Доставка 0 руб!,,,,,,,
https://hansgrohe-russia.ru/kollektsii/ecostat-1?utm_medium=cpc&utm_source=ya_direct&utm_campaign={campaign_name}|{campaign_id}&utm_term={keyword}&utm_content=k50id|01000000{phrase_id}_{retargeting_id}|cid|{campaign_id}|gid|{gbid}|aid|{ad_id}|adp|{addphrases}|pos|{position_type}{position}|src|{source_type}_{source}|dvc|{device_type}|dop_0&k50id=01000000{phrase_id}_{retargeting_id}&cm_id={campaign_id}_{gbid}_{banner_id}_{phrase_id}_{retargeting_id}_{source}_{source_type}_{campaign_type}_{addphrases}_{device_type}_{position_type}_{region_id}&region={region_id}&region_name={region_name}&v=8,Смесители для душа Hansgrohe Ecostat,Оригинальные смесители Hansgrohe. Скидка 5% на покупку. Переходите на сайт!,,,,,,,
https://hansgrohe-russia.ru/kollektsii/ecostat-1?utm_medium=cpc&utm_source=ya_direct&utm_campaign={campaign_name}|{campaign_id}&utm_term={keyword}&utm_content=k50id|01000000{phrase_id}_{retargeting_id}|cid|{campaign_id}|gid|{gbid}|aid|{ad_id}|adp|{addphrases}|pos|{position_type}{position}|src|{source_type}_{source}|dvc|{device_type}|dop_0&k50id=01000000{phrase_id}_{retargeting_id}&cm_id={campaign_id}_{gbid}_{banner_id}_{phrase_id}_{retargeting_id}_{source}_{source_type}_{campaign_type}_{addphrases}_{device_type}_{position_type}_{region_id}&region={region_id}&region_name={region_name}&v=9,Смесители с термостатом Hansgrohe Ecostat,Покупайте оригинальные смесители от бренда Hansgrohe с гарантией производителя!,,,,,,,
https://hansgrohe-russia.ru/kollektsii/ecostat-1?utm_medium=cpc&utm_source=ya_direct&utm_campaign={campaign_name}|{campaign_id}&utm_term={keyword}&utm_content=k50id|01000000{phrase_id}_{retargeting_id}|cid|{campaign_id}|gid|{gbid}|aid|{ad_id}|adp|{addphrases}|pos|{position_type}{position}|src|{source_type}_{source}|dvc|{device_type}|dop_0&k50id=01000000{phrase_id}_{retargeting_id}&cm_id={campaign_id}_{gbid}_{banner_id}_{phrase_id}_{retargeting_id}_{source}_{source_type}_{campaign_type}_{addphrases}_{device_type}_{position_type}_{region_id}&region={region_id}&region_name={region_name}&v=10,Смесители с термостатом Hansgrohe Ecostat,Оригинальные смесители Hansgrohe. Бесплатная доставка. Покупайте!,,,,,,,
https://hansgrohe-russia.ru/kollektsii/ecostat-1?utm_medium=cpc&utm_source=ya_direct&utm_campaign={campaign_name}|{campaign_id}&utm_term={keyword}&utm_content=k50id|01000000{phrase_id}_{retargeting_id}|cid|{campaign_id}|gid|{gbid}|aid|{ad_id}|adp|{addphrases}|pos|{position_type}{position}|src|{source_type}_{source}|dvc|{device_type}|dop_0&k50id=01000000{phrase_id}_{retargeting_id}&cm_id={campaign_id}_{gbid}_{banner_id}_{phrase_id}_{retargeting_id}_{source}_{source_type}_{campaign_type}_{addphrases}_{device_type}_{position_type}_{region_id}&region={region_id}&region_name={region_name}&v=11,Смесители с термостатом Hansgrohe Ecostat,Приобретайте смесители Hansgrohe с официальной гарантией. Доставка 0 руб!,,,,,,,
https://hansgrohe-russia.ru/kollektsii/ecostat-1?utm_medium=cpc&utm_source=ya_direct&utm_campaign={campaign_name}|{campaign_id}&utm_term={keyword}&utm_content=k50id|01000000{phrase_id}_{retargeting_id}|cid|{campaign_id}|gid|{gbid}|aid|{ad_id}|adp|{addphrases}|pos|{position_type}{position}|src|{source_type}_{source}|dvc|{device_type}|dop_0&k50id=01000000{phrase_id}_{retargeting_id}&cm_id={campaign_id}_{gbid}_{banner_id}_{phrase_id}_{retargeting_id}_{source}_{source_type}_{campaign_type}_{addphrases}_{device_type}_{position_type}_{region_id}&region={region_id}&region_name={region_name}&v=12,Смесители с термостатом Hansgrohe Ecostat,Оригинальные смесители Hansgrohe. Скидка 5% на покупку. Переходите на сайт!,,,,,,,
https://hansgrohe-russia.ru/kollektsii/ecostat-1?utm_medium=cpc&utm_source=ya_direct&utm_campaign={campaign_name}|{campaign_id}&utm_term={keyword}&utm_content=k50id|01000000{phrase_id}_{retargeting_id}|cid|{campaign_id}|gid|{gbid}|aid|{ad_id}|adp|{addphrases}|pos|{position_type}{position}|src|{source_type}_{source}|dvc|{device_type}|dop_0&k50id=01000000{phrase_id}_{retargeting_id}&cm_id={campaign_id}_{gbid}_{banner_id}_{phrase_id}_{retargeting_id}_{source}_{source_type}_{campaign_type}_{addphrases}_{device_type}_{position_type}_{region_id}&region={region_id}&region_name={region_name}&v=13,Смесители Hansgrohe Ecos. Доставка по всей России!,Покупайте оригинальные смесители от бренда Hansgrohe с гарантией производителя!,,,,,,,
https://hansgrohe-russia.ru/kollektsii/ecostat-1?utm_medium=cpc&utm_source=ya_direct&utm_campaign={campaign_name}|{campaign_id}&utm_term={keyword}&utm_content=k50id|01000000{phrase_id}_{retargeting_id}|cid|{campaign_id}|gid|{gbid}|aid|{ad_id}|adp|{addphrases}|pos|{position_type}{position}|src|{source_type}_{source}|dvc|{device_type}|dop_0&k50id=01000000{phrase_id}_{retargeting_id}&cm_id={campaign_id}_{gbid}_{banner_id}_{phrase_id}_{retargeting_id}_{source}_{source_type}_{campaign_type}_{addphrases}_{device_type}_{position_type}_{region_id}&region={region_id}&region_name={region_name}&v=14,Смесители Hansgrohe Ecos. Получайте подарки за покупку!,Оригинальные смесители Hansgrohe. Бесплатная доставка. Покупайте!,,,,,,,
https://hansgrohe-russia.ru/kollektsii/ecostat-1?utm_medium=cpc&utm_source=ya_direct&utm_campaign={campaign_name}|{campaign_id}&utm_term={keyword}&utm_content=k50id|01000000{phrase_id}_{retargeting_id}|cid|{campaign_id}|gid|{gbid}|aid|{ad_id}|adp|{addphrases}|pos|{position_type}{position}|src|{source_type}_{source}|dvc|{device_type}|dop_0&k50id=01000000{phrase_id}_{retargeting_id}&cm_id={campaign_id}_{gbid}_{banner_id}_{phrase_id}_{retargeting_id}_{source}_{source_type}_{campaign_type}_{addphrases}_{device_type}_{position_type}_{region_id}&region={region_id}&region_name={region_name}&v=15,Смесители Hansgrohe Ecos. Оригинальная продукция,Приобретайте смесители Hansgrohe с официальной гарантией. Доставка 0 руб!,,,,,,,
https://hansgrohe-russia.ru/kollektsii/ecostat-1?utm_medium=cpc&utm_source=ya_direct&utm_campaign={campaign_name}|{campaign_id}&utm_term={keyword}&utm_content=k50id|01000000{phrase_id}_{retargeting_id}|cid|{campaign_id}|gid|{gbid}|aid|{ad_id}|adp|{addphrases}|pos|{position_type}{position}|src|{source_type}_{source}|dvc|{device_type}|dop_0&k50id=01000000{phrase_id}_{retargeting_id}&cm_id={campaign_id}_{gbid}_{banner_id}_{phrase_id}_{retargeting_id}_{source}_{source_type}_{campaign_type}_{addphrases}_{device_type}_{position_type}_{region_id}&region={region_id}&region_name={region_name}&v=16,Смесители Hansgrohe Ecos. Суперцены каждый день!,Оригинальные смесители Hansgrohe. Скидка 5% на покупку. Переходите на сайт!,,,,,,,
https://hansgrohe-russia.ru/kollektsii/ecostat-1?utm_medium=cpc&utm_source=ya_direct&utm_campaign={campaign_name}|{campaign_id}&utm_term={keyword}&utm_content=k50id|01000000{phrase_id}_{retargeting_id}|cid|{campaign_id}|gid|{gbid}|aid|{ad_id}|adp|{addphrases}|pos|{position_type}{position}|src|{source_type}_{source}|dvc|{device_type}|dop_0&k50id=01000000{phrase_id}_{retargeting_id}&cm_id={campaign_id}_{gbid}_{banner_id}_{phrase_id}_{retargeting_id}_{source}_{source_type}_{campaign_type}_{addphrases}_{device_type}_{position_type}_{region_id}&region={region_id}&region_name={region_name}&v=17,Смесители Hansgrohe Ecostat. Доставка по всей России!,Покупайте оригинальные смесители от бренда Hansgrohe с гарантией производителя!,,,,,,,
https://hansgrohe-russia.ru/kollektsii/ecostat-1?utm_medium=cpc&utm_source=ya_direct&utm_campaign={campaign_name}|{campaign_id}&utm_term={keyword}&utm_content=k50id|01000000{phrase_id}_{retargeting_id}|cid|{campaign_id}|gid|{gbid}|aid|{ad_id}|adp|{addphrases}|pos|{position_type}{position}|src|{source_type}_{source}|dvc|{device_type}|dop_0&k50id=01000000{phrase_id}_{retargeting_id}&cm_id={campaign_id}_{gbid}_{banner_id}_{phrase_id}_{retargeting_id}_{source}_{source_type}_{campaign_type}_{addphrases}_{device_type}_{position_type}_{region_id}&region={region_id}&region_name={region_name}&v=18,Смесители Hansgrohe Ecostat,Оригинальные смесители Hansgrohe. Бесплатная доставка. Покупайте!,,,,,,,
https://hansgrohe-russia.ru/kollektsii/ecostat-1?utm_medium=cpc&utm_source=ya_direct&utm_campaign={campaign_name}|{campaign_id}&utm_term={keyword}&utm_content=k50id|01000000{phrase_id}_{retargeting_id}|cid|{campaign_id}|gid|{gbid}|aid|{ad_id}|adp|{addphrases}|pos|{position_type}{position}|src|{source_type}_{source}|dvc|{device_type}|dop_0&k50id=01000000{phrase_id}_{retargeting_id}&cm_id={campaign_id}_{gbid}_{banner_id}_{phrase_id}_{retargeting_id}_{source}_{source_type}_{campaign_type}_{addphrases}_{device_type}_{position_type}_{region_id}&region={region_id}&region_name={region_name}&v=19,Смесители Hansgrohe Ecostat. Оригинальная продукция,Приобретайте смесители Hansgrohe с официальной гарантией. Доставка 0 руб!,,,,,,,
https://hansgrohe-russia.ru/kollektsii/ecostat-1?utm_medium=cpc&utm_source=ya_direct&utm_campaign={campaign_name}|{campaign_id}&utm_term={keyword}&utm_content=k50id|01000000{phrase_id}_{retargeting_id}|cid|{campaign_id}|gid|{gbid}|aid|{ad_id}|adp|{addphrases}|pos|{position_type}{position}|src|{source_type}_{source}|dvc|{device_type}|dop_0&k50id=01000000{phrase_id}_{retargeting_id}&cm_id={campaign_id}_{gbid}_{banner_id}_{phrase_id}_{retargeting_id}_{source}_{source_type}_{campaign_type}_{addphrases}_{device_type}_{position_type}_{region_id}&region={region_id}&region_name={region_name}&v=20,Смесители Hansgrohe Ecostat. Суперцены каждый день!,Оригинальные смесители Hansgrohe. Скидка 5% на покупку. Переходите на сайт!,,,,,,,
https://hansgrohe-russia.ru/kollektsii/ecostat-1/shopby/hg_kollektsii-ecostat_comfort?v=1#catalog?utm_medium=cpc&utm_source=ya_direct&utm_campaign={campaign_name}|{campaign_id}&utm_term={keyword}&utm_content=k50id|01000000{phrase_id}_{retargeting_id}|cid|{campaign_id}|gid|{gbid}|aid|{ad_id}|adp|{addphrases}|pos|{position_type}{position}|src|{source_type}_{source}|dvc|{device_type}|dop_0&k50id=01000000{phrase_id}_{retargeting_id}&cm_id={campaign_id}_{gbid}_{banner_id}_{phrase_id}_{retargeting_id}_{source}_{source_type}_{campaign_type}_{addphrases}_{device_type}_{position_type}_{region_id}&region={region_id}&region_name={region_name},Смесители Hansgrohe Ecostat Comfort,Покупайте оригинальные смесители от бренда Hansgrohe с гарантией производителя!,,,,,,,
https://hansgrohe-russia.ru/kollektsii/ecostat-1/shopby/hg_kollektsii-ecostat_comfort?v=2#catalog?utm_medium=cpc&utm_source=ya_direct&utm_campaign={campaign_name}|{campaign_id}&utm_term={keyword}&utm_content=k50id|01000000{phrase_id}_{retargeting_id}|cid|{campaign_id}|gid|{gbid}|aid|{ad_id}|adp|{addphrases}|pos|{position_type}{position}|src|{source_type}_{source}|dvc|{device_type}|dop_0&k50id=01000000{phrase_id}_{retargeting_id}&cm_id={campaign_id}_{gbid}_{banner_id}_{phrase_id}_{retargeting_id}_{source}_{source_type}_{campaign_type}_{addphrases}_{device_type}_{position_type}_{region_id}&region={region_id}&region_name={region_name},Смесители Hansgrohe Ecostat Comfort,Оригинальные смесители Hansgrohe. Бесплатная доставка. Покупайте!,,,,,,,
https://hansgrohe-russia.ru/kollektsii/ecostat-1/shopby/hg_kollektsii-ecostat_comfort?v=3#catalog?utm_medium=cpc&utm_source=ya_direct&utm_campaign={campaign_name}|{campaign_id}&utm_term={keyword}&utm_content=k50id|01000000{phrase_id}_{retargeting_id}|cid|{campaign_id}|gid|{gbid}|aid|{ad_id}|adp|{addphrases}|pos|{position_type}{position}|src|{source_type}_{source}|dvc|{device_type}|dop_0&k50id=01000000{phrase_id}_{retargeting_id}&cm_id={campaign_id}_{gbid}_{banner_id}_{phrase_id}_{retargeting_id}_{source}_{source_type}_{campaign_type}_{addphrases}_{device_type}_{position_type}_{region_id}&region={region_id}&region_name={region_name},Смесители Hansgrohe Ecostat Comfort,Приобретайте смесители Hansgrohe с официальной гарантией. Доставка 0 руб!,,,,,,,
https://hansgrohe-russia.ru/kollektsii/ecostat-1/shopby/hg_kollektsii-ecostat_comfort?v=4#catalog?utm_medium=cpc&utm_source=ya_direct&utm_campaign={campaign_name}|{campaign_id}&utm_term={keyword}&utm_content=k50id|01000000{phrase_id}_{retargeting_id}|cid|{campaign_id}|gid|{gbid}|aid|{ad_id}|adp|{addphrases}|pos|{position_type}{position}|src|{source_type}_{source}|dvc|{device_type}|dop_0&k50id=01000000{phrase_id}_{retargeting_id}&cm_id={campaign_id}_{gbid}_{banner_id}_{phrase_id}_{retargeting_id}_{source}_{source_type}_{campaign_type}_{addphrases}_{device_type}_{position_type}_{region_id}&region={region_id}&region_name={region_name},Смесители Hansgrohe Ecostat Comfort,Оригинальные смесители Hansgrohe. Скидка 5% на покупку. Переходите на сайт!,,,,,,,
https://hansgrohe-russia.ru/kollektsii/ecostat-1/shopby/hg_kollektsii-ecostat_e?v=1#catalog?utm_medium=cpc&utm_source=ya_direct&utm_campaign={campaign_name}|{campaign_id}&utm_term={keyword}&utm_content=k50id|01000000{phrase_id}_{retargeting_id}|cid|{campaign_id}|gid|{gbid}|aid|{ad_id}|adp|{addphrases}|pos|{position_type}{position}|src|{source_type}_{source}|dvc|{device_type}|dop_0&k50id=01000000{phrase_id}_{retargeting_id}&cm_id={campaign_id}_{gbid}_{banner_id}_{phrase_id}_{retargeting_id}_{source}_{source_type}_{campaign_type}_{addphrases}_{device_type}_{position_type}_{region_id}&region={region_id}&region_name={region_name},Смесители Hansgrohe Ecostat E. Доставка по всей России!,Покупайте оригинальные смесители от бренда Hansgrohe с гарантией производителя!,,,,,,,
https://hansgrohe-russia.ru/kollektsii/ecostat-1/shopby/hg_kollektsii-ecostat_e?v=2#catalog?utm_medium=cpc&utm_source=ya_direct&utm_campaign={campaign_name}|{campaign_id}&utm_term={keyword}&utm_content=k50id|01000000{phrase_id}_{retargeting_id}|cid|{campaign_id}|gid|{gbid}|aid|{ad_id}|adp|{addphrases}|pos|{position_type}{position}|src|{source_type}_{source}|dvc|{device_type}|dop_0&k50id=01000000{phrase_id}_{retargeting_id}&cm_id={campaign_id}_{gbid}_{banner_id}_{phrase_id}_{retargeting_id}_{source}_{source_type}_{campaign_type}_{addphrases}_{device_type}_{position_type}_{region_id}&region={region_id}&region_name={region_name},Смесители Hansgrohe Ecostat E,Оригинальные смесители Hansgrohe. Бесплатная доставка. Покупайте!,,,,,,,
https://hansgrohe-russia.ru/kollektsii/ecostat-1/shopby/hg_kollektsii-ecostat_e?v=3#catalog?utm_medium=cpc&utm_source=ya_direct&utm_campaign={campaign_name}|{campaign_id}&utm_term={keyword}&utm_content=k50id|01000000{phrase_id}_{retargeting_id}|cid|{campaign_id}|gid|{gbid}|aid|{ad_id}|adp|{addphrases}|pos|{position_type}{position}|src|{source_type}_{source}|dvc|{device_type}|dop_0&k50id=01000000{phrase_id}_{retargeting_id}&cm_id={campaign_id}_{gbid}_{banner_id}_{phrase_id}_{retargeting_id}_{source}_{source_type}_{campaign_type}_{addphrases}_{device_type}_{position_type}_{region_id}&region={region_id}&region_name={region_name},Смесители Hansgrohe Ecostat E. Оригинальная продукция,Приобретайте смесители Hansgrohe с официальной гарантией. Доставка 0 руб!,,,,,,,
https://hansgrohe-russia.ru/kollektsii/ecostat-1/shopby/hg_kollektsii-ecostat_e?v=4#catalog?utm_medium=cpc&utm_source=ya_direct&utm_campaign={campaign_name}|{campaign_id}&utm_term={keyword}&utm_content=k50id|01000000{phrase_id}_{retargeting_id}|cid|{campaign_id}|gid|{gbid}|aid|{ad_id}|adp|{addphrases}|pos|{position_type}{position}|src|{source_type}_{source}|dvc|{device_type}|dop_0&k50id=01000000{phrase_id}_{retargeting_id}&cm_id={campaign_id}_{gbid}_{banner_id}_{phrase_id}_{retargeting_id}_{source}_{source_type}_{campaign_type}_{addphrases}_{device_type}_{position_type}_{region_id}&region={region_id}&region_name={region_name},Смесители Hansgrohe Ecostat E. Суперцены каждый день!,Оригинальные смесители Hansgrohe. Скидка 5% на покупку. Переходите на сайт!,,,,,,,
https://hansgrohe-russia.ru/kollektsii/focus?utm_medium=cpc&utm_source=ya_direct&utm_campaign={campaign_name}|{campaign_id}&utm_term={keyword}&utm_content=k50id|01000000{phrase_id}_{retargeting_id}|cid|{campaign_id}|gid|{gbid}|aid|{ad_id}|adp|{addphrases}|pos|{position_type}{position}|src|{source_type}_{source}|dvc|{device_type}|dop_0&k50id=01000000{phrase_id}_{retargeting_id}&cm_id={campaign_id}_{gbid}_{banner_id}_{phrase_id}_{retargeting_id}_{source}_{source_type}_{campaign_type}_{addphrases}_{device_type}_{position_type}_{region_id}&region={region_id}&region_name={region_name}&v=1,Краны Hansgrohe Focus. Доставка по всей России!,Покупайте оригинальные смесители от бренда Hansgrohe с гарантией производителя!,,,,,,,
https://hansgrohe-russia.ru/kollektsii/focus?utm_medium=cpc&utm_source=ya_direct&utm_campaign={campaign_name}|{campaign_id}&utm_term={keyword}&utm_content=k50id|01000000{phrase_id}_{retargeting_id}|cid|{campaign_id}|gid|{gbid}|aid|{ad_id}|adp|{addphrases}|pos|{position_type}{position}|src|{source_type}_{source}|dvc|{device_type}|dop_0&k50id=01000000{phrase_id}_{retargeting_id}&cm_id={campaign_id}_{gbid}_{banner_id}_{phrase_id}_{retargeting_id}_{source}_{source_type}_{campaign_type}_{addphrases}_{device_type}_{position_type}_{region_id}&region={region_id}&region_name={region_name}&v=2,Краны Hansgrohe Focus. Получайте подарки за покупку!,Оригинальные смесители Hansgrohe. Бесплатная доставка. Покупайте!,,,,,,,
https://hansgrohe-russia.ru/kollektsii/focus?utm_medium=cpc&utm_source=ya_direct&utm_campaign={campaign_name}|{campaign_id}&utm_term={keyword}&utm_content=k50id|01000000{phrase_id}_{retargeting_id}|cid|{campaign_id}|gid|{gbid}|aid|{ad_id}|adp|{addphrases}|pos|{position_type}{position}|src|{source_type}_{source}|dvc|{device_type}|dop_0&k50id=01000000{phrase_id}_{retargeting_id}&cm_id={campaign_id}_{gbid}_{banner_id}_{phrase_id}_{retargeting_id}_{source}_{source_type}_{campaign_type}_{addphrases}_{device_type}_{position_type}_{region_id}&region={region_id}&region_name={region_name}&v=3,Краны Hansgrohe Focus. Оригинальная продукция,Приобретайте смесители Hansgrohe с официальной гарантией. Доставка 0 руб!,,,,,,,
https://hansgrohe-russia.ru/kollektsii/focus?utm_medium=cpc&utm_source=ya_direct&utm_campaign={campaign_name}|{campaign_id}&utm_term={keyword}&utm_content=k50id|01000000{phrase_id}_{retargeting_id}|cid|{campaign_id}|gid|{gbid}|aid|{ad_id}|adp|{addphrases}|pos|{position_type}{position}|src|{source_type}_{source}|dvc|{device_type}|dop_0&k50id=01000000{phrase_id}_{retargeting_id}&cm_id={campaign_id}_{gbid}_{banner_id}_{phrase_id}_{retargeting_id}_{source}_{source_type}_{campaign_type}_{addphrases}_{device_type}_{position_type}_{region_id}&region={region_id}&region_name={region_name}&v=4,Краны Hansgrohe Focus. Суперцены каждый день!,Оригинальные смесители Hansgrohe. Скидка 5% на покупку. Переходите на сайт!,,,,,,,
https://hansgrohe-russia.ru/kollektsii/focus?utm_medium=cpc&utm_source=ya_direct&utm_campaign={campaign_name}|{campaign_id}&utm_term={keyword}&utm_content=k50id|01000000{phrase_id}_{retargeting_id}|cid|{campaign_id}|gid|{gbid}|aid|{ad_id}|adp|{addphrases}|pos|{position_type}{position}|src|{source_type}_{source}|dvc|{device_type}|dop_0&k50id=01000000{phrase_id}_{retargeting_id}&cm_id={campaign_id}_{gbid}_{banner_id}_{phrase_id}_{retargeting_id}_{source}_{source_type}_{campaign_type}_{addphrases}_{device_type}_{position_type}_{region_id}&region={region_id}&region_name={region_name}&v=5,Смесители Hansgrohe Focus. Доставка по всей России!,Покупайте оригинальные смесители от бренда Hansgrohe с гарантией производителя!,,,,,,,
https://hansgrohe-russia.ru/kollektsii/focus?utm_medium=cpc&utm_source=ya_direct&utm_campaign={campaign_name}|{campaign_id}&utm_term={keyword}&utm_content=k50id|01000000{phrase_id}_{retargeting_id}|cid|{campaign_id}|gid|{gbid}|aid|{ad_id}|adp|{addphrases}|pos|{position_type}{position}|src|{source_type}_{source}|dvc|{device_type}|dop_0&k50id=01000000{phrase_id}_{retargeting_id}&cm_id={campaign_id}_{gbid}_{banner_id}_{phrase_id}_{retargeting_id}_{source}_{source_type}_{campaign_type}_{addphrases}_{device_type}_{position_type}_{region_id}&region={region_id}&region_name={region_name}&v=6,Смесители Hansgrohe Focus. Получайте подарки за покупку!,Оригинальные смесители Hansgrohe. Бесплатная доставка. Покупайте!,,,,,,,
https://hansgrohe-russia.ru/kollektsii/focus?utm_medium=cpc&utm_source=ya_direct&utm_campaign={campaign_name}|{campaign_id}&utm_term={keyword}&utm_content=k50id|01000000{phrase_id}_{retargeting_id}|cid|{campaign_id}|gid|{gbid}|aid|{ad_id}|adp|{addphrases}|pos|{position_type}{position}|src|{source_type}_{source}|dvc|{device_type}|dop_0&k50id=01000000{phrase_id}_{retargeting_id}&cm_id={campaign_id}_{gbid}_{banner_id}_{phrase_id}_{retargeting_id}_{source}_{source_type}_{campaign_type}_{addphrases}_{device_type}_{position_type}_{region_id}&region={region_id}&region_name={region_name}&v=7,Смесители Hansgrohe Focus. Оригинальная продукция,Приобретайте смесители Hansgrohe с официальной гарантией. Доставка 0 руб!,,,,,,,
https://hansgrohe-russia.ru/kollektsii/focus?utm_medium=cpc&utm_source=ya_direct&utm_campaign={campaign_name}|{campaign_id}&utm_term={keyword}&utm_content=k50id|01000000{phrase_id}_{retargeting_id}|cid|{campaign_id}|gid|{gbid}|aid|{ad_id}|adp|{addphrases}|pos|{position_type}{position}|src|{source_type}_{source}|dvc|{device_type}|dop_0&k50id=01000000{phrase_id}_{retargeting_id}&cm_id={campaign_id}_{gbid}_{banner_id}_{phrase_id}_{retargeting_id}_{source}_{source_type}_{campaign_type}_{addphrases}_{device_type}_{position_type}_{region_id}&region={region_id}&region_name={region_name}&v=8,Смесители Hansgrohe Focus. Суперцены каждый день!,Оригинальные смесители Hansgrohe. Скидка 5% на покупку. Переходите на сайт!,,,,,,,
https://hansgrohe-russia.ru/kollektsii/focus?utm_medium=cpc&utm_source=ya_direct&utm_campaign={campaign_name}|{campaign_id}&utm_term={keyword}&utm_content=k50id|01000000{phrase_id}_{retargeting_id}|cid|{campaign_id}|gid|{gbid}|aid|{ad_id}|adp|{addphrases}|pos|{position_type}{position}|src|{source_type}_{source}|dvc|{device_type}|dop_0&k50id=01000000{phrase_id}_{retargeting_id}&cm_id={campaign_id}_{gbid}_{banner_id}_{phrase_id}_{retargeting_id}_{source}_{source_type}_{campaign_type}_{addphrases}_{device_type}_{position_type}_{region_id}&region={region_id}&region_name={region_name}&v=9,Смесители Hansgrohe Focus E. Доставка по всей России!,Покупайте оригинальные смесители от бренда Hansgrohe с гарантией производителя!,,,,,,,
https://hansgrohe-russia.ru/kollektsii/focus?utm_medium=cpc&utm_source=ya_direct&utm_campaign={campaign_name}|{campaign_id}&utm_term={keyword}&utm_content=k50id|01000000{phrase_id}_{retargeting_id}|cid|{campaign_id}|gid|{gbid}|aid|{ad_id}|adp|{addphrases}|pos|{position_type}{position}|src|{source_type}_{source}|dvc|{device_type}|dop_0&k50id=01000000{phrase_id}_{retargeting_id}&cm_id={campaign_id}_{gbid}_{banner_id}_{phrase_id}_{retargeting_id}_{source}_{source_type}_{campaign_type}_{addphrases}_{device_type}_{position_type}_{region_id}&region={region_id}&region_name={region_name}&v=10,Смесители Hansgrohe Focus E,Оригинальные смесители Hansgrohe. Бесплатная доставка. Покупайте!,,,,,,,
https://hansgrohe-russia.ru/kollektsii/focus?utm_medium=cpc&utm_source=ya_direct&utm_campaign={campaign_name}|{campaign_id}&utm_term={keyword}&utm_content=k50id|01000000{phrase_id}_{retargeting_id}|cid|{campaign_id}|gid|{gbid}|aid|{ad_id}|adp|{addphrases}|pos|{position_type}{position}|src|{source_type}_{source}|dvc|{device_type}|dop_0&k50id=01000000{phrase_id}_{retargeting_id}&cm_id={campaign_id}_{gbid}_{banner_id}_{phrase_id}_{retargeting_id}_{source}_{source_type}_{campaign_type}_{addphrases}_{device_type}_{position_type}_{region_id}&region={region_id}&region_name={region_name}&v=11,Смесители Hansgrohe Focus E. Оригинальная продукция,Приобретайте смесители Hansgrohe с официальной гарантией. Доставка 0 руб!,,,,,,,
https://hansgrohe-russia.ru/kollektsii/focus?utm_medium=cpc&utm_source=ya_direct&utm_campaign={campaign_name}|{campaign_id}&utm_term={keyword}&utm_content=k50id|01000000{phrase_id}_{retargeting_id}|cid|{campaign_id}|gid|{gbid}|aid|{ad_id}|adp|{addphrases}|pos|{position_type}{position}|src|{source_type}_{source}|dvc|{device_type}|dop_0&k50id=01000000{phrase_id}_{retargeting_id}&cm_id={campaign_id}_{gbid}_{banner_id}_{phrase_id}_{retargeting_id}_{source}_{source_type}_{campaign_type}_{addphrases}_{device_type}_{position_type}_{region_id}&region={region_id}&region_name={region_name}&v=12,Смесители Hansgrohe Focus E. Суперцены каждый день!,Оригинальные смесители Hansgrohe. Скидка 5% на покупку. Переходите на сайт!,,,,,,,
https://hansgrohe-russia.ru/kollektsii/focus?utm_medium=cpc&utm_source=ya_direct&utm_campaign={campaign_name}|{campaign_id}&utm_term={keyword}&utm_content=k50id|01000000{phrase_id}_{retargeting_id}|cid|{campaign_id}|gid|{gbid}|aid|{ad_id}|adp|{addphrases}|pos|{position_type}{position}|src|{source_type}_{source}|dvc|{device_type}|dop_0&k50id=01000000{phrase_id}_{retargeting_id}&cm_id={campaign_id}_{gbid}_{banner_id}_{phrase_id}_{retargeting_id}_{source}_{source_type}_{campaign_type}_{addphrases}_{device_type}_{position_type}_{region_id}&region={region_id}&region_name={region_name}&v=13,Смесители Hansgrohe Focus E2. Доставка по всей России!,Покупайте оригинальные смесители от бренда Hansgrohe с гарантией производителя!,,,,,,,
https://hansgrohe-russia.ru/kollektsii/focus?utm_medium=cpc&utm_source=ya_direct&utm_campaign={campaign_name}|{campaign_id}&utm_term={keyword}&utm_content=k50id|01000000{phrase_id}_{retargeting_id}|cid|{campaign_id}|gid|{gbid}|aid|{ad_id}|adp|{addphrases}|pos|{position_type}{position}|src|{source_type}_{source}|dvc|{device_type}|dop_0&k50id=01000000{phrase_id}_{retargeting_id}&cm_id={campaign_id}_{gbid}_{banner_id}_{phrase_id}_{retargeting_id}_{source}_{source_type}_{campaign_type}_{addphrases}_{device_type}_{position_type}_{region_id}&region={region_id}&region_name={region_name}&v=14,Смесители Hansgrohe Focus E2,Оригинальные смесители Hansgrohe. Бесплатная доставка. Покупайте!,,,,,,,
https://hansgrohe-russia.ru/kollektsii/focus?utm_medium=cpc&utm_source=ya_direct&utm_campaign={campaign_name}|{campaign_id}&utm_term={keyword}&utm_content=k50id|01000000{phrase_id}_{retargeting_id}|cid|{campaign_id}|gid|{gbid}|aid|{ad_id}|adp|{addphrases}|pos|{position_type}{position}|src|{source_type}_{source}|dvc|{device_type}|dop_0&k50id=01000000{phrase_id}_{retargeting_id}&cm_id={campaign_id}_{gbid}_{banner_id}_{phrase_id}_{retargeting_id}_{source}_{source_type}_{campaign_type}_{addphrases}_{device_type}_{position_type}_{region_id}&region={region_id}&region_name={region_name}&v=15,Смесители Hansgrohe Focus E2. Оригинальная продукция,Приобретайте смесители Hansgrohe с официальной гарантией. Доставка 0 руб!,,,,,,,
https://hansgrohe-russia.ru/kollektsii/focus?utm_medium=cpc&utm_source=ya_direct&utm_campaign={campaign_name}|{campaign_id}&utm_term={keyword}&utm_content=k50id|01000000{phrase_id}_{retargeting_id}|cid|{campaign_id}|gid|{gbid}|aid|{ad_id}|adp|{addphrases}|pos|{position_type}{position}|src|{source_type}_{source}|dvc|{device_type}|dop_0&k50id=01000000{phrase_id}_{retargeting_id}&cm_id={campaign_id}_{gbid}_{banner_id}_{phrase_id}_{retargeting_id}_{source}_{source_type}_{campaign_type}_{addphrases}_{device_type}_{position_type}_{region_id}&region={region_id}&region_name={region_name}&v=16,Смесители Hansgrohe Focus E2. Суперцены каждый день!,Оригинальные смесители Hansgrohe. Скидка 5% на покупку. Переходите на сайт!,,,,,,,
https://hansgrohe-russia.ru/kollektsii/focus?utm_medium=cpc&utm_source=ya_direct&utm_campaign={campaign_name}|{campaign_id}&utm_term={keyword}&utm_content=k50id|01000000{phrase_id}_{retargeting_id}|cid|{campaign_id}|gid|{gbid}|aid|{ad_id}|adp|{addphrases}|pos|{position_type}{position}|src|{source_type}_{source}|dvc|{device_type}|dop_0&k50id=01000000{phrase_id}_{retargeting_id}&cm_id={campaign_id}_{gbid}_{banner_id}_{phrase_id}_{retargeting_id}_{source}_{source_type}_{campaign_type}_{addphrases}_{device_type}_{position_type}_{region_id}&region={region_id}&region_name={region_name}&v=17,Смесители Hansgrohe Focus S. Доставка по всей России!,Покупайте оригинальные смесители от бренда Hansgrohe с гарантией производителя!,,,,,,,
https://hansgrohe-russia.ru/kollektsii/focus?utm_medium=cpc&utm_source=ya_direct&utm_campaign={campaign_name}|{campaign_id}&utm_term={keyword}&utm_content=k50id|01000000{phrase_id}_{retargeting_id}|cid|{campaign_id}|gid|{gbid}|aid|{ad_id}|adp|{addphrases}|pos|{position_type}{position}|src|{source_type}_{source}|dvc|{device_type}|dop_0&k50id=01000000{phrase_id}_{retargeting_id}&cm_id={campaign_id}_{gbid}_{banner_id}_{phrase_id}_{retargeting_id}_{source}_{source_type}_{campaign_type}_{addphrases}_{device_type}_{position_type}_{region_id}&region={region_id}&region_name={region_name}&v=18,Смесители Hansgrohe Focus S,Оригинальные смесители Hansgrohe. Бесплатная доставка. Покупайте!,,,,,,,
https://hansgrohe-russia.ru/kollektsii/focus?utm_medium=cpc&utm_source=ya_direct&utm_campaign={campaign_name}|{campaign_id}&utm_term={keyword}&utm_content=k50id|01000000{phrase_id}_{retargeting_id}|cid|{campaign_id}|gid|{gbid}|aid|{ad_id}|adp|{addphrases}|pos|{position_type}{position}|src|{source_type}_{source}|dvc|{device_type}|dop_0&k50id=01000000{phrase_id}_{retargeting_id}&cm_id={campaign_id}_{gbid}_{banner_id}_{phrase_id}_{retargeting_id}_{source}_{source_type}_{campaign_type}_{addphrases}_{device_type}_{position_type}_{region_id}&region={region_id}&region_name={region_name}&v=19,Смесители Hansgrohe Focus S. Оригинальная продукция,Приобретайте смесители Hansgrohe с официальной гарантией. Доставка 0 руб!,,,,,,,
https://hansgrohe-russia.ru/kollektsii/focus?utm_medium=cpc&utm_source=ya_direct&utm_campaign={campaign_name}|{campaign_id}&utm_term={keyword}&utm_content=k50id|01000000{phrase_id}_{retargeting_id}|cid|{campaign_id}|gid|{gbid}|aid|{ad_id}|adp|{addphrases}|pos|{position_type}{position}|src|{source_type}_{source}|dvc|{device_type}|dop_0&k50id=01000000{phrase_id}_{retargeting_id}&cm_id={campaign_id}_{gbid}_{banner_id}_{phrase_id}_{retargeting_id}_{source}_{source_type}_{campaign_type}_{addphrases}_{device_type}_{position_type}_{region_id}&region={region_id}&region_name={region_name}&v=20,Смесители Hansgrohe Focus S. Суперцены каждый день!,Оригинальные смесители Hansgrohe. Скидка 5% на покупку. Переходите на сайт!,,,,,,,
https://hansgrohe-russia.ru/kollektsii/focus-m41?utm_medium=cpc&utm_source=ya_direct&utm_campaign={campaign_name}|{campaign_id}&utm_term={keyword}&utm_content=k50id|01000000{phrase_id}_{retargeting_id}|cid|{campaign_id}|gid|{gbid}|aid|{ad_id}|adp|{addphrases}|pos|{position_type}{position}|src|{source_type}_{source}|dvc|{device_type}|dop_0&k50id=01000000{phrase_id}_{retargeting_id}&cm_id={campaign_id}_{gbid}_{banner_id}_{phrase_id}_{retargeting_id}_{source}_{source_type}_{campaign_type}_{addphrases}_{device_type}_{position_type}_{region_id}&region={region_id}&region_name={region_name}&v=1,Смесители Hansgrohe Focus M41. Доставка по всей России!,Покупайте оригинальные смесители от бренда Hansgrohe с гарантией производителя!,,,,,,,
https://hansgrohe-russia.ru/kollektsii/focus-m41?utm_medium=cpc&utm_source=ya_direct&utm_campaign={campaign_name}|{campaign_id}&utm_term={keyword}&utm_content=k50id|01000000{phrase_id}_{retargeting_id}|cid|{campaign_id}|gid|{gbid}|aid|{ad_id}|adp|{addphrases}|pos|{position_type}{position}|src|{source_type}_{source}|dvc|{device_type}|dop_0&k50id=01000000{phrase_id}_{retargeting_id}&cm_id={campaign_id}_{gbid}_{banner_id}_{phrase_id}_{retargeting_id}_{source}_{source_type}_{campaign_type}_{addphrases}_{device_type}_{position_type}_{region_id}&region={region_id}&region_name={region_name}&v=2,Смесители Hansgrohe Focus M41,Оригинальные смесители Hansgrohe. Бесплатная доставка. Покупайте!,,,,,,,
https://hansgrohe-russia.ru/kollektsii/focus-m41?utm_medium=cpc&utm_source=ya_direct&utm_campaign={campaign_name}|{campaign_id}&utm_term={keyword}&utm_content=k50id|01000000{phrase_id}_{retargeting_id}|cid|{campaign_id}|gid|{gbid}|aid|{ad_id}|adp|{addphrases}|pos|{position_type}{position}|src|{source_type}_{source}|dvc|{device_type}|dop_0&k50id=01000000{phrase_id}_{retargeting_id}&cm_id={campaign_id}_{gbid}_{banner_id}_{phrase_id}_{retargeting_id}_{source}_{source_type}_{campaign_type}_{addphrases}_{device_type}_{position_type}_{region_id}&region={region_id}&region_name={region_name}&v=3,Смесители Hansgrohe Focus M41. Оригинальная продукция,Приобретайте смесители Hansgrohe с официальной гарантией. Доставка 0 руб!,,,,,,,
https://hansgrohe-russia.ru/kollektsii/focus-m41?utm_medium=cpc&utm_source=ya_direct&utm_campaign={campaign_name}|{campaign_id}&utm_term={keyword}&utm_content=k50id|01000000{phrase_id}_{retargeting_id}|cid|{campaign_id}|gid|{gbid}|aid|{ad_id}|adp|{addphrases}|pos|{position_type}{position}|src|{source_type}_{source}|dvc|{device_type}|dop_0&k50id=01000000{phrase_id}_{retargeting_id}&cm_id={campaign_id}_{gbid}_{banner_id}_{phrase_id}_{retargeting_id}_{source}_{source_type}_{campaign_type}_{addphrases}_{device_type}_{position_type}_{region_id}&region={region_id}&region_name={region_name}&v=4,Смесители Hansgrohe Focus M41. Суперцены каждый день!,Оригинальные смесители Hansgrohe. Скидка 5% на покупку. Переходите на сайт!,,,,,,,
https://hansgrohe-russia.ru/kollektsii/focus/shopby/hg_tip-smesiteli_dlya_dusha?v=1#catalog?utm_medium=cpc&utm_source=ya_direct&utm_campaign={campaign_name}|{campaign_id}&utm_term={keyword}&utm_content=k50id|01000000{phrase_id}_{retargeting_id}|cid|{campaign_id}|gid|{gbid}|aid|{ad_id}|adp|{addphrases}|pos|{position_type}{position}|src|{source_type}_{source}|dvc|{device_type}|dop_0&k50id=01000000{phrase_id}_{retargeting_id}&cm_id={campaign_id}_{gbid}_{banner_id}_{phrase_id}_{retargeting_id}_{source}_{source_type}_{campaign_type}_{addphrases}_{device_type}_{position_type}_{region_id}&region={region_id}&region_name={region_name},Смесители для душа Hansgrohe Focus,Покупайте оригинальные смесители от бренда Hansgrohe с гарантией производителя!,,,,,,,
https://hansgrohe-russia.ru/kollektsii/focus/shopby/hg_tip-smesiteli_dlya_dusha?v=2#catalog?utm_medium=cpc&utm_source=ya_direct&utm_campaign={campaign_name}|{campaign_id}&utm_term={keyword}&utm_content=k50id|01000000{phrase_id}_{retargeting_id}|cid|{campaign_id}|gid|{gbid}|aid|{ad_id}|adp|{addphrases}|pos|{position_type}{position}|src|{source_type}_{source}|dvc|{device_type}|dop_0&k50id=01000000{phrase_id}_{retargeting_id}&cm_id={campaign_id}_{gbid}_{banner_id}_{phrase_id}_{retargeting_id}_{source}_{source_type}_{campaign_type}_{addphrases}_{device_type}_{position_type}_{region_id}&region={region_id}&region_name={region_name},Смесители для душа Hansgrohe Focus,Оригинальные смесители Hansgrohe. Бесплатная доставка. Покупайте!,,,,,,,
https://hansgrohe-russia.ru/kollektsii/focus/shopby/hg_tip-smesiteli_dlya_dusha?v=3#catalog?utm_medium=cpc&utm_source=ya_direct&utm_campaign={campaign_name}|{campaign_id}&utm_term={keyword}&utm_content=k50id|01000000{phrase_id}_{retargeting_id}|cid|{campaign_id}|gid|{gbid}|aid|{ad_id}|adp|{addphrases}|pos|{position_type}{position}|src|{source_type}_{source}|dvc|{device_type}|dop_0&k50id=01000000{phrase_id}_{retargeting_id}&cm_id={campaign_id}_{gbid}_{banner_id}_{phrase_id}_{retargeting_id}_{source}_{source_type}_{campaign_type}_{addphrases}_{device_type}_{position_type}_{region_id}&region={region_id}&region_name={region_name},Смесители для душа Hansgrohe Focus,Приобретайте смесители Hansgrohe с официальной гарантией. Доставка 0 руб!,,,,,,,
https://hansgrohe-russia.ru/kollektsii/focus/shopby/hg_tip-smesiteli_dlya_dusha?v=4#catalog?utm_medium=cpc&utm_source=ya_direct&utm_campaign={campaign_name}|{campaign_id}&utm_term={keyword}&utm_content=k50id|01000000{phrase_id}_{retargeting_id}|cid|{campaign_id}|gid|{gbid}|aid|{ad_id}|adp|{addphrases}|pos|{position_type}{position}|src|{source_type}_{source}|dvc|{device_type}|dop_0&k50id=01000000{phrase_id}_{retargeting_id}&cm_id={campaign_id}_{gbid}_{banner_id}_{phrase_id}_{retargeting_id}_{source}_{source_type}_{campaign_type}_{addphrases}_{device_type}_{position_type}_{region_id}&region={region_id}&region_name={region_name},Смесители для душа Hansgrohe Focus,Оригинальные смесители Hansgrohe. Скидка 5% на покупку. Переходите на сайт!,,,,,,,
https://hansgrohe-russia.ru/kollektsii/focus/shopby/hg_tip-smesiteli_dlya_dusha?v=5#catalog?utm_medium=cpc&utm_source=ya_direct&utm_campaign={campaign_name}|{campaign_id}&utm_term={keyword}&utm_content=k50id|01000000{phrase_id}_{retargeting_id}|cid|{campaign_id}|gid|{gbid}|aid|{ad_id}|adp|{addphrases}|pos|{position_type}{position}|src|{source_type}_{source}|dvc|{device_type}|dop_0&k50id=01000000{phrase_id}_{retargeting_id}&cm_id={campaign_id}_{gbid}_{banner_id}_{phrase_id}_{retargeting_id}_{source}_{source_type}_{campaign_type}_{addphrases}_{device_type}_{position_type}_{region_id}&region={region_id}&region_name={region_name},Смесители для душа Hansgrohe Focus E2,Покупайте оригинальные смесители от бренда Hansgrohe с гарантией производителя!,,,,,,,
https://hansgrohe-russia.ru/kollektsii/focus/shopby/hg_tip-smesiteli_dlya_dusha?v=6#catalog?utm_medium=cpc&utm_source=ya_direct&utm_campaign={campaign_name}|{campaign_id}&utm_term={keyword}&utm_content=k50id|01000000{phrase_id}_{retargeting_id}|cid|{campaign_id}|gid|{gbid}|aid|{ad_id}|adp|{addphrases}|pos|{position_type}{position}|src|{source_type}_{source}|dvc|{device_type}|dop_0&k50id=01000000{phrase_id}_{retargeting_id}&cm_id={campaign_id}_{gbid}_{banner_id}_{phrase_id}_{retargeting_id}_{source}_{source_type}_{campaign_type}_{addphrases}_{device_type}_{position_type}_{region_id}&region={region_id}&region_name={region_name},Смесители для душа Hansgrohe Focus E2,Оригинальные смесители Hansgrohe. Бесплатная доставка. Покупайте!,,,,,,,
https://hansgrohe-russia.ru/kollektsii/focus/shopby/hg_tip-smesiteli_dlya_dusha?v=7#catalog?utm_medium=cpc&utm_source=ya_direct&utm_campaign={campaign_name}|{campaign_id}&utm_term={keyword}&utm_content=k50id|01000000{phrase_id}_{retargeting_id}|cid|{campaign_id}|gid|{gbid}|aid|{ad_id}|adp|{addphrases}|pos|{position_type}{position}|src|{source_type}_{source}|dvc|{device_type}|dop_0&k50id=01000000{phrase_id}_{retargeting_id}&cm_id={campaign_id}_{gbid}_{banner_id}_{phrase_id}_{retargeting_id}_{source}_{source_type}_{campaign_type}_{addphrases}_{device_type}_{position_type}_{region_id}&region={region_id}&region_name={region_name},Смесители для душа Hansgrohe Focus E2,Приобретайте смесители Hansgrohe с официальной гарантией. Доставка 0 руб!,,,,,,,
https://hansgrohe-russia.ru/kollektsii/focus/shopby/hg_tip-smesiteli_dlya_dusha?v=8#catalog?utm_medium=cpc&utm_source=ya_direct&utm_campaign={campaign_name}|{campaign_id}&utm_term={keyword}&utm_content=k50id|01000000{phrase_id}_{retargeting_id}|cid|{campaign_id}|gid|{gbid}|aid|{ad_id}|adp|{addphrases}|pos|{position_type}{position}|src|{source_type}_{source}|dvc|{device_type}|dop_0&k50id=01000000{phrase_id}_{retargeting_id}&cm_id={campaign_id}_{gbid}_{banner_id}_{phrase_id}_{retargeting_id}_{source}_{source_type}_{campaign_type}_{addphrases}_{device_type}_{position_type}_{region_id}&region={region_id}&region_name={region_name},Смесители для душа Hansgrohe Focus E2,Оригинальные смесители Hansgrohe. Скидка 5% на покупку. Переходите на сайт!,,,,,,,
https://hansgrohe-russia.ru/kollektsii/focus/shopby/hg_tip-smesiteli_dlya_dusha?v=9#catalog?utm_medium=cpc&utm_source=ya_direct&utm_campaign={campaign_name}|{campaign_id}&utm_term={keyword}&utm_content=k50id|01000000{phrase_id}_{retargeting_id}|cid|{campaign_id}|gid|{gbid}|aid|{ad_id}|adp|{addphrases}|pos|{position_type}{position}|src|{source_type}_{source}|dvc|{device_type}|dop_0&k50id=01000000{phrase_id}_{retargeting_id}&cm_id={campaign_id}_{gbid}_{banner_id}_{phrase_id}_{retargeting_id}_{source}_{source_type}_{campaign_type}_{addphrases}_{device_type}_{position_type}_{region_id}&region={region_id}&region_name={region_name},Смесители для душа Hansgrohe Focus Logis,Покупайте оригинальные смесители от бренда Hansgrohe с гарантией производителя!,,,,,,,
https://hansgrohe-russia.ru/kollektsii/focus/shopby/hg_tip-smesiteli_dlya_dusha?v=10#catalog?utm_medium=cpc&utm_source=ya_direct&utm_campaign={campaign_name}|{campaign_id}&utm_term={keyword}&utm_content=k50id|01000000{phrase_id}_{retargeting_id}|cid|{campaign_id}|gid|{gbid}|aid|{ad_id}|adp|{addphrases}|pos|{position_type}{position}|src|{source_type}_{source}|dvc|{device_type}|dop_0&k50id=01000000{phrase_id}_{retargeting_id}&cm_id={campaign_id}_{gbid}_{banner_id}_{phrase_id}_{retargeting_id}_{source}_{source_type}_{campaign_type}_{addphrases}_{device_type}_{position_type}_{region_id}&region={region_id}&region_name={region_name},Смесители для душа Hansgrohe Focus Logis,Оригинальные смесители Hansgrohe. Бесплатная доставка. Покупайте!,,,,,,,
https://hansgrohe-russia.ru/kollektsii/focus/shopby/hg_tip-smesiteli_dlya_dusha?v=11#catalog?utm_medium=cpc&utm_source=ya_direct&utm_campaign={campaign_name}|{campaign_id}&utm_term={keyword}&utm_content=k50id|01000000{phrase_id}_{retargeting_id}|cid|{campaign_id}|gid|{gbid}|aid|{ad_id}|adp|{addphrases}|pos|{position_type}{position}|src|{source_type}_{source}|dvc|{device_type}|dop_0&k50id=01000000{phrase_id}_{retargeting_id}&cm_id={campaign_id}_{gbid}_{banner_id}_{phrase_id}_{retargeting_id}_{source}_{source_type}_{campaign_type}_{addphrases}_{device_type}_{position_type}_{region_id}&region={region_id}&region_name={region_name},Смесители для душа Hansgrohe Focus Logis,Приобретайте смесители Hansgrohe с официальной гарантией. Доставка 0 руб!,,,,,,,
https://hansgrohe-russia.ru/kollektsii/focus/shopby/hg_tip-smesiteli_dlya_dusha?v=12#catalog?utm_medium=cpc&utm_source=ya_direct&utm_campaign={campaign_name}|{campaign_id}&utm_term={keyword}&utm_content=k50id|01000000{phrase_id}_{retargeting_id}|cid|{campaign_id}|gid|{gbid}|aid|{ad_id}|adp|{addphrases}|pos|{position_type}{position}|src|{source_type}_{source}|dvc|{device_type}|dop_0&k50id=01000000{phrase_id}_{retargeting_id}&cm_id={campaign_id}_{gbid}_{banner_id}_{phrase_id}_{retargeting_id}_{source}_{source_type}_{campaign_type}_{addphrases}_{device_type}_{position_type}_{region_id}&region={region_id}&region_name={region_name},Смесители для душа Hansgrohe Focus Logis,Оригинальные смесители Hansgrohe. Скидка 5% на покупку. Переходите на сайт!,,,,,,,
https://hansgrohe-russia.ru/kollektsii/focus/shopby/hg_tip-smesiteli_dlya_rakoviny?v=1#catalog?utm_medium=cpc&utm_source=ya_direct&utm_campaign={campaign_name}|{campaign_id}&utm_term={keyword}&utm_content=k50id|01000000{phrase_id}_{retargeting_id}|cid|{campaign_id}|gid|{gbid}|aid|{ad_id}|adp|{addphrases}|pos|{position_type}{position}|src|{source_type}_{source}|dvc|{device_type}|dop_0&k50id=01000000{phrase_id}_{retargeting_id}&cm_id={campaign_id}_{gbid}_{banner_id}_{phrase_id}_{retargeting_id}_{source}_{source_type}_{campaign_type}_{addphrases}_{device_type}_{position_type}_{region_id}&region={region_id}&region_name={region_name},Смесители для раковины Hansgrohe Focus,Покупайте оригинальные смесители от бренда Hansgrohe с гарантией производителя!,,,,,,,
https://hansgrohe-russia.ru/kollektsii/focus/shopby/hg_tip-smesiteli_dlya_rakoviny?v=2#catalog?utm_medium=cpc&utm_source=ya_direct&utm_campaign={campaign_name}|{campaign_id}&utm_term={keyword}&utm_content=k50id|01000000{phrase_id}_{retargeting_id}|cid|{campaign_id}|gid|{gbid}|aid|{ad_id}|adp|{addphrases}|pos|{position_type}{position}|src|{source_type}_{source}|dvc|{device_type}|dop_0&k50id=01000000{phrase_id}_{retargeting_id}&cm_id={campaign_id}_{gbid}_{banner_id}_{phrase_id}_{retargeting_id}_{source}_{source_type}_{campaign_type}_{addphrases}_{device_type}_{position_type}_{region_id}&region={region_id}&region_name={region_name},Смесители для раковины Hansgrohe Focus,Оригинальные смесители Hansgrohe. Бесплатная доставка. Покупайте!,,,,,,,
https://hansgrohe-russia.ru/kollektsii/focus/shopby/hg_tip-smesiteli_dlya_rakoviny?v=3#catalog?utm_medium=cpc&utm_source=ya_direct&utm_campaign={campaign_name}|{campaign_id}&utm_term={keyword}&utm_content=k50id|01000000{phrase_id}_{retargeting_id}|cid|{campaign_id}|gid|{gbid}|aid|{ad_id}|adp|{addphrases}|pos|{position_type}{position}|src|{source_type}_{source}|dvc|{device_type}|dop_0&k50id=01000000{phrase_id}_{retargeting_id}&cm_id={campaign_id}_{gbid}_{banner_id}_{phrase_id}_{retargeting_id}_{source}_{source_type}_{campaign_type}_{addphrases}_{device_type}_{position_type}_{region_id}&region={region_id}&region_name={region_name},Смесители для раковины Hansgrohe Focus,Приобретайте смесители Hansgrohe с официальной гарантией. Доставка 0 руб!,,,,,,,
https://hansgrohe-russia.ru/kollektsii/focus/shopby/hg_tip-smesiteli_dlya_rakoviny?v=4#catalog?utm_medium=cpc&utm_source=ya_direct&utm_campaign={campaign_name}|{campaign_id}&utm_term={keyword}&utm_content=k50id|01000000{phrase_id}_{retargeting_id}|cid|{campaign_id}|gid|{gbid}|aid|{ad_id}|adp|{addphrases}|pos|{position_type}{position}|src|{source_type}_{source}|dvc|{device_type}|dop_0&k50id=01000000{phrase_id}_{retargeting_id}&cm_id={campaign_id}_{gbid}_{banner_id}_{phrase_id}_{retargeting_id}_{source}_{source_type}_{campaign_type}_{addphrases}_{device_type}_{position_type}_{region_id}&region={region_id}&region_name={region_name},Смесители для раковины Hansgrohe Focus,Оригинальные смесители Hansgrohe. Скидка 5% на покупку. Переходите на сайт!,,,,,,,
https://hansgrohe-russia.ru/kollektsii/focus/shopby/hg_tip-smesiteli_dlya_rakoviny?v=5#catalog?utm_medium=cpc&utm_source=ya_direct&utm_campaign={campaign_name}|{campaign_id}&utm_term={keyword}&utm_content=k50id|01000000{phrase_id}_{retargeting_id}|cid|{campaign_id}|gid|{gbid}|aid|{ad_id}|adp|{addphrases}|pos|{position_type}{position}|src|{source_type}_{source}|dvc|{device_type}|dop_0&k50id=01000000{phrase_id}_{retargeting_id}&cm_id={campaign_id}_{gbid}_{banner_id}_{phrase_id}_{retargeting_id}_{source}_{source_type}_{campaign_type}_{addphrases}_{device_type}_{position_type}_{region_id}&region={region_id}&region_name={region_name},Смесители для раковины Hansgrohe Focus E2,Покупайте оригинальные смесители от бренда Hansgrohe с гарантией производителя!,,,,,,,
https://hansgrohe-russia.ru/kollektsii/focus/shopby/hg_tip-smesiteli_dlya_rakoviny?v=6#catalog?utm_medium=cpc&utm_source=ya_direct&utm_campaign={campaign_name}|{campaign_id}&utm_term={keyword}&utm_content=k50id|01000000{phrase_id}_{retargeting_id}|cid|{campaign_id}|gid|{gbid}|aid|{ad_id}|adp|{addphrases}|pos|{position_type}{position}|src|{source_type}_{source}|dvc|{device_type}|dop_0&k50id=01000000{phrase_id}_{retargeting_id}&cm_id={campaign_id}_{gbid}_{banner_id}_{phrase_id}_{retargeting_id}_{source}_{source_type}_{campaign_type}_{addphrases}_{device_type}_{position_type}_{region_id}&region={region_id}&region_name={region_name},Смесители для раковины Hansgrohe Focus E2,Оригинальные смесители Hansgrohe. Бесплатная доставка. Покупайте!,,,,,,,
https://hansgrohe-russia.ru/kollektsii/focus/shopby/hg_tip-smesiteli_dlya_rakoviny?v=7#catalog?utm_medium=cpc&utm_source=ya_direct&utm_campaign={campaign_name}|{campaign_id}&utm_term={keyword}&utm_content=k50id|01000000{phrase_id}_{retargeting_id}|cid|{campaign_id}|gid|{gbid}|aid|{ad_id}|adp|{addphrases}|pos|{position_type}{position}|src|{source_type}_{source}|dvc|{device_type}|dop_0&k50id=01000000{phrase_id}_{retargeting_id}&cm_id={campaign_id}_{gbid}_{banner_id}_{phrase_id}_{retargeting_id}_{source}_{source_type}_{campaign_type}_{addphrases}_{device_type}_{position_type}_{region_id}&region={region_id}&region_name={region_name},Смесители для раковины Hansgrohe Focus E2,Приобретайте смесители Hansgrohe с официальной гарантией. Доставка 0 руб!,,,,,,,
https://hansgrohe-russia.ru/kollektsii/focus/shopby/hg_tip-smesiteli_dlya_rakoviny?v=8#catalog?utm_medium=cpc&utm_source=ya_direct&utm_campaign={campaign_name}|{campaign_id}&utm_term={keyword}&utm_content=k50id|01000000{phrase_id}_{retargeting_id}|cid|{campaign_id}|gid|{gbid}|aid|{ad_id}|adp|{addphrases}|pos|{position_type}{position}|src|{source_type}_{source}|dvc|{device_type}|dop_0&k50id=01000000{phrase_id}_{retargeting_id}&cm_id={campaign_id}_{gbid}_{banner_id}_{phrase_id}_{retargeting_id}_{source}_{source_type}_{campaign_type}_{addphrases}_{device_type}_{position_type}_{region_id}&region={region_id}&region_name={region_name},Смесители для раковины Hansgrohe Focus E2,Оригинальные смесители Hansgrohe. Скидка 5% на покупку. Переходите на сайт!,,,,,,,
https://hansgrohe-russia.ru/kollektsii/focus/shopby/hg_tip-smesiteli_dlya_vanny?v=1#catalog?utm_medium=cpc&utm_source=ya_direct&utm_campaign={campaign_name}|{campaign_id}&utm_term={keyword}&utm_content=k50id|01000000{phrase_id}_{retargeting_id}|cid|{campaign_id}|gid|{gbid}|aid|{ad_id}|adp|{addphrases}|pos|{position_type}{position}|src|{source_type}_{source}|dvc|{device_type}|dop_0&k50id=01000000{phrase_id}_{retargeting_id}&cm_id={campaign_id}_{gbid}_{banner_id}_{phrase_id}_{retargeting_id}_{source}_{source_type}_{campaign_type}_{addphrases}_{device_type}_{position_type}_{region_id}&region={region_id}&region_name={region_name},Смесители для ванны Hansgrohe Focus,Покупайте оригинальные смесители от бренда Hansgrohe с гарантией производителя!,,,,,,,
https://hansgrohe-russia.ru/kollektsii/focus/shopby/hg_tip-smesiteli_dlya_vanny?v=2#catalog?utm_medium=cpc&utm_source=ya_direct&utm_campaign={campaign_name}|{campaign_id}&utm_term={keyword}&utm_content=k50id|01000000{phrase_id}_{retargeting_id}|cid|{campaign_id}|gid|{gbid}|aid|{ad_id}|adp|{addphrases}|pos|{position_type}{position}|src|{source_type}_{source}|dvc|{device_type}|dop_0&k50id=01000000{phrase_id}_{retargeting_id}&cm_id={campaign_id}_{gbid}_{banner_id}_{phrase_id}_{retargeting_id}_{source}_{source_type}_{campaign_type}_{addphrases}_{device_type}_{position_type}_{region_id}&region={region_id}&region_name={region_name},Смесители для ванны Hansgrohe Focus,Оригинальные смесители Hansgrohe. Бесплатная доставка. Покупайте!,,,,,,,
https://hansgrohe-russia.ru/kollektsii/focus/shopby/hg_tip-smesiteli_dlya_vanny?v=3#catalog?utm_medium=cpc&utm_source=ya_direct&utm_campaign={campaign_name}|{campaign_id}&utm_term={keyword}&utm_content=k50id|01000000{phrase_id}_{retargeting_id}|cid|{campaign_id}|gid|{gbid}|aid|{ad_id}|adp|{addphrases}|pos|{position_type}{position}|src|{source_type}_{source}|dvc|{device_type}|dop_0&k50id=01000000{phrase_id}_{retargeting_id}&cm_id={campaign_id}_{gbid}_{banner_id}_{phrase_id}_{retargeting_id}_{source}_{source_type}_{campaign_type}_{addphrases}_{device_type}_{position_type}_{region_id}&region={region_id}&region_name={region_name},Смесители для ванны Hansgrohe Focus,Приобретайте смесители Hansgrohe с официальной гарантией. Доставка 0 руб!,,,,,,,
https://hansgrohe-russia.ru/kollektsii/focus/shopby/hg_tip-smesiteli_dlya_vanny?v=4#catalog?utm_medium=cpc&utm_source=ya_direct&utm_campaign={campaign_name}|{campaign_id}&utm_term={keyword}&utm_content=k50id|01000000{phrase_id}_{retargeting_id}|cid|{campaign_id}|gid|{gbid}|aid|{ad_id}|adp|{addphrases}|pos|{position_type}{position}|src|{source_type}_{source}|dvc|{device_type}|dop_0&k50id=01000000{phrase_id}_{retargeting_id}&cm_id={campaign_id}_{gbid}_{banner_id}_{phrase_id}_{retargeting_id}_{source}_{source_type}_{campaign_type}_{addphrases}_{device_type}_{position_type}_{region_id}&region={region_id}&region_name={region_name},Смесители для ванны Hansgrohe Focus,Оригинальные смесители Hansgrohe. Скидка 5% на покупку. Переходите на сайт!,,,,,,,
https://hansgrohe-russia.ru/kollektsii/focus/shopby/hg_tip-smesiteli_dlya_vanny?v=5#catalog?utm_medium=cpc&utm_source=ya_direct&utm_campaign={campaign_name}|{campaign_id}&utm_term={keyword}&utm_content=k50id|01000000{phrase_id}_{retargeting_id}|cid|{campaign_id}|gid|{gbid}|aid|{ad_id}|adp|{addphrases}|pos|{position_type}{position}|src|{source_type}_{source}|dvc|{device_type}|dop_0&k50id=01000000{phrase_id}_{retargeting_id}&cm_id={campaign_id}_{gbid}_{banner_id}_{phrase_id}_{retargeting_id}_{source}_{source_type}_{campaign_type}_{addphrases}_{device_type}_{position_type}_{region_id}&region={region_id}&region_name={region_name},Смесители для ванны Hansgrohe Focus E2,Покупайте оригинальные смесители от бренда Hansgrohe с гарантией производителя!,,,,,,,
https://hansgrohe-russia.ru/kollektsii/focus/shopby/hg_tip-smesiteli_dlya_vanny?v=6#catalog?utm_medium=cpc&utm_source=ya_direct&utm_campaign={campaign_name}|{campaign_id}&utm_term={keyword}&utm_content=k50id|01000000{phrase_id}_{retargeting_id}|cid|{campaign_id}|gid|{gbid}|aid|{ad_id}|adp|{addphrases}|pos|{position_type}{position}|src|{source_type}_{source}|dvc|{device_type}|dop_0&k50id=01000000{phrase_id}_{retargeting_id}&cm_id={campaign_id}_{gbid}_{banner_id}_{phrase_id}_{retargeting_id}_{source}_{source_type}_{campaign_type}_{addphrases}_{device_type}_{position_type}_{region_id}&region={region_id}&region_name={region_name},Смесители для ванны Hansgrohe Focus E2,Оригинальные смесители Hansgrohe. Бесплатная доставка. Покупайте!,,,,,,,
https://hansgrohe-russia.ru/kollektsii/focus/shopby/hg_tip-smesiteli_dlya_vanny?v=7#catalog?utm_medium=cpc&utm_source=ya_direct&utm_campaign={campaign_name}|{campaign_id}&utm_term={keyword}&utm_content=k50id|01000000{phrase_id}_{retargeting_id}|cid|{campaign_id}|gid|{gbid}|aid|{ad_id}|adp|{addphrases}|pos|{position_type}{position}|src|{source_type}_{source}|dvc|{device_type}|dop_0&k50id=01000000{phrase_id}_{retargeting_id}&cm_id={campaign_id}_{gbid}_{banner_id}_{phrase_id}_{retargeting_id}_{source}_{source_type}_{campaign_type}_{addphrases}_{device_type}_{position_type}_{region_id}&region={region_id}&region_name={region_name},Смесители для ванны Hansgrohe Focus E2,Приобретайте смесители Hansgrohe с официальной гарантией. Доставка 0 руб!,,,,,,,
https://hansgrohe-russia.ru/kollektsii/focus/shopby/hg_tip-smesiteli_dlya_vanny?v=8#catalog?utm_medium=cpc&utm_source=ya_direct&utm_campaign={campaign_name}|{campaign_id}&utm_term={keyword}&utm_content=k50id|01000000{phrase_id}_{retargeting_id}|cid|{campaign_id}|gid|{gbid}|aid|{ad_id}|adp|{addphrases}|pos|{position_type}{position}|src|{source_type}_{source}|dvc|{device_type}|dop_0&k50id=01000000{phrase_id}_{retargeting_id}&cm_id={campaign_id}_{gbid}_{banner_id}_{phrase_id}_{retargeting_id}_{source}_{source_type}_{campaign_type}_{addphrases}_{device_type}_{position_type}_{region_id}&region={region_id}&region_name={region_name},Смесители для ванны Hansgrohe Focus E2,Оригинальные смесители Hansgrohe. Скидка 5% на покупку. Переходите на сайт!,,,,,,,
https://hansgrohe-russia.ru/kollektsii/logis-1?utm_medium=cpc&utm_source=ya_direct&utm_campaign={campaign_name}|{campaign_id}&utm_term={keyword}&utm_content=k50id|01000000{phrase_id}_{retargeting_id}|cid|{campaign_id}|gid|{gbid}|aid|{ad_id}|adp|{addphrases}|pos|{position_type}{position}|src|{source_type}_{source}|dvc|{device_type}|dop_0&k50id=01000000{phrase_id}_{retargeting_id}&cm_id={campaign_id}_{gbid}_{banner_id}_{phrase_id}_{retargeting_id}_{source}_{source_type}_{campaign_type}_{addphrases}_{device_type}_{position_type}_{region_id}&region={region_id}&region_name={region_name}&v=1,Комплект смесителей Hansgrohe Logis,Покупайте оригинальные смесители от бренда Hansgrohe с гарантией производителя!,,,,,,,
https://hansgrohe-russia.ru/kollektsii/logis-1?utm_medium=cpc&utm_source=ya_direct&utm_campaign={campaign_name}|{campaign_id}&utm_term={keyword}&utm_content=k50id|01000000{phrase_id}_{retargeting_id}|cid|{campaign_id}|gid|{gbid}|aid|{ad_id}|adp|{addphrases}|pos|{position_type}{position}|src|{source_type}_{source}|dvc|{device_type}|dop_0&k50id=01000000{phrase_id}_{retargeting_id}&cm_id={campaign_id}_{gbid}_{banner_id}_{phrase_id}_{retargeting_id}_{source}_{source_type}_{campaign_type}_{addphrases}_{device_type}_{position_type}_{region_id}&region={region_id}&region_name={region_name}&v=2,Комплект смесителей Hansgrohe Logis,Оригинальные смесители Hansgrohe. Бесплатная доставка. Покупайте!,,,,,,,
https://hansgrohe-russia.ru/kollektsii/logis-1?utm_medium=cpc&utm_source=ya_direct&utm_campaign={campaign_name}|{campaign_id}&utm_term={keyword}&utm_content=k50id|01000000{phrase_id}_{retargeting_id}|cid|{campaign_id}|gid|{gbid}|aid|{ad_id}|adp|{addphrases}|pos|{position_type}{position}|src|{source_type}_{source}|dvc|{device_type}|dop_0&k50id=01000000{phrase_id}_{retargeting_id}&cm_id={campaign_id}_{gbid}_{banner_id}_{phrase_id}_{retargeting_id}_{source}_{source_type}_{campaign_type}_{addphrases}_{device_type}_{position_type}_{region_id}&region={region_id}&region_name={region_name}&v=3,Комплект смесителей Hansgrohe Logis,Приобретайте смесители Hansgrohe с официальной гарантией. Доставка 0 руб!,,,,,,,
https://hansgrohe-russia.ru/kollektsii/logis-1?utm_medium=cpc&utm_source=ya_direct&utm_campaign={campaign_name}|{campaign_id}&utm_term={keyword}&utm_content=k50id|01000000{phrase_id}_{retargeting_id}|cid|{campaign_id}|gid|{gbid}|aid|{ad_id}|adp|{addphrases}|pos|{position_type}{position}|src|{source_type}_{source}|dvc|{device_type}|dop_0&k50id=01000000{phrase_id}_{retargeting_id}&cm_id={campaign_id}_{gbid}_{banner_id}_{phrase_id}_{retargeting_id}_{source}_{source_type}_{campaign_type}_{addphrases}_{device_type}_{position_type}_{region_id}&region={region_id}&region_name={region_name}&v=4,Комплект смесителей Hansgrohe Logis,Оригинальные смесители Hansgrohe. Скидка 5% на покупку. Переходите на сайт!,,,,,,,
https://hansgrohe-russia.ru/kollektsii/logis-1?utm_medium=cpc&utm_source=ya_direct&utm_campaign={campaign_name}|{campaign_id}&utm_term={keyword}&utm_content=k50id|01000000{phrase_id}_{retargeting_id}|cid|{campaign_id}|gid|{gbid}|aid|{ad_id}|adp|{addphrases}|pos|{position_type}{position}|src|{source_type}_{source}|dvc|{device_type}|dop_0&k50id=01000000{phrase_id}_{retargeting_id}&cm_id={campaign_id}_{gbid}_{banner_id}_{phrase_id}_{retargeting_id}_{source}_{source_type}_{campaign_type}_{addphrases}_{device_type}_{position_type}_{region_id}&region={region_id}&region_name={region_name}&v=5,Набор смесителей Hansgrohe Logis,Покупайте оригинальные смесители от бренда Hansgrohe с гарантией производителя!,,,,,,,
https://hansgrohe-russia.ru/kollektsii/logis-1?utm_medium=cpc&utm_source=ya_direct&utm_campaign={campaign_name}|{campaign_id}&utm_term={keyword}&utm_content=k50id|01000000{phrase_id}_{retargeting_id}|cid|{campaign_id}|gid|{gbid}|aid|{ad_id}|adp|{addphrases}|pos|{position_type}{position}|src|{source_type}_{source}|dvc|{device_type}|dop_0&k50id=01000000{phrase_id}_{retargeting_id}&cm_id={campaign_id}_{gbid}_{banner_id}_{phrase_id}_{retargeting_id}_{source}_{source_type}_{campaign_type}_{addphrases}_{device_type}_{position_type}_{region_id}&region={region_id}&region_name={region_name}&v=6,Набор смесителей Hansgrohe Logis,Оригинальные смесители Hansgrohe. Бесплатная доставка. Покупайте!,,,,,,,
https://hansgrohe-russia.ru/kollektsii/logis-1?utm_medium=cpc&utm_source=ya_direct&utm_campaign={campaign_name}|{campaign_id}&utm_term={keyword}&utm_content=k50id|01000000{phrase_id}_{retargeting_id}|cid|{campaign_id}|gid|{gbid}|aid|{ad_id}|adp|{addphrases}|pos|{position_type}{position}|src|{source_type}_{source}|dvc|{device_type}|dop_0&k50id=01000000{phrase_id}_{retargeting_id}&cm_id={campaign_id}_{gbid}_{banner_id}_{phrase_id}_{retargeting_id}_{source}_{source_type}_{campaign_type}_{addphrases}_{device_type}_{position_type}_{region_id}&region={region_id}&region_name={region_name}&v=7,Набор смесителей Hansgrohe Logis. Оригинальная продукция,Приобретайте смесители Hansgrohe с официальной гарантией. Доставка 0 руб!,,,,,,,
https://hansgrohe-russia.ru/kollektsii/logis-1?utm_medium=cpc&utm_source=ya_direct&utm_campaign={campaign_name}|{campaign_id}&utm_term={keyword}&utm_content=k50id|01000000{phrase_id}_{retargeting_id}|cid|{campaign_id}|gid|{gbid}|aid|{ad_id}|adp|{addphrases}|pos|{position_type}{position}|src|{source_type}_{source}|dvc|{device_type}|dop_0&k50id=01000000{phrase_id}_{retargeting_id}&cm_id={campaign_id}_{gbid}_{banner_id}_{phrase_id}_{retargeting_id}_{source}_{source_type}_{campaign_type}_{addphrases}_{device_type}_{position_type}_{region_id}&region={region_id}&region_name={region_name}&v=8,Набор смесителей Hansgrohe Logis. Суперцены каждый день!,Оригинальные смесители Hansgrohe. Скидка 5% на покупку. Переходите на сайт!,,,,,,,
https://hansgrohe-russia.ru/kollektsii/logis-1?utm_medium=cpc&utm_source=ya_direct&utm_campaign={campaign_name}|{campaign_id}&utm_term={keyword}&utm_content=k50id|01000000{phrase_id}_{retargeting_id}|cid|{campaign_id}|gid|{gbid}|aid|{ad_id}|adp|{addphrases}|pos|{position_type}{position}|src|{source_type}_{source}|dvc|{device_type}|dop_0&k50id=01000000{phrase_id}_{retargeting_id}&cm_id={campaign_id}_{gbid}_{banner_id}_{phrase_id}_{retargeting_id}_{source}_{source_type}_{campaign_type}_{addphrases}_{device_type}_{position_type}_{region_id}&region={region_id}&region_name={region_name}&v=9,Смесители Hansgrohe Logis. Доставка по всей России!,Покупайте оригинальные смесители от бренда Hansgrohe с гарантией производителя!,,,,,,,
https://hansgrohe-russia.ru/kollektsii/logis-1?utm_medium=cpc&utm_source=ya_direct&utm_campaign={campaign_name}|{campaign_id}&utm_term={keyword}&utm_content=k50id|01000000{phrase_id}_{retargeting_id}|cid|{campaign_id}|gid|{gbid}|aid|{ad_id}|adp|{addphrases}|pos|{position_type}{position}|src|{source_type}_{source}|dvc|{device_type}|dop_0&k50id=01000000{phrase_id}_{retargeting_id}&cm_id={campaign_id}_{gbid}_{banner_id}_{phrase_id}_{retargeting_id}_{source}_{source_type}_{campaign_type}_{addphrases}_{device_type}_{position_type}_{region_id}&region={region_id}&region_name={region_name}&v=10,Смесители Hansgrohe Logis. Получайте подарки за покупку!,Оригинальные смесители Hansgrohe. Бесплатная доставка. Покупайте!,,,,,,,
https://hansgrohe-russia.ru/kollektsii/logis-1?utm_medium=cpc&utm_source=ya_direct&utm_campaign={campaign_name}|{campaign_id}&utm_term={keyword}&utm_content=k50id|01000000{phrase_id}_{retargeting_id}|cid|{campaign_id}|gid|{gbid}|aid|{ad_id}|adp|{addphrases}|pos|{position_type}{position}|src|{source_type}_{source}|dvc|{device_type}|dop_0&k50id=01000000{phrase_id}_{retargeting_id}&cm_id={campaign_id}_{gbid}_{banner_id}_{phrase_id}_{retargeting_id}_{source}_{source_type}_{campaign_type}_{addphrases}_{device_type}_{position_type}_{region_id}&region={region_id}&region_name={region_name}&v=11,Смесители Hansgrohe Logis. Оригинальная продукция,Приобретайте смесители Hansgrohe с официальной гарантией. Доставка 0 руб!,,,,,,,
https://hansgrohe-russia.ru/kollektsii/logis-1?utm_medium=cpc&utm_source=ya_direct&utm_campaign={campaign_name}|{campaign_id}&utm_term={keyword}&utm_content=k50id|01000000{phrase_id}_{retargeting_id}|cid|{campaign_id}|gid|{gbid}|aid|{ad_id}|adp|{addphrases}|pos|{position_type}{position}|src|{source_type}_{source}|dvc|{device_type}|dop_0&k50id=01000000{phrase_id}_{retargeting_id}&cm_id={campaign_id}_{gbid}_{banner_id}_{phrase_id}_{retargeting_id}_{source}_{source_type}_{campaign_type}_{addphrases}_{device_type}_{position_type}_{region_id}&region={region_id}&region_name={region_name}&v=12,Смесители Hansgrohe Logis. Суперцены каждый день!,Оригинальные смесители Hansgrohe. Скидка 5% на покупку. Переходите на сайт!,,,,,,,
https://hansgrohe-russia.ru/kollektsii/logis-1?utm_medium=cpc&utm_source=ya_direct&utm_campaign={campaign_name}|{campaign_id}&utm_term={keyword}&utm_content=k50id|01000000{phrase_id}_{retargeting_id}|cid|{campaign_id}|gid|{gbid}|aid|{ad_id}|adp|{addphrases}|pos|{position_type}{position}|src|{source_type}_{source}|dvc|{device_type}|dop_0&k50id=01000000{phrase_id}_{retargeting_id}&cm_id={campaign_id}_{gbid}_{banner_id}_{phrase_id}_{retargeting_id}_{source}_{source_type}_{campaign_type}_{addphrases}_{device_type}_{position_type}_{region_id}&region={region_id}&region_name={region_name}&v=13,Смесители Hansgrohe Logis 70. Доставка по всей России!,Покупайте оригинальные смесители от бренда Hansgrohe с гарантией производителя!,,,,,,,
https://hansgrohe-russia.ru/kollektsii/logis-1?utm_medium=cpc&utm_source=ya_direct&utm_campaign={campaign_name}|{campaign_id}&utm_term={keyword}&utm_content=k50id|01000000{phrase_id}_{retargeting_id}|cid|{campaign_id}|gid|{gbid}|aid|{ad_id}|adp|{addphrases}|pos|{position_type}{position}|src|{source_type}_{source}|dvc|{device_type}|dop_0&k50id=01000000{phrase_id}_{retargeting_id}&cm_id={campaign_id}_{gbid}_{banner_id}_{phrase_id}_{retargeting_id}_{source}_{source_type}_{campaign_type}_{addphrases}_{device_type}_{position_type}_{region_id}&region={region_id}&region_name={region_name}&v=14,Смесители Hansgrohe Logis 70,Оригинальные смесители Hansgrohe. Бесплатная доставка. Покупайте!,,,,,,,
https://hansgrohe-russia.ru/kollektsii/logis-1?utm_medium=cpc&utm_source=ya_direct&utm_campaign={campaign_name}|{campaign_id}&utm_term={keyword}&utm_content=k50id|01000000{phrase_id}_{retargeting_id}|cid|{campaign_id}|gid|{gbid}|aid|{ad_id}|adp|{addphrases}|pos|{position_type}{position}|src|{source_type}_{source}|dvc|{device_type}|dop_0&k50id=01000000{phrase_id}_{retargeting_id}&cm_id={campaign_id}_{gbid}_{banner_id}_{phrase_id}_{retargeting_id}_{source}_{source_type}_{campaign_type}_{addphrases}_{device_type}_{position_type}_{region_id}&region={region_id}&region_name={region_name}&v=15,Смесители Hansgrohe Logis 70. Оригинальная продукция,Приобретайте смесители Hansgrohe с официальной гарантией. Доставка 0 руб!,,,,,,,
https://hansgrohe-russia.ru/kollektsii/logis-1?utm_medium=cpc&utm_source=ya_direct&utm_campaign={campaign_name}|{campaign_id}&utm_term={keyword}&utm_content=k50id|01000000{phrase_id}_{retargeting_id}|cid|{campaign_id}|gid|{gbid}|aid|{ad_id}|adp|{addphrases}|pos|{position_type}{position}|src|{source_type}_{source}|dvc|{device_type}|dop_0&k50id=01000000{phrase_id}_{retargeting_id}&cm_id={campaign_id}_{gbid}_{banner_id}_{phrase_id}_{retargeting_id}_{source}_{source_type}_{campaign_type}_{addphrases}_{device_type}_{position_type}_{region_id}&region={region_id}&region_name={region_name}&v=16,Смесители Hansgrohe Logis 70. Суперцены каждый день!,Оригинальные смесители Hansgrohe. Скидка 5% на покупку. Переходите на сайт!,,,,,,,
https://hansgrohe-russia.ru/kollektsii/logis-1?utm_medium=cpc&utm_source=ya_direct&utm_campaign={campaign_name}|{campaign_id}&utm_term={keyword}&utm_content=k50id|01000000{phrase_id}_{retargeting_id}|cid|{campaign_id}|gid|{gbid}|aid|{ad_id}|adp|{addphrases}|pos|{position_type}{position}|src|{source_type}_{source}|dvc|{device_type}|dop_0&k50id=01000000{phrase_id}_{retargeting_id}&cm_id={campaign_id}_{gbid}_{banner_id}_{phrase_id}_{retargeting_id}_{source}_{source_type}_{campaign_type}_{addphrases}_{device_type}_{position_type}_{region_id}&region={region_id}&region_name={region_name}&v=17,Смесители Hansgrohe Logis Fine. Доставка по всей России!,Покупайте оригинальные смесители от бренда Hansgrohe с гарантией производителя!,,,,,,,
https://hansgrohe-russia.ru/kollektsii/logis-1?utm_medium=cpc&utm_source=ya_direct&utm_campaign={campaign_name}|{campaign_id}&utm_term={keyword}&utm_content=k50id|01000000{phrase_id}_{retargeting_id}|cid|{campaign_id}|gid|{gbid}|aid|{ad_id}|adp|{addphrases}|pos|{position_type}{position}|src|{source_type}_{source}|dvc|{device_type}|dop_0&k50id=01000000{phrase_id}_{retargeting_id}&cm_id={campaign_id}_{gbid}_{banner_id}_{phrase_id}_{retargeting_id}_{source}_{source_type}_{campaign_type}_{addphrases}_{device_type}_{position_type}_{region_id}&region={region_id}&region_name={region_name}&v=18,Смесители Hansgrohe Logis Fine,Оригинальные смесители Hansgrohe. Бесплатная доставка. Покупайте!,,,,,,,
https://hansgrohe-russia.ru/kollektsii/logis-1?utm_medium=cpc&utm_source=ya_direct&utm_campaign={campaign_name}|{campaign_id}&utm_term={keyword}&utm_content=k50id|01000000{phrase_id}_{retargeting_id}|cid|{campaign_id}|gid|{gbid}|aid|{ad_id}|adp|{addphrases}|pos|{position_type}{position}|src|{source_type}_{source}|dvc|{device_type}|dop_0&k50id=01000000{phrase_id}_{retargeting_id}&cm_id={campaign_id}_{gbid}_{banner_id}_{phrase_id}_{retargeting_id}_{source}_{source_type}_{campaign_type}_{addphrases}_{device_type}_{position_type}_{region_id}&region={region_id}&region_name={region_name}&v=19,Смесители Hansgrohe Logis Fine. Оригинальная продукция,Приобретайте смесители Hansgrohe с официальной гарантией. Доставка 0 руб!,,,,,,,
https://hansgrohe-russia.ru/kollektsii/logis-1?utm_medium=cpc&utm_source=ya_direct&utm_campaign={campaign_name}|{campaign_id}&utm_term={keyword}&utm_content=k50id|01000000{phrase_id}_{retargeting_id}|cid|{campaign_id}|gid|{gbid}|aid|{ad_id}|adp|{addphrases}|pos|{position_type}{position}|src|{source_type}_{source}|dvc|{device_type}|dop_0&k50id=01000000{phrase_id}_{retargeting_id}&cm_id={campaign_id}_{gbid}_{banner_id}_{phrase_id}_{retargeting_id}_{source}_{source_type}_{campaign_type}_{addphrases}_{device_type}_{position_type}_{region_id}&region={region_id}&region_name={region_name}&v=20,Смесители Hansgrohe Logis Fine. Суперцены каждый день!,Оригинальные смесители Hansgrohe. Скидка 5% на покупку. Переходите на сайт!,,,,,,,
https://hansgrohe-russia.ru/kollektsii/logis-1?utm_medium=cpc&utm_source=ya_direct&utm_campaign={campaign_name}|{campaign_id}&utm_term={keyword}&utm_content=k50id|01000000{phrase_id}_{retargeting_id}|cid|{campaign_id}|gid|{gbid}|aid|{ad_id}|adp|{addphrases}|pos|{position_type}{position}|src|{source_type}_{source}|dvc|{device_type}|dop_0&k50id=01000000{phrase_id}_{retargeting_id}&cm_id={campaign_id}_{gbid}_{banner_id}_{phrase_id}_{retargeting_id}_{source}_{source_type}_{campaign_type}_{addphrases}_{device_type}_{position_type}_{region_id}&region={region_id}&region_name={region_name}&v=21,Смесители Hansrohe Logis 100. Доставка по всей России!,Покупайте оригинальные смесители от бренда Hansgrohe с гарантией производителя!,,,,,,,
https://hansgrohe-russia.ru/kollektsii/logis-1?utm_medium=cpc&utm_source=ya_direct&utm_campaign={campaign_name}|{campaign_id}&utm_term={keyword}&utm_content=k50id|01000000{phrase_id}_{retargeting_id}|cid|{campaign_id}|gid|{gbid}|aid|{ad_id}|adp|{addphrases}|pos|{position_type}{position}|src|{source_type}_{source}|dvc|{device_type}|dop_0&k50id=01000000{phrase_id}_{retargeting_id}&cm_id={campaign_id}_{gbid}_{banner_id}_{phrase_id}_{retargeting_id}_{source}_{source_type}_{campaign_type}_{addphrases}_{device_type}_{position_type}_{region_id}&region={region_id}&region_name={region_name}&v=22,Смесители Hansrohe Logis 100,Оригинальные смесители Hansgrohe. Бесплатная доставка. Покупайте!,,,,,,,
https://hansgrohe-russia.ru/kollektsii/logis-1?utm_medium=cpc&utm_source=ya_direct&utm_campaign={campaign_name}|{campaign_id}&utm_term={keyword}&utm_content=k50id|01000000{phrase_id}_{retargeting_id}|cid|{campaign_id}|gid|{gbid}|aid|{ad_id}|adp|{addphrases}|pos|{position_type}{position}|src|{source_type}_{source}|dvc|{device_type}|dop_0&k50id=01000000{phrase_id}_{retargeting_id}&cm_id={campaign_id}_{gbid}_{banner_id}_{phrase_id}_{retargeting_id}_{source}_{source_type}_{campaign_type}_{addphrases}_{device_type}_{position_type}_{region_id}&region={region_id}&region_name={region_name}&v=23,Смесители Hansrohe Logis 100. Оригинальная продукция,Приобретайте смесители Hansgrohe с официальной гарантией. Доставка 0 руб!,,,,,,,
https://hansgrohe-russia.ru/kollektsii/logis-1?utm_medium=cpc&utm_source=ya_direct&utm_campaign={campaign_name}|{campaign_id}&utm_term={keyword}&utm_content=k50id|01000000{phrase_id}_{retargeting_id}|cid|{campaign_id}|gid|{gbid}|aid|{ad_id}|adp|{addphrases}|pos|{position_type}{position}|src|{source_type}_{source}|dvc|{device_type}|dop_0&k50id=01000000{phrase_id}_{retargeting_id}&cm_id={campaign_id}_{gbid}_{banner_id}_{phrase_id}_{retargeting_id}_{source}_{source_type}_{campaign_type}_{addphrases}_{device_type}_{position_type}_{region_id}&region={region_id}&region_name={region_name}&v=24,Смесители Hansrohe Logis 100. Суперцены каждый день!,Оригинальные смесители Hansgrohe. Скидка 5% на покупку. Переходите на сайт!,,,,,,,
https://hansgrohe-russia.ru/kollektsii/logis-1/shopby/hg_kollektsii-logis_e?v=1#catalog?utm_medium=cpc&utm_source=ya_direct&utm_campaign={campaign_name}|{campaign_id}&utm_term={keyword}&utm_content=k50id|01000000{phrase_id}_{retargeting_id}|cid|{campaign_id}|gid|{gbid}|aid|{ad_id}|adp|{addphrases}|pos|{position_type}{position}|src|{source_type}_{source}|dvc|{device_type}|dop_0&k50id=01000000{phrase_id}_{retargeting_id}&cm_id={campaign_id}_{gbid}_{banner_id}_{phrase_id}_{retargeting_id}_{source}_{source_type}_{campaign_type}_{addphrases}_{device_type}_{position_type}_{region_id}&region={region_id}&region_name={region_name},Смесители Hansgrohe Logis E. Доставка по всей России!,Покупайте оригинальные смесители от бренда Hansgrohe с гарантией производителя!,,,,,,,
https://hansgrohe-russia.ru/kollektsii/logis-1/shopby/hg_kollektsii-logis_e?v=2#catalog?utm_medium=cpc&utm_source=ya_direct&utm_campaign={campaign_name}|{campaign_id}&utm_term={keyword}&utm_content=k50id|01000000{phrase_id}_{retargeting_id}|cid|{campaign_id}|gid|{gbid}|aid|{ad_id}|adp|{addphrases}|pos|{position_type}{position}|src|{source_type}_{source}|dvc|{device_type}|dop_0&k50id=01000000{phrase_id}_{retargeting_id}&cm_id={campaign_id}_{gbid}_{banner_id}_{phrase_id}_{retargeting_id}_{source}_{source_type}_{campaign_type}_{addphrases}_{device_type}_{position_type}_{region_id}&region={region_id}&region_name={region_name},Смесители Hansgrohe Logis E,Оригинальные смесители Hansgrohe. Бесплатная доставка. Покупайте!,,,,,,,
https://hansgrohe-russia.ru/kollektsii/logis-1/shopby/hg_kollektsii-logis_e?v=3#catalog?utm_medium=cpc&utm_source=ya_direct&utm_campaign={campaign_name}|{campaign_id}&utm_term={keyword}&utm_content=k50id|01000000{phrase_id}_{retargeting_id}|cid|{campaign_id}|gid|{gbid}|aid|{ad_id}|adp|{addphrases}|pos|{position_type}{position}|src|{source_type}_{source}|dvc|{device_type}|dop_0&k50id=01000000{phrase_id}_{retargeting_id}&cm_id={campaign_id}_{gbid}_{banner_id}_{phrase_id}_{retargeting_id}_{source}_{source_type}_{campaign_type}_{addphrases}_{device_type}_{position_type}_{region_id}&region={region_id}&region_name={region_name},Смесители Hansgrohe Logis E. Оригинальная продукция,Приобретайте смесители Hansgrohe с официальной гарантией. Доставка 0 руб!,,,,,,,
https://hansgrohe-russia.ru/kollektsii/logis-1/shopby/hg_kollektsii-logis_e?v=4#catalog?utm_medium=cpc&utm_source=ya_direct&utm_campaign={campaign_name}|{campaign_id}&utm_term={keyword}&utm_content=k50id|01000000{phrase_id}_{retargeting_id}|cid|{campaign_id}|gid|{gbid}|aid|{ad_id}|adp|{addphrases}|pos|{position_type}{position}|src|{source_type}_{source}|dvc|{device_type}|dop_0&k50id=01000000{phrase_id}_{retargeting_id}&cm_id={campaign_id}_{gbid}_{banner_id}_{phrase_id}_{retargeting_id}_{source}_{source_type}_{campaign_type}_{addphrases}_{device_type}_{position_type}_{region_id}&region={region_id}&region_name={region_name},Смесители Hansgrohe Logis E. Суперцены каждый день!,Оригинальные смесители Hansgrohe. Скидка 5% на покупку. Переходите на сайт!,,,,,,,
https://hansgrohe-russia.ru/kollektsii/logis-1/shopby/hg_kollektsii-logis_loop?v=1#catalog?utm_medium=cpc&utm_source=ya_direct&utm_campaign={campaign_name}|{campaign_id}&utm_term={keyword}&utm_content=k50id|01000000{phrase_id}_{retargeting_id}|cid|{campaign_id}|gid|{gbid}|aid|{ad_id}|adp|{addphrases}|pos|{position_type}{position}|src|{source_type}_{source}|dvc|{device_type}|dop_0&k50id=01000000{phrase_id}_{retargeting_id}&cm_id={campaign_id}_{gbid}_{banner_id}_{phrase_id}_{retargeting_id}_{source}_{source_type}_{campaign_type}_{addphrases}_{device_type}_{position_type}_{region_id}&region={region_id}&region_name={region_name},Смесители Hansgrohe Logis Loop. Доставка по всей России!,Покупайте оригинальные смесители от бренда Hansgrohe с гарантией производителя!,,,,,,,
https://hansgrohe-russia.ru/kollektsii/logis-1/shopby/hg_kollektsii-logis_loop?v=2#catalog?utm_medium=cpc&utm_source=ya_direct&utm_campaign={campaign_name}|{campaign_id}&utm_term={keyword}&utm_content=k50id|01000000{phrase_id}_{retargeting_id}|cid|{campaign_id}|gid|{gbid}|aid|{ad_id}|adp|{addphrases}|pos|{position_type}{position}|src|{source_type}_{source}|dvc|{device_type}|dop_0&k50id=01000000{phrase_id}_{retargeting_id}&cm_id={campaign_id}_{gbid}_{banner_id}_{phrase_id}_{retargeting_id}_{source}_{source_type}_{campaign_type}_{addphrases}_{device_type}_{position_type}_{region_id}&region={region_id}&region_name={region_name},Смесители Hansgrohe Logis Loop,Оригинальные смесители Hansgrohe. Бесплатная доставка. Покупайте!,,,,,,,
https://hansgrohe-russia.ru/kollektsii/logis-1/shopby/hg_kollektsii-logis_loop?v=3#catalog?utm_medium=cpc&utm_source=ya_direct&utm_campaign={campaign_name}|{campaign_id}&utm_term={keyword}&utm_content=k50id|01000000{phrase_id}_{retargeting_id}|cid|{campaign_id}|gid|{gbid}|aid|{ad_id}|adp|{addphrases}|pos|{position_type}{position}|src|{source_type}_{source}|dvc|{device_type}|dop_0&k50id=01000000{phrase_id}_{retargeting_id}&cm_id={campaign_id}_{gbid}_{banner_id}_{phrase_id}_{retargeting_id}_{source}_{source_type}_{campaign_type}_{addphrases}_{device_type}_{position_type}_{region_id}&region={region_id}&region_name={region_name},Смесители Hansgrohe Logis Loop. Оригинальная продукция,Приобретайте смесители Hansgrohe с официальной гарантией. Доставка 0 руб!,,,,,,,
https://hansgrohe-russia.ru/kollektsii/logis-1/shopby/hg_kollektsii-logis_loop?v=4#catalog?utm_medium=cpc&utm_source=ya_direct&utm_campaign={campaign_name}|{campaign_id}&utm_term={keyword}&utm_content=k50id|01000000{phrase_id}_{retargeting_id}|cid|{campaign_id}|gid|{gbid}|aid|{ad_id}|adp|{addphrases}|pos|{position_type}{position}|src|{source_type}_{source}|dvc|{device_type}|dop_0&k50id=01000000{phrase_id}_{retargeting_id}&cm_id={campaign_id}_{gbid}_{banner_id}_{phrase_id}_{retargeting_id}_{source}_{source_type}_{campaign_type}_{addphrases}_{device_type}_{position_type}_{region_id}&region={region_id}&region_name={region_name},Смесители Hansgrohe Logis Loop. Суперцены каждый день!,Оригинальные смесители Hansgrohe. Скидка 5% на покупку. Переходите на сайт!,,,,,,,
https://hansgrohe-russia.ru/kollektsii/logis-1/shopby/hg_tip-smesiteli_dlya_rakoviny?utm_medium=cpc&utm_source=ya_direct&utm_campaign={campaign_name}|{campaign_id}&utm_term={keyword}&utm_content=k50id|01000000{phrase_id}_{retargeting_id}|cid|{campaign_id}|gid|{gbid}|aid|{ad_id}|adp|{addphrases}|pos|{position_type}{position}|src|{source_type}_{source}|dvc|{device_type}|dop_0&k50id=01000000{phrase_id}_{retargeting_id}&cm_id={campaign_id}_{gbid}_{banner_id}_{phrase_id}_{retargeting_id}_{source}_{source_type}_{campaign_type}_{addphrases}_{device_type}_{position_type}_{region_id}&region={region_id}&region_name={region_name}&v=1,Смесители для раковины Hansgrohe Logis Fine,Покупайте оригинальные смесители от бренда Hansgrohe с гарантией производителя!,,,,,,,
https://hansgrohe-russia.ru/kollektsii/logis-1/shopby/hg_tip-smesiteli_dlya_rakoviny?utm_medium=cpc&utm_source=ya_direct&utm_campaign={campaign_name}|{campaign_id}&utm_term={keyword}&utm_content=k50id|01000000{phrase_id}_{retargeting_id}|cid|{campaign_id}|gid|{gbid}|aid|{ad_id}|adp|{addphrases}|pos|{position_type}{position}|src|{source_type}_{source}|dvc|{device_type}|dop_0&k50id=01000000{phrase_id}_{retargeting_id}&cm_id={campaign_id}_{gbid}_{banner_id}_{phrase_id}_{retargeting_id}_{source}_{source_type}_{campaign_type}_{addphrases}_{device_type}_{position_type}_{region_id}&region={region_id}&region_name={region_name}&v=2,Смесители для раковины Hansgrohe Logis Fine,Оригинальные смесители Hansgrohe. Бесплатная доставка. Покупайте!,,,,,,,
https://hansgrohe-russia.ru/kollektsii/logis-1/shopby/hg_tip-smesiteli_dlya_rakoviny?utm_medium=cpc&utm_source=ya_direct&utm_campaign={campaign_name}|{campaign_id}&utm_term={keyword}&utm_content=k50id|01000000{phrase_id}_{retargeting_id}|cid|{campaign_id}|gid|{gbid}|aid|{ad_id}|adp|{addphrases}|pos|{position_type}{position}|src|{source_type}_{source}|dvc|{device_type}|dop_0&k50id=01000000{phrase_id}_{retargeting_id}&cm_id={campaign_id}_{gbid}_{banner_id}_{phrase_id}_{retargeting_id}_{source}_{source_type}_{campaign_type}_{addphrases}_{device_type}_{position_type}_{region_id}&region={region_id}&region_name={region_name}&v=3,Смесители для раковины Hansgrohe Logis Fine,Приобретайте смесители Hansgrohe с официальной гарантией. Доставка 0 руб!,,,,,,,
https://hansgrohe-russia.ru/kollektsii/logis-1/shopby/hg_tip-smesiteli_dlya_rakoviny?utm_medium=cpc&utm_source=ya_direct&utm_campaign={campaign_name}|{campaign_id}&utm_term={keyword}&utm_content=k50id|01000000{phrase_id}_{retargeting_id}|cid|{campaign_id}|gid|{gbid}|aid|{ad_id}|adp|{addphrases}|pos|{position_type}{position}|src|{source_type}_{source}|dvc|{device_type}|dop_0&k50id=01000000{phrase_id}_{retargeting_id}&cm_id={campaign_id}_{gbid}_{banner_id}_{phrase_id}_{retargeting_id}_{source}_{source_type}_{campaign_type}_{addphrases}_{device_type}_{position_type}_{region_id}&region={region_id}&region_name={region_name}&v=4,Смесители для раковины Hansgrohe Logis Fine,Оригинальные смесители Hansgrohe. Скидка 5% на покупку. Переходите на сайт!,,,,,,,
https://hansgrohe-russia.ru/kollektsii/logis-1/shopby/hg_tip-smesiteli_dlya_rakoviny/hg_kollektsii-logis_e?v=1#catalog?utm_medium=cpc&utm_source=ya_direct&utm_campaign={campaign_name}|{campaign_id}&utm_term={keyword}&utm_content=k50id|01000000{phrase_id}_{retargeting_id}|cid|{campaign_id}|gid|{gbid}|aid|{ad_id}|adp|{addphrases}|pos|{position_type}{position}|src|{source_type}_{source}|dvc|{device_type}|dop_0&k50id=01000000{phrase_id}_{retargeting_id}&cm_id={campaign_id}_{gbid}_{banner_id}_{phrase_id}_{retargeting_id}_{source}_{source_type}_{campaign_type}_{addphrases}_{device_type}_{position_type}_{region_id}&region={region_id}&region_name={region_name},Смесители для раковины Hansgrohe Logis E,Покупайте оригинальные смесители от бренда Hansgrohe с гарантией производителя!,,,,,,,
https://hansgrohe-russia.ru/kollektsii/logis-1/shopby/hg_tip-smesiteli_dlya_rakoviny/hg_kollektsii-logis_e?v=2#catalog?utm_medium=cpc&utm_source=ya_direct&utm_campaign={campaign_name}|{campaign_id}&utm_term={keyword}&utm_content=k50id|01000000{phrase_id}_{retargeting_id}|cid|{campaign_id}|gid|{gbid}|aid|{ad_id}|adp|{addphrases}|pos|{position_type}{position}|src|{source_type}_{source}|dvc|{device_type}|dop_0&k50id=01000000{phrase_id}_{retargeting_id}&cm_id={campaign_id}_{gbid}_{banner_id}_{phrase_id}_{retargeting_id}_{source}_{source_type}_{campaign_type}_{addphrases}_{device_type}_{position_type}_{region_id}&region={region_id}&region_name={region_name},Смесители для раковины Hansgrohe Logis E,Оригинальные смесители Hansgrohe. Бесплатная доставка. Покупайте!,,,,,,,
https://hansgrohe-russia.ru/kollektsii/logis-1/shopby/hg_tip-smesiteli_dlya_rakoviny/hg_kollektsii-logis_e?v=3#catalog?utm_medium=cpc&utm_source=ya_direct&utm_campaign={campaign_name}|{campaign_id}&utm_term={keyword}&utm_content=k50id|01000000{phrase_id}_{retargeting_id}|cid|{campaign_id}|gid|{gbid}|aid|{ad_id}|adp|{addphrases}|pos|{position_type}{position}|src|{source_type}_{source}|dvc|{device_type}|dop_0&k50id=01000000{phrase_id}_{retargeting_id}&cm_id={campaign_id}_{gbid}_{banner_id}_{phrase_id}_{retargeting_id}_{source}_{source_type}_{campaign_type}_{addphrases}_{device_type}_{position_type}_{region_id}&region={region_id}&region_name={region_name},Смесители для раковины Hansgrohe Logis E,Приобретайте смесители Hansgrohe с официальной гарантией. Доставка 0 руб!,,,,,,,
https://hansgrohe-russia.ru/kollektsii/logis-1/shopby/hg_tip-smesiteli_dlya_rakoviny/hg_kollektsii-logis_e?v=4#catalog?utm_medium=cpc&utm_source=ya_direct&utm_campaign={campaign_name}|{campaign_id}&utm_term={keyword}&utm_content=k50id|01000000{phrase_id}_{retargeting_id}|cid|{campaign_id}|gid|{gbid}|aid|{ad_id}|adp|{addphrases}|pos|{position_type}{position}|src|{source_type}_{source}|dvc|{device_type}|dop_0&k50id=01000000{phrase_id}_{retargeting_id}&cm_id={campaign_id}_{gbid}_{banner_id}_{phrase_id}_{retargeting_id}_{source}_{source_type}_{campaign_type}_{addphrases}_{device_type}_{position_type}_{region_id}&region={region_id}&region_name={region_name},Смесители для раковины Hansgrohe Logis E,Оригинальные смесители Hansgrohe. Скидка 5% на покупку. Переходите на сайт!,,,,,,,
https://hansgrohe-russia.ru/kollektsii/logis-1/shopby/hg_tip-smesiteli_dlya_rakoviny?v=1#catalog?utm_medium=cpc&utm_source=ya_direct&utm_campaign={campaign_name}|{campaign_id}&utm_term={keyword}&utm_content=k50id|01000000{phrase_id}_{retargeting_id}|cid|{campaign_id}|gid|{gbid}|aid|{ad_id}|adp|{addphrases}|pos|{position_type}{position}|src|{source_type}_{source}|dvc|{device_type}|dop_0&k50id=01000000{phrase_id}_{retargeting_id}&cm_id={campaign_id}_{gbid}_{banner_id}_{phrase_id}_{retargeting_id}_{source}_{source_type}_{campaign_type}_{addphrases}_{device_type}_{position_type}_{region_id}&region={region_id}&region_name={region_name},Смесители для раковины Hansgrohe Logis,Покупайте оригинальные смесители от бренда Hansgrohe с гарантией производителя!,,,,,,,
https://hansgrohe-russia.ru/kollektsii/logis-1/shopby/hg_tip-smesiteli_dlya_rakoviny?v=2#catalog?utm_medium=cpc&utm_source=ya_direct&utm_campaign={campaign_name}|{campaign_id}&utm_term={keyword}&utm_content=k50id|01000000{phrase_id}_{retargeting_id}|cid|{campaign_id}|gid|{gbid}|aid|{ad_id}|adp|{addphrases}|pos|{position_type}{position}|src|{source_type}_{source}|dvc|{device_type}|dop_0&k50id=01000000{phrase_id}_{retargeting_id}&cm_id={campaign_id}_{gbid}_{banner_id}_{phrase_id}_{retargeting_id}_{source}_{source_type}_{campaign_type}_{addphrases}_{device_type}_{position_type}_{region_id}&region={region_id}&region_name={region_name},Смесители для раковины Hansgrohe Logis,Оригинальные смесители Hansgrohe. Бесплатная доставка. Покупайте!,,,,,,,
https://hansgrohe-russia.ru/kollektsii/logis-1/shopby/hg_tip-smesiteli_dlya_rakoviny?v=3#catalog?utm_medium=cpc&utm_source=ya_direct&utm_campaign={campaign_name}|{campaign_id}&utm_term={keyword}&utm_content=k50id|01000000{phrase_id}_{retargeting_id}|cid|{campaign_id}|gid|{gbid}|aid|{ad_id}|adp|{addphrases}|pos|{position_type}{position}|src|{source_type}_{source}|dvc|{device_type}|dop_0&k50id=01000000{phrase_id}_{retargeting_id}&cm_id={campaign_id}_{gbid}_{banner_id}_{phrase_id}_{retargeting_id}_{source}_{source_type}_{campaign_type}_{addphrases}_{device_type}_{position_type}_{region_id}&region={region_id}&region_name={region_name},Смесители для раковины Hansgrohe Logis,Приобретайте смесители Hansgrohe с официальной гарантией. Доставка 0 руб!,,,,,,,
https://hansgrohe-russia.ru/kollektsii/logis-1/shopby/hg_tip-smesiteli_dlya_rakoviny?v=4#catalog?utm_medium=cpc&utm_source=ya_direct&utm_campaign={campaign_name}|{campaign_id}&utm_term={keyword}&utm_content=k50id|01000000{phrase_id}_{retargeting_id}|cid|{campaign_id}|gid|{gbid}|aid|{ad_id}|adp|{addphrases}|pos|{position_type}{position}|src|{source_type}_{source}|dvc|{device_type}|dop_0&k50id=01000000{phrase_id}_{retargeting_id}&cm_id={campaign_id}_{gbid}_{banner_id}_{phrase_id}_{retargeting_id}_{source}_{source_type}_{campaign_type}_{addphrases}_{device_type}_{position_type}_{region_id}&region={region_id}&region_name={region_name},Смесители для раковины Hansgrohe Logis,Оригинальные смесители Hansgrohe. Скидка 5% на покупку. Переходите на сайт!,,,,,,,
https://hansgrohe-russia.ru/kollektsii/logis-1/shopby/hg_tip-smesiteli_dlya_rakoviny?v=5#catalog?utm_medium=cpc&utm_source=ya_direct&utm_campaign={campaign_name}|{campaign_id}&utm_term={keyword}&utm_content=k50id|01000000{phrase_id}_{retargeting_id}|cid|{campaign_id}|gid|{gbid}|aid|{ad_id}|adp|{addphrases}|pos|{position_type}{position}|src|{source_type}_{source}|dvc|{device_type}|dop_0&k50id=01000000{phrase_id}_{retargeting_id}&cm_id={campaign_id}_{gbid}_{banner_id}_{phrase_id}_{retargeting_id}_{source}_{source_type}_{campaign_type}_{addphrases}_{device_type}_{position_type}_{region_id}&region={region_id}&region_name={region_name},Смесители для раковины Hansgrohe Logis 100,Покупайте оригинальные смесители от бренда Hansgrohe с гарантией производителя!,,,,,,,
https://hansgrohe-russia.ru/kollektsii/logis-1/shopby/hg_tip-smesiteli_dlya_rakoviny?v=6#catalog?utm_medium=cpc&utm_source=ya_direct&utm_campaign={campaign_name}|{campaign_id}&utm_term={keyword}&utm_content=k50id|01000000{phrase_id}_{retargeting_id}|cid|{campaign_id}|gid|{gbid}|aid|{ad_id}|adp|{addphrases}|pos|{position_type}{position}|src|{source_type}_{source}|dvc|{device_type}|dop_0&k50id=01000000{phrase_id}_{retargeting_id}&cm_id={campaign_id}_{gbid}_{banner_id}_{phrase_id}_{retargeting_id}_{source}_{source_type}_{campaign_type}_{addphrases}_{device_type}_{position_type}_{region_id}&region={region_id}&region_name={region_name},Смесители для раковины Hansgrohe Logis 100,Оригинальные смесители Hansgrohe. Бесплатная доставка. Покупайте!,,,,,,,
https://hansgrohe-russia.ru/kollektsii/logis-1/shopby/hg_tip-smesiteli_dlya_rakoviny?v=7#catalog?utm_medium=cpc&utm_source=ya_direct&utm_campaign={campaign_name}|{campaign_id}&utm_term={keyword}&utm_content=k50id|01000000{phrase_id}_{retargeting_id}|cid|{campaign_id}|gid|{gbid}|aid|{ad_id}|adp|{addphrases}|pos|{position_type}{position}|src|{source_type}_{source}|dvc|{device_type}|dop_0&k50id=01000000{phrase_id}_{retargeting_id}&cm_id={campaign_id}_{gbid}_{banner_id}_{phrase_id}_{retargeting_id}_{source}_{source_type}_{campaign_type}_{addphrases}_{device_type}_{position_type}_{region_id}&region={region_id}&region_name={region_name},Смесители для раковины Hansgrohe Logis 100,Приобретайте смесители Hansgrohe с официальной гарантией. Доставка 0 руб!,,,,,,,
https://hansgrohe-russia.ru/kollektsii/logis-1/shopby/hg_tip-smesiteli_dlya_rakoviny?v=8#catalog?utm_medium=cpc&utm_source=ya_direct&utm_campaign={campaign_name}|{campaign_id}&utm_term={keyword}&utm_content=k50id|01000000{phrase_id}_{retargeting_id}|cid|{campaign_id}|gid|{gbid}|aid|{ad_id}|adp|{addphrases}|pos|{position_type}{position}|src|{source_type}_{source}|dvc|{device_type}|dop_0&k50id=01000000{phrase_id}_{retargeting_id}&cm_id={campaign_id}_{gbid}_{banner_id}_{phrase_id}_{retargeting_id}_{source}_{source_type}_{campaign_type}_{addphrases}_{device_type}_{position_type}_{region_id}&region={region_id}&region_name={region_name},Смесители для раковины Hansgrohe Logis 100,Оригинальные смесители Hansgrohe. Скидка 5% на покупку. Переходите на сайт!,,,,,,,
https://hansgrohe-russia.ru/kollektsii/logis-1/shopby/hg_tip-smesiteli_dlya_rakoviny?v=9#catalog?utm_medium=cpc&utm_source=ya_direct&utm_campaign={campaign_name}|{campaign_id}&utm_term={keyword}&utm_content=k50id|01000000{phrase_id}_{retargeting_id}|cid|{campaign_id}|gid|{gbid}|aid|{ad_id}|adp|{addphrases}|pos|{position_type}{position}|src|{source_type}_{source}|dvc|{device_type}|dop_0&k50id=01000000{phrase_id}_{retargeting_id}&cm_id={campaign_id}_{gbid}_{banner_id}_{phrase_id}_{retargeting_id}_{source}_{source_type}_{campaign_type}_{addphrases}_{device_type}_{position_type}_{region_id}&region={region_id}&region_name={region_name},Смесители для умывальника Hansgrohe Logis,Покупайте оригинальные смесители от бренда Hansgrohe с гарантией производителя!,,,,,,,
https://hansgrohe-russia.ru/kollektsii/logis-1/shopby/hg_tip-smesiteli_dlya_rakoviny?v=10#catalog?utm_medium=cpc&utm_source=ya_direct&utm_campaign={campaign_name}|{campaign_id}&utm_term={keyword}&utm_content=k50id|01000000{phrase_id}_{retargeting_id}|cid|{campaign_id}|gid|{gbid}|aid|{ad_id}|adp|{addphrases}|pos|{position_type}{position}|src|{source_type}_{source}|dvc|{device_type}|dop_0&k50id=01000000{phrase_id}_{retargeting_id}&cm_id={campaign_id}_{gbid}_{banner_id}_{phrase_id}_{retargeting_id}_{source}_{source_type}_{campaign_type}_{addphrases}_{device_type}_{position_type}_{region_id}&region={region_id}&region_name={region_name},Смесители для умывальника Hansgrohe Logis,Оригинальные смесители Hansgrohe. Бесплатная доставка. Покупайте!,,,,,,,
https://hansgrohe-russia.ru/kollektsii/logis-1/shopby/hg_tip-smesiteli_dlya_rakoviny?v=11#catalog?utm_medium=cpc&utm_source=ya_direct&utm_campaign={campaign_name}|{campaign_id}&utm_term={keyword}&utm_content=k50id|01000000{phrase_id}_{retargeting_id}|cid|{campaign_id}|gid|{gbid}|aid|{ad_id}|adp|{addphrases}|pos|{position_type}{position}|src|{source_type}_{source}|dvc|{device_type}|dop_0&k50id=01000000{phrase_id}_{retargeting_id}&cm_id={campaign_id}_{gbid}_{banner_id}_{phrase_id}_{retargeting_id}_{source}_{source_type}_{campaign_type}_{addphrases}_{device_type}_{position_type}_{region_id}&region={region_id}&region_name={region_name},Смесители для умывальника Hansgrohe Logis,Приобретайте смесители Hansgrohe с официальной гарантией. Доставка 0 руб!,,,,,,,
https://hansgrohe-russia.ru/kollektsii/logis-1/shopby/hg_tip-smesiteli_dlya_rakoviny?v=12#catalog?utm_medium=cpc&utm_source=ya_direct&utm_campaign={campaign_name}|{campaign_id}&utm_term={keyword}&utm_content=k50id|01000000{phrase_id}_{retargeting_id}|cid|{campaign_id}|gid|{gbid}|aid|{ad_id}|adp|{addphrases}|pos|{position_type}{position}|src|{source_type}_{source}|dvc|{device_type}|dop_0&k50id=01000000{phrase_id}_{retargeting_id}&cm_id={campaign_id}_{gbid}_{banner_id}_{phrase_id}_{retargeting_id}_{source}_{source_type}_{campaign_type}_{addphrases}_{device_type}_{position_type}_{region_id}&region={region_id}&region_name={region_name},Смесители для умывальника Hansgrohe Logis,Оригинальные смесители Hansgrohe. Скидка 5% на покупку. Переходите на сайт!,,,,,,,
https://hansgrohe-russia.ru/kollektsii/logis-1/shopby/hg_tip-smesiteli_dlya_vanny/hg_kollektsii-logis_e?v=1#catalog?utm_medium=cpc&utm_source=ya_direct&utm_campaign={campaign_name}|{campaign_id}&utm_term={keyword}&utm_content=k50id|01000000{phrase_id}_{retargeting_id}|cid|{campaign_id}|gid|{gbid}|aid|{ad_id}|adp|{addphrases}|pos|{position_type}{position}|src|{source_type}_{source}|dvc|{device_type}|dop_0&k50id=01000000{phrase_id}_{retargeting_id}&cm_id={campaign_id}_{gbid}_{banner_id}_{phrase_id}_{retargeting_id}_{source}_{source_type}_{campaign_type}_{addphrases}_{device_type}_{position_type}_{region_id}&region={region_id}&region_name={region_name},Смесители для ванны Hansgrohe Logis E,Покупайте оригинальные смесители от бренда Hansgrohe с гарантией производителя!,,,,,,,
https://hansgrohe-russia.ru/kollektsii/logis-1/shopby/hg_tip-smesiteli_dlya_vanny/hg_kollektsii-logis_e?v=2#catalog?utm_medium=cpc&utm_source=ya_direct&utm_campaign={campaign_name}|{campaign_id}&utm_term={keyword}&utm_content=k50id|01000000{phrase_id}_{retargeting_id}|cid|{campaign_id}|gid|{gbid}|aid|{ad_id}|adp|{addphrases}|pos|{position_type}{position}|src|{source_type}_{source}|dvc|{device_type}|dop_0&k50id=01000000{phrase_id}_{retargeting_id}&cm_id={campaign_id}_{gbid}_{banner_id}_{phrase_id}_{retargeting_id}_{source}_{source_type}_{campaign_type}_{addphrases}_{device_type}_{position_type}_{region_id}&region={region_id}&region_name={region_name},Смесители для ванны Hansgrohe Logis E,Оригинальные смесители Hansgrohe. Бесплатная доставка. Покупайте!,,,,,,,
https://hansgrohe-russia.ru/kollektsii/logis-1/shopby/hg_tip-smesiteli_dlya_vanny/hg_kollektsii-logis_e?v=3#catalog?utm_medium=cpc&utm_source=ya_direct&utm_campaign={campaign_name}|{campaign_id}&utm_term={keyword}&utm_content=k50id|01000000{phrase_id}_{retargeting_id}|cid|{campaign_id}|gid|{gbid}|aid|{ad_id}|adp|{addphrases}|pos|{position_type}{position}|src|{source_type}_{source}|dvc|{device_type}|dop_0&k50id=01000000{phrase_id}_{retargeting_id}&cm_id={campaign_id}_{gbid}_{banner_id}_{phrase_id}_{retargeting_id}_{source}_{source_type}_{campaign_type}_{addphrases}_{device_type}_{position_type}_{region_id}&region={region_id}&region_name={region_name},Смесители для ванны Hansgrohe Logis E,Приобретайте смесители Hansgrohe с официальной гарантией. Доставка 0 руб!,,,,,,,
https://hansgrohe-russia.ru/kollektsii/logis-1/shopby/hg_tip-smesiteli_dlya_vanny/hg_kollektsii-logis_e?v=4#catalog?utm_medium=cpc&utm_source=ya_direct&utm_campaign={campaign_name}|{campaign_id}&utm_term={keyword}&utm_content=k50id|01000000{phrase_id}_{retargeting_id}|cid|{campaign_id}|gid|{gbid}|aid|{ad_id}|adp|{addphrases}|pos|{position_type}{position}|src|{source_type}_{source}|dvc|{device_type}|dop_0&k50id=01000000{phrase_id}_{retargeting_id}&cm_id={campaign_id}_{gbid}_{banner_id}_{phrase_id}_{retargeting_id}_{source}_{source_type}_{campaign_type}_{addphrases}_{device_type}_{position_type}_{region_id}&region={region_id}&region_name={region_name},Смесители для ванны Hansgrohe Logis E,Оригинальные смесители Hansgrohe. Скидка 5% на покупку. Переходите на сайт!,,,,,,,
https://hansgrohe-russia.ru/kollektsii/logis-1/shopby/hg_tip-smesiteli_dlya_vanny?v=1#catalog?utm_medium=cpc&utm_source=ya_direct&utm_campaign={campaign_name}|{campaign_id}&utm_term={keyword}&utm_content=k50id|01000000{phrase_id}_{retargeting_id}|cid|{campaign_id}|gid|{gbid}|aid|{ad_id}|adp|{addphrases}|pos|{position_type}{position}|src|{source_type}_{source}|dvc|{device_type}|dop_0&k50id=01000000{phrase_id}_{retargeting_id}&cm_id={campaign_id}_{gbid}_{banner_id}_{phrase_id}_{retargeting_id}_{source}_{source_type}_{campaign_type}_{addphrases}_{device_type}_{position_type}_{region_id}&region={region_id}&region_name={region_name},Смесители для ванны Hansgrohe Logis,Покупайте оригинальные смесители от бренда Hansgrohe с гарантией производителя!,,,,,,,
https://hansgrohe-russia.ru/kollektsii/logis-1/shopby/hg_tip-smesiteli_dlya_vanny?v=2#catalog?utm_medium=cpc&utm_source=ya_direct&utm_campaign={campaign_name}|{campaign_id}&utm_term={keyword}&utm_content=k50id|01000000{phrase_id}_{retargeting_id}|cid|{campaign_id}|gid|{gbid}|aid|{ad_id}|adp|{addphrases}|pos|{position_type}{position}|src|{source_type}_{source}|dvc|{device_type}|dop_0&k50id=01000000{phrase_id}_{retargeting_id}&cm_id={campaign_id}_{gbid}_{banner_id}_{phrase_id}_{retargeting_id}_{source}_{source_type}_{campaign_type}_{addphrases}_{device_type}_{position_type}_{region_id}&region={region_id}&region_name={region_name},Смесители для ванны Hansgrohe Logis,Оригинальные смесители Hansgrohe. Бесплатная доставка. Покупайте!,,,,,,,
https://hansgrohe-russia.ru/kollektsii/logis-1/shopby/hg_tip-smesiteli_dlya_vanny?v=3#catalog?utm_medium=cpc&utm_source=ya_direct&utm_campaign={campaign_name}|{campaign_id}&utm_term={keyword}&utm_content=k50id|01000000{phrase_id}_{retargeting_id}|cid|{campaign_id}|gid|{gbid}|aid|{ad_id}|adp|{addphrases}|pos|{position_type}{position}|src|{source_type}_{source}|dvc|{device_type}|dop_0&k50id=01000000{phrase_id}_{retargeting_id}&cm_id={campaign_id}_{gbid}_{banner_id}_{phrase_id}_{retargeting_id}_{source}_{source_type}_{campaign_type}_{addphrases}_{device_type}_{position_type}_{region_id}&region={region_id}&region_name={region_name},Смесители для ванны Hansgrohe Logis,Приобретайте смесители Hansgrohe с официальной гарантией. Доставка 0 руб!,,,,,,,
https://hansgrohe-russia.ru/kollektsii/logis-1/shopby/hg_tip-smesiteli_dlya_vanny?v=4#catalog?utm_medium=cpc&utm_source=ya_direct&utm_campaign={campaign_name}|{campaign_id}&utm_term={keyword}&utm_content=k50id|01000000{phrase_id}_{retargeting_id}|cid|{campaign_id}|gid|{gbid}|aid|{ad_id}|adp|{addphrases}|pos|{position_type}{position}|src|{source_type}_{source}|dvc|{device_type}|dop_0&k50id=01000000{phrase_id}_{retargeting_id}&cm_id={campaign_id}_{gbid}_{banner_id}_{phrase_id}_{retargeting_id}_{source}_{source_type}_{campaign_type}_{addphrases}_{device_type}_{position_type}_{region_id}&region={region_id}&region_name={region_name},Смесители для ванны Hansgrohe Logis,Оригинальные смесители Hansgrohe. Скидка 5% на покупку. Переходите на сайт!,,,,,,,
https://hansgrohe-russia.ru/kollektsii/logis-1/shopby/hg_tip-smesiteli_dlya_vanny?v=5#catalog?utm_medium=cpc&utm_source=ya_direct&utm_campaign={campaign_name}|{campaign_id}&utm_term={keyword}&utm_content=k50id|01000000{phrase_id}_{retargeting_id}|cid|{campaign_id}|gid|{gbid}|aid|{ad_id}|adp|{addphrases}|pos|{position_type}{position}|src|{source_type}_{source}|dvc|{device_type}|dop_0&k50id=01000000{phrase_id}_{retargeting_id}&cm_id={campaign_id}_{gbid}_{banner_id}_{phrase_id}_{retargeting_id}_{source}_{source_type}_{campaign_type}_{addphrases}_{device_type}_{position_type}_{region_id}&region={region_id}&region_name={region_name},Смесители для ванны Hansgrohe Logis хромированные,Покупайте оригинальные смесители от бренда Hansgrohe с гарантией производителя!,,,,,,,
https://hansgrohe-russia.ru/kollektsii/logis-1/shopby/hg_tip-smesiteli_dlya_vanny?v=6#catalog?utm_medium=cpc&utm_source=ya_direct&utm_campaign={campaign_name}|{campaign_id}&utm_term={keyword}&utm_content=k50id|01000000{phrase_id}_{retargeting_id}|cid|{campaign_id}|gid|{gbid}|aid|{ad_id}|adp|{addphrases}|pos|{position_type}{position}|src|{source_type}_{source}|dvc|{device_type}|dop_0&k50id=01000000{phrase_id}_{retargeting_id}&cm_id={campaign_id}_{gbid}_{banner_id}_{phrase_id}_{retargeting_id}_{source}_{source_type}_{campaign_type}_{addphrases}_{device_type}_{position_type}_{region_id}&region={region_id}&region_name={region_name},Смесители для ванны Hansgrohe Logis хромированные,Оригинальные смесители Hansgrohe. Бесплатная доставка. Покупайте!,,,,,,,
https://hansgrohe-russia.ru/kollektsii/logis-1/shopby/hg_tip-smesiteli_dlya_vanny?v=7#catalog?utm_medium=cpc&utm_source=ya_direct&utm_campaign={campaign_name}|{campaign_id}&utm_term={keyword}&utm_content=k50id|01000000{phrase_id}_{retargeting_id}|cid|{campaign_id}|gid|{gbid}|aid|{ad_id}|adp|{addphrases}|pos|{position_type}{position}|src|{source_type}_{source}|dvc|{device_type}|dop_0&k50id=01000000{phrase_id}_{retargeting_id}&cm_id={campaign_id}_{gbid}_{banner_id}_{phrase_id}_{retargeting_id}_{source}_{source_type}_{campaign_type}_{addphrases}_{device_type}_{position_type}_{region_id}&region={region_id}&region_name={region_name},Смесители для ванны Hansgrohe Logis хромированные,Приобретайте смесители Hansgrohe с официальной гарантией. Доставка 0 руб!,,,,,,,
https://hansgrohe-russia.ru/kollektsii/logis-1/shopby/hg_tip-smesiteli_dlya_vanny?v=8#catalog?utm_medium=cpc&utm_source=ya_direct&utm_campaign={campaign_name}|{campaign_id}&utm_term={keyword}&utm_content=k50id|01000000{phrase_id}_{retargeting_id}|cid|{campaign_id}|gid|{gbid}|aid|{ad_id}|adp|{addphrases}|pos|{position_type}{position}|src|{source_type}_{source}|dvc|{device_type}|dop_0&k50id=01000000{phrase_id}_{retargeting_id}&cm_id={campaign_id}_{gbid}_{banner_id}_{phrase_id}_{retargeting_id}_{source}_{source_type}_{campaign_type}_{addphrases}_{device_type}_{position_type}_{region_id}&region={region_id}&region_name={region_name},Смесители для ванны Hansgrohe Logis хромированные,Оригинальные смесители Hansgrohe. Скидка 5% на покупку. Переходите на сайт!,,,,,,,
https://hansgrohe-russia.ru/kollektsii/metris-1?utm_medium=cpc&utm_source=ya_direct&utm_campaign={campaign_name}|{campaign_id}&utm_term={keyword}&utm_content=k50id|01000000{phrase_id}_{retargeting_id}|cid|{campaign_id}|gid|{gbid}|aid|{ad_id}|adp|{addphrases}|pos|{position_type}{position}|src|{source_type}_{source}|dvc|{device_type}|dop_0&k50id=01000000{phrase_id}_{retargeting_id}&cm_id={campaign_id}_{gbid}_{banner_id}_{phrase_id}_{retargeting_id}_{source}_{source_type}_{campaign_type}_{addphrases}_{device_type}_{position_type}_{region_id}&region={region_id}&region_name={region_name}&v=1,Смесители Hansgrohe Metris. Доставка по всей России!,Покупайте оригинальные смесители от бренда Hansgrohe с гарантией производителя!,,,,,,,
https://hansgrohe-russia.ru/kollektsii/metris-1?utm_medium=cpc&utm_source=ya_direct&utm_campaign={campaign_name}|{campaign_id}&utm_term={keyword}&utm_content=k50id|01000000{phrase_id}_{retargeting_id}|cid|{campaign_id}|gid|{gbid}|aid|{ad_id}|adp|{addphrases}|pos|{position_type}{position}|src|{source_type}_{source}|dvc|{device_type}|dop_0&k50id=01000000{phrase_id}_{retargeting_id}&cm_id={campaign_id}_{gbid}_{banner_id}_{phrase_id}_{retargeting_id}_{source}_{source_type}_{campaign_type}_{addphrases}_{device_type}_{position_type}_{region_id}&region={region_id}&region_name={region_name}&v=2,Смесители Hansgrohe Metris,Оригинальные смесители Hansgrohe. Бесплатная доставка. Покупайте!,,,,,,,
https://hansgrohe-russia.ru/kollektsii/metris-1?utm_medium=cpc&utm_source=ya_direct&utm_campaign={campaign_name}|{campaign_id}&utm_term={keyword}&utm_content=k50id|01000000{phrase_id}_{retargeting_id}|cid|{campaign_id}|gid|{gbid}|aid|{ad_id}|adp|{addphrases}|pos|{position_type}{position}|src|{source_type}_{source}|dvc|{device_type}|dop_0&k50id=01000000{phrase_id}_{retargeting_id}&cm_id={campaign_id}_{gbid}_{banner_id}_{phrase_id}_{retargeting_id}_{source}_{source_type}_{campaign_type}_{addphrases}_{device_type}_{position_type}_{region_id}&region={region_id}&region_name={region_name}&v=3,Смесители Hansgrohe Metris. Оригинальная продукция,Приобретайте смесители Hansgrohe с официальной гарантией. Доставка 0 руб!,,,,,,,
https://hansgrohe-russia.ru/kollektsii/metris-1?utm_medium=cpc&utm_source=ya_direct&utm_campaign={campaign_name}|{campaign_id}&utm_term={keyword}&utm_content=k50id|01000000{phrase_id}_{retargeting_id}|cid|{campaign_id}|gid|{gbid}|aid|{ad_id}|adp|{addphrases}|pos|{position_type}{position}|src|{source_type}_{source}|dvc|{device_type}|dop_0&k50id=01000000{phrase_id}_{retargeting_id}&cm_id={campaign_id}_{gbid}_{banner_id}_{phrase_id}_{retargeting_id}_{source}_{source_type}_{campaign_type}_{addphrases}_{device_type}_{position_type}_{region_id}&region={region_id}&region_name={region_name}&v=4,Смесители Hansgrohe Metris. Суперцены каждый день!,Оригинальные смесители Hansgrohe. Скидка 5% на покупку. Переходите на сайт!,,,,,,,
https://hansgrohe-russia.ru/kollektsii/metris-1/shopby/hg_kollektsii-metris_classic?v=1#catalog?utm_medium=cpc&utm_source=ya_direct&utm_campaign={campaign_name}|{campaign_id}&utm_term={keyword}&utm_content=k50id|01000000{phrase_id}_{retargeting_id}|cid|{campaign_id}|gid|{gbid}|aid|{ad_id}|adp|{addphrases}|pos|{position_type}{position}|src|{source_type}_{source}|dvc|{device_type}|dop_0&k50id=01000000{phrase_id}_{retargeting_id}&cm_id={campaign_id}_{gbid}_{banner_id}_{phrase_id}_{retargeting_id}_{source}_{source_type}_{campaign_type}_{addphrases}_{device_type}_{position_type}_{region_id}&region={region_id}&region_name={region_name},Смесители Hansgrohe Metris Classic,Покупайте оригинальные смесители от бренда Hansgrohe с гарантией производителя!,,,,,,,
https://hansgrohe-russia.ru/kollektsii/metris-1/shopby/hg_kollektsii-metris_classic?v=2#catalog?utm_medium=cpc&utm_source=ya_direct&utm_campaign={campaign_name}|{campaign_id}&utm_term={keyword}&utm_content=k50id|01000000{phrase_id}_{retargeting_id}|cid|{campaign_id}|gid|{gbid}|aid|{ad_id}|adp|{addphrases}|pos|{position_type}{position}|src|{source_type}_{source}|dvc|{device_type}|dop_0&k50id=01000000{phrase_id}_{retargeting_id}&cm_id={campaign_id}_{gbid}_{banner_id}_{phrase_id}_{retargeting_id}_{source}_{source_type}_{campaign_type}_{addphrases}_{device_type}_{position_type}_{region_id}&region={region_id}&region_name={region_name},Смесители Hansgrohe Metris Classic,Оригинальные смесители Hansgrohe. Бесплатная доставка. Покупайте!,,,,,,,
https://hansgrohe-russia.ru/kollektsii/metris-1/shopby/hg_kollektsii-metris_classic?v=3#catalog?utm_medium=cpc&utm_source=ya_direct&utm_campaign={campaign_name}|{campaign_id}&utm_term={keyword}&utm_content=k50id|01000000{phrase_id}_{retargeting_id}|cid|{campaign_id}|gid|{gbid}|aid|{ad_id}|adp|{addphrases}|pos|{position_type}{position}|src|{source_type}_{source}|dvc|{device_type}|dop_0&k50id=01000000{phrase_id}_{retargeting_id}&cm_id={campaign_id}_{gbid}_{banner_id}_{phrase_id}_{retargeting_id}_{source}_{source_type}_{campaign_type}_{addphrases}_{device_type}_{position_type}_{region_id}&region={region_id}&region_name={region_name},Смесители Hansgrohe Metris Classic,Приобретайте смесители Hansgrohe с официальной гарантией. Доставка 0 руб!,,,,,,,
https://hansgrohe-russia.ru/kollektsii/metris-1/shopby/hg_kollektsii-metris_classic?v=4#catalog?utm_medium=cpc&utm_source=ya_direct&utm_campaign={campaign_name}|{campaign_id}&utm_term={keyword}&utm_content=k50id|01000000{phrase_id}_{retargeting_id}|cid|{campaign_id}|gid|{gbid}|aid|{ad_id}|adp|{addphrases}|pos|{position_type}{position}|src|{source_type}_{source}|dvc|{device_type}|dop_0&k50id=01000000{phrase_id}_{retargeting_id}&cm_id={campaign_id}_{gbid}_{banner_id}_{phrase_id}_{retargeting_id}_{source}_{source_type}_{campaign_type}_{addphrases}_{device_type}_{position_type}_{region_id}&region={region_id}&region_name={region_name},Смесители Hansgrohe Metris Classic,Оригинальные смесители Hansgrohe. Скидка 5% на покупку. Переходите на сайт!,,,,,,,
https://hansgrohe-russia.ru/kollektsii/metris-1/shopby/hg_kollektsii-metris_s?v=1#catalog?utm_medium=cpc&utm_source=ya_direct&utm_campaign={campaign_name}|{campaign_id}&utm_term={keyword}&utm_content=k50id|01000000{phrase_id}_{retargeting_id}|cid|{campaign_id}|gid|{gbid}|aid|{ad_id}|adp|{addphrases}|pos|{position_type}{position}|src|{source_type}_{source}|dvc|{device_type}|dop_0&k50id=01000000{phrase_id}_{retargeting_id}&cm_id={campaign_id}_{gbid}_{banner_id}_{phrase_id}_{retargeting_id}_{source}_{source_type}_{campaign_type}_{addphrases}_{device_type}_{position_type}_{region_id}&region={region_id}&region_name={region_name},Смесители Hansgrohe Metris S. Доставка по всей России!,Покупайте оригинальные смесители от бренда Hansgrohe с гарантией производителя!,,,,,,,
https://hansgrohe-russia.ru/kollektsii/metris-1/shopby/hg_kollektsii-metris_s?v=2#catalog?utm_medium=cpc&utm_source=ya_direct&utm_campaign={campaign_name}|{campaign_id}&utm_term={keyword}&utm_content=k50id|01000000{phrase_id}_{retargeting_id}|cid|{campaign_id}|gid|{gbid}|aid|{ad_id}|adp|{addphrases}|pos|{position_type}{position}|src|{source_type}_{source}|dvc|{device_type}|dop_0&k50id=01000000{phrase_id}_{retargeting_id}&cm_id={campaign_id}_{gbid}_{banner_id}_{phrase_id}_{retargeting_id}_{source}_{source_type}_{campaign_type}_{addphrases}_{device_type}_{position_type}_{region_id}&region={region_id}&region_name={region_name},Смесители Hansgrohe Metris S,Оригинальные смесители Hansgrohe. Бесплатная доставка. Покупайте!,,,,,,,
https://hansgrohe-russia.ru/kollektsii/metris-1/shopby/hg_kollektsii-metris_s?v=3#catalog?utm_medium=cpc&utm_source=ya_direct&utm_campaign={campaign_name}|{campaign_id}&utm_term={keyword}&utm_content=k50id|01000000{phrase_id}_{retargeting_id}|cid|{campaign_id}|gid|{gbid}|aid|{ad_id}|adp|{addphrases}|pos|{position_type}{position}|src|{source_type}_{source}|dvc|{device_type}|dop_0&k50id=01000000{phrase_id}_{retargeting_id}&cm_id={campaign_id}_{gbid}_{banner_id}_{phrase_id}_{retargeting_id}_{source}_{source_type}_{campaign_type}_{addphrases}_{device_type}_{position_type}_{region_id}&region={region_id}&region_name={region_name},Смесители Hansgrohe Metris S. Оригинальная продукция,Приобретайте смесители Hansgrohe с официальной гарантией. Доставка 0 руб!,,,,,,,
https://hansgrohe-russia.ru/kollektsii/metris-1/shopby/hg_kollektsii-metris_s?v=4#catalog?utm_medium=cpc&utm_source=ya_direct&utm_campaign={campaign_name}|{campaign_id}&utm_term={keyword}&utm_content=k50id|01000000{phrase_id}_{retargeting_id}|cid|{campaign_id}|gid|{gbid}|aid|{ad_id}|adp|{addphrases}|pos|{position_type}{position}|src|{source_type}_{source}|dvc|{device_type}|dop_0&k50id=01000000{phrase_id}_{retargeting_id}&cm_id={campaign_id}_{gbid}_{banner_id}_{phrase_id}_{retargeting_id}_{source}_{source_type}_{campaign_type}_{addphrases}_{device_type}_{position_type}_{region_id}&region={region_id}&region_name={region_name},Смесители Hansgrohe Metris S. Суперцены каждый день!,Оригинальные смесители Hansgrohe. Скидка 5% на покупку. Переходите на сайт!,,,,,,,
https://hansgrohe-russia.ru/kollektsii/metris-1/shopby/hg_tip-smesiteli_dlya_dusha?v=1#catalog?utm_medium=cpc&utm_source=ya_direct&utm_campaign={campaign_name}|{campaign_id}&utm_term={keyword}&utm_content=k50id|01000000{phrase_id}_{retargeting_id}|cid|{campaign_id}|gid|{gbid}|aid|{ad_id}|adp|{addphrases}|pos|{position_type}{position}|src|{source_type}_{source}|dvc|{device_type}|dop_0&k50id=01000000{phrase_id}_{retargeting_id}&cm_id={campaign_id}_{gbid}_{banner_id}_{phrase_id}_{retargeting_id}_{source}_{source_type}_{campaign_type}_{addphrases}_{device_type}_{position_type}_{region_id}&region={region_id}&region_name={region_name},Смесители для душа Hansgrohe Metris,Покупайте оригинальные смесители от бренда Hansgrohe с гарантией производителя!,,,,,,,
https://hansgrohe-russia.ru/kollektsii/metris-1/shopby/hg_tip-smesiteli_dlya_dusha?v=2#catalog?utm_medium=cpc&utm_source=ya_direct&utm_campaign={campaign_name}|{campaign_id}&utm_term={keyword}&utm_content=k50id|01000000{phrase_id}_{retargeting_id}|cid|{campaign_id}|gid|{gbid}|aid|{ad_id}|adp|{addphrases}|pos|{position_type}{position}|src|{source_type}_{source}|dvc|{device_type}|dop_0&k50id=01000000{phrase_id}_{retargeting_id}&cm_id={campaign_id}_{gbid}_{banner_id}_{phrase_id}_{retargeting_id}_{source}_{source_type}_{campaign_type}_{addphrases}_{device_type}_{position_type}_{region_id}&region={region_id}&region_name={region_name},Смесители для душа Hansgrohe Metris,Оригинальные смесители Hansgrohe. Бесплатная доставка. Покупайте!,,,,,,,
https://hansgrohe-russia.ru/kollektsii/metris-1/shopby/hg_tip-smesiteli_dlya_dusha?v=3#catalog?utm_medium=cpc&utm_source=ya_direct&utm_campaign={campaign_name}|{campaign_id}&utm_term={keyword}&utm_content=k50id|01000000{phrase_id}_{retargeting_id}|cid|{campaign_id}|gid|{gbid}|aid|{ad_id}|adp|{addphrases}|pos|{position_type}{position}|src|{source_type}_{source}|dvc|{device_type}|dop_0&k50id=01000000{phrase_id}_{retargeting_id}&cm_id={campaign_id}_{gbid}_{banner_id}_{phrase_id}_{retargeting_id}_{source}_{source_type}_{campaign_type}_{addphrases}_{device_type}_{position_type}_{region_id}&region={region_id}&region_name={region_name},Смесители для душа Hansgrohe Metris,Приобретайте смесители Hansgrohe с официальной гарантией. Доставка 0 руб!,,,,,,,
https://hansgrohe-russia.ru/kollektsii/metris-1/shopby/hg_tip-smesiteli_dlya_dusha?v=4#catalog?utm_medium=cpc&utm_source=ya_direct&utm_campaign={campaign_name}|{campaign_id}&utm_term={keyword}&utm_content=k50id|01000000{phrase_id}_{retargeting_id}|cid|{campaign_id}|gid|{gbid}|aid|{ad_id}|adp|{addphrases}|pos|{position_type}{position}|src|{source_type}_{source}|dvc|{device_type}|dop_0&k50id=01000000{phrase_id}_{retargeting_id}&cm_id={campaign_id}_{gbid}_{banner_id}_{phrase_id}_{retargeting_id}_{source}_{source_type}_{campaign_type}_{addphrases}_{device_type}_{position_type}_{region_id}&region={region_id}&region_name={region_name},Смесители для душа Hansgrohe Metris,Оригинальные смесители Hansgrohe. Скидка 5% на покупку. Переходите на сайт!,,,,,,,
https://hansgrohe-russia.ru/kollektsii/metris-1/shopby/hg_tip-smesiteli_dlya_rakoviny-smesiteli_dlya_kuhonnoy_moyki/hg_kollektsii-metris_s?v=1#catalog?utm_medium=cpc&utm_source=ya_direct&utm_campaign={campaign_name}|{campaign_id}&utm_term={keyword}&utm_content=k50id|01000000{phrase_id}_{retargeting_id}|cid|{campaign_id}|gid|{gbid}|aid|{ad_id}|adp|{addphrases}|pos|{position_type}{position}|src|{source_type}_{source}|dvc|{device_type}|dop_0&k50id=01000000{phrase_id}_{retargeting_id}&cm_id={campaign_id}_{gbid}_{banner_id}_{phrase_id}_{retargeting_id}_{source}_{source_type}_{campaign_type}_{addphrases}_{device_type}_{position_type}_{region_id}&region={region_id}&region_name={region_name},Смесители для раковины Hansgrohe Metris S,Покупайте оригинальные смесители от бренда Hansgrohe с гарантией производителя!,,,,,,,
https://hansgrohe-russia.ru/kollektsii/metris-1/shopby/hg_tip-smesiteli_dlya_rakoviny-smesiteli_dlya_kuhonnoy_moyki/hg_kollektsii-metris_s?v=2#catalog?utm_medium=cpc&utm_source=ya_direct&utm_campaign={campaign_name}|{campaign_id}&utm_term={keyword}&utm_content=k50id|01000000{phrase_id}_{retargeting_id}|cid|{campaign_id}|gid|{gbid}|aid|{ad_id}|adp|{addphrases}|pos|{position_type}{position}|src|{source_type}_{source}|dvc|{device_type}|dop_0&k50id=01000000{phrase_id}_{retargeting_id}&cm_id={campaign_id}_{gbid}_{banner_id}_{phrase_id}_{retargeting_id}_{source}_{source_type}_{campaign_type}_{addphrases}_{device_type}_{position_type}_{region_id}&region={region_id}&region_name={region_name},Смесители для раковины Hansgrohe Metris S,Оригинальные смесители Hansgrohe. Бесплатная доставка. Покупайте!,,,,,,,
https://hansgrohe-russia.ru/kollektsii/metris-1/shopby/hg_tip-smesiteli_dlya_rakoviny-smesiteli_dlya_kuhonnoy_moyki/hg_kollektsii-metris_s?v=3#catalog?utm_medium=cpc&utm_source=ya_direct&utm_campaign={campaign_name}|{campaign_id}&utm_term={keyword}&utm_content=k50id|01000000{phrase_id}_{retargeting_id}|cid|{campaign_id}|gid|{gbid}|aid|{ad_id}|adp|{addphrases}|pos|{position_type}{position}|src|{source_type}_{source}|dvc|{device_type}|dop_0&k50id=01000000{phrase_id}_{retargeting_id}&cm_id={campaign_id}_{gbid}_{banner_id}_{phrase_id}_{retargeting_id}_{source}_{source_type}_{campaign_type}_{addphrases}_{device_type}_{position_type}_{region_id}&region={region_id}&region_name={region_name},Смесители для раковины Hansgrohe Metris S,Приобретайте смесители Hansgrohe с официальной гарантией. Доставка 0 руб!,,,,,,,
https://hansgrohe-russia.ru/kollektsii/metris-1/shopby/hg_tip-smesiteli_dlya_rakoviny-smesiteli_dlya_kuhonnoy_moyki/hg_kollektsii-metris_s?v=4#catalog?utm_medium=cpc&utm_source=ya_direct&utm_campaign={campaign_name}|{campaign_id}&utm_term={keyword}&utm_content=k50id|01000000{phrase_id}_{retargeting_id}|cid|{campaign_id}|gid|{gbid}|aid|{ad_id}|adp|{addphrases}|pos|{position_type}{position}|src|{source_type}_{source}|dvc|{device_type}|dop_0&k50id=01000000{phrase_id}_{retargeting_id}&cm_id={campaign_id}_{gbid}_{banner_id}_{phrase_id}_{retargeting_id}_{source}_{source_type}_{campaign_type}_{addphrases}_{device_type}_{position_type}_{region_id}&region={region_id}&region_name={region_name},Смесители для раковины Hansgrohe Metris S,Оригинальные смесители Hansgrohe. Скидка 5% на покупку. Переходите на сайт!,,,,,,,
https://hansgrohe-russia.ru/kollektsii/metris-1/shopby/hg_tip-smesiteli_dlya_rakoviny-smesiteli_dlya_kuhonnoy_moyki?v=1#catalog?utm_medium=cpc&utm_source=ya_direct&utm_campaign={campaign_name}|{campaign_id}&utm_term={keyword}&utm_content=k50id|01000000{phrase_id}_{retargeting_id}|cid|{campaign_id}|gid|{gbid}|aid|{ad_id}|adp|{addphrases}|pos|{position_type}{position}|src|{source_type}_{source}|dvc|{device_type}|dop_0&k50id=01000000{phrase_id}_{retargeting_id}&cm_id={campaign_id}_{gbid}_{banner_id}_{phrase_id}_{retargeting_id}_{source}_{source_type}_{campaign_type}_{addphrases}_{device_type}_{position_type}_{region_id}&region={region_id}&region_name={region_name},Смесители для раковины Hansgrohe Metris,Покупайте оригинальные смесители от бренда Hansgrohe с гарантией производителя!,,,,,,,
https://hansgrohe-russia.ru/kollektsii/metris-1/shopby/hg_tip-smesiteli_dlya_rakoviny-smesiteli_dlya_kuhonnoy_moyki?v=2#catalog?utm_medium=cpc&utm_source=ya_direct&utm_campaign={campaign_name}|{campaign_id}&utm_term={keyword}&utm_content=k50id|01000000{phrase_id}_{retargeting_id}|cid|{campaign_id}|gid|{gbid}|aid|{ad_id}|adp|{addphrases}|pos|{position_type}{position}|src|{source_type}_{source}|dvc|{device_type}|dop_0&k50id=01000000{phrase_id}_{retargeting_id}&cm_id={campaign_id}_{gbid}_{banner_id}_{phrase_id}_{retargeting_id}_{source}_{source_type}_{campaign_type}_{addphrases}_{device_type}_{position_type}_{region_id}&region={region_id}&region_name={region_name},Смесители для раковины Hansgrohe Metris,Оригинальные смесители Hansgrohe. Бесплатная доставка. Покупайте!,,,,,,,
https://hansgrohe-russia.ru/kollektsii/metris-1/shopby/hg_tip-smesiteli_dlya_rakoviny-smesiteli_dlya_kuhonnoy_moyki?v=3#catalog?utm_medium=cpc&utm_source=ya_direct&utm_campaign={campaign_name}|{campaign_id}&utm_term={keyword}&utm_content=k50id|01000000{phrase_id}_{retargeting_id}|cid|{campaign_id}|gid|{gbid}|aid|{ad_id}|adp|{addphrases}|pos|{position_type}{position}|src|{source_type}_{source}|dvc|{device_type}|dop_0&k50id=01000000{phrase_id}_{retargeting_id}&cm_id={campaign_id}_{gbid}_{banner_id}_{phrase_id}_{retargeting_id}_{source}_{source_type}_{campaign_type}_{addphrases}_{device_type}_{position_type}_{region_id}&region={region_id}&region_name={region_name},Смесители для раковины Hansgrohe Metris,Приобретайте смесители Hansgrohe с официальной гарантией. Доставка 0 руб!,,,,,,,
https://hansgrohe-russia.ru/kollektsii/metris-1/shopby/hg_tip-smesiteli_dlya_rakoviny-smesiteli_dlya_kuhonnoy_moyki?v=4#catalog?utm_medium=cpc&utm_source=ya_direct&utm_campaign={campaign_name}|{campaign_id}&utm_term={keyword}&utm_content=k50id|01000000{phrase_id}_{retargeting_id}|cid|{campaign_id}|gid|{gbid}|aid|{ad_id}|adp|{addphrases}|pos|{position_type}{position}|src|{source_type}_{source}|dvc|{device_type}|dop_0&k50id=01000000{phrase_id}_{retargeting_id}&cm_id={campaign_id}_{gbid}_{banner_id}_{phrase_id}_{retargeting_id}_{source}_{source_type}_{campaign_type}_{addphrases}_{device_type}_{position_type}_{region_id}&region={region_id}&region_name={region_name},Смесители для раковины Hansgrohe Metris,Оригинальные смесители Hansgrohe. Скидка 5% на покупку. Переходите на сайт!,,,,,,,
https://hansgrohe-russia.ru/kollektsii/metris-1/shopby/hg_tip-smesiteli_dlya_vanny/hg_kollektsii-metris_s?v=1#catalog?utm_medium=cpc&utm_source=ya_direct&utm_campaign={campaign_name}|{campaign_id}&utm_term={keyword}&utm_content=k50id|01000000{phrase_id}_{retargeting_id}|cid|{campaign_id}|gid|{gbid}|aid|{ad_id}|adp|{addphrases}|pos|{position_type}{position}|src|{source_type}_{source}|dvc|{device_type}|dop_0&k50id=01000000{phrase_id}_{retargeting_id}&cm_id={campaign_id}_{gbid}_{banner_id}_{phrase_id}_{retargeting_id}_{source}_{source_type}_{campaign_type}_{addphrases}_{device_type}_{position_type}_{region_id}&region={region_id}&region_name={region_name},Смесители для ванны Hansgrohe Metris S,Покупайте оригинальные смесители от бренда Hansgrohe с гарантией производителя!,,,,,,,
https://hansgrohe-russia.ru/kollektsii/metris-1/shopby/hg_tip-smesiteli_dlya_vanny/hg_kollektsii-metris_s?v=2#catalog?utm_medium=cpc&utm_source=ya_direct&utm_campaign={campaign_name}|{campaign_id}&utm_term={keyword}&utm_content=k50id|01000000{phrase_id}_{retargeting_id}|cid|{campaign_id}|gid|{gbid}|aid|{ad_id}|adp|{addphrases}|pos|{position_type}{position}|src|{source_type}_{source}|dvc|{device_type}|dop_0&k50id=01000000{phrase_id}_{retargeting_id}&cm_id={campaign_id}_{gbid}_{banner_id}_{phrase_id}_{retargeting_id}_{source}_{source_type}_{campaign_type}_{addphrases}_{device_type}_{position_type}_{region_id}&region={region_id}&region_name={region_name},Смесители для ванны Hansgrohe Metris S,Оригинальные смесители Hansgrohe. Бесплатная доставка. Покупайте!,,,,,,,
https://hansgrohe-russia.ru/kollektsii/metris-1/shopby/hg_tip-smesiteli_dlya_vanny/hg_kollektsii-metris_s?v=3#catalog?utm_medium=cpc&utm_source=ya_direct&utm_campaign={campaign_name}|{campaign_id}&utm_term={keyword}&utm_content=k50id|01000000{phrase_id}_{retargeting_id}|cid|{campaign_id}|gid|{gbid}|aid|{ad_id}|adp|{addphrases}|pos|{position_type}{position}|src|{source_type}_{source}|dvc|{device_type}|dop_0&k50id=01000000{phrase_id}_{retargeting_id}&cm_id={campaign_id}_{gbid}_{banner_id}_{phrase_id}_{retargeting_id}_{source}_{source_type}_{campaign_type}_{addphrases}_{device_type}_{position_type}_{region_id}&region={region_id}&region_name={region_name},Смесители для ванны Hansgrohe Metris S,Приобретайте смесители Hansgrohe с официальной гарантией. Доставка 0 руб!,,,,,,,
https://hansgrohe-russia.ru/kollektsii/metris-1/shopby/hg_tip-smesiteli_dlya_vanny/hg_kollektsii-metris_s?v=4#catalog?utm_medium=cpc&utm_source=ya_direct&utm_campaign={campaign_name}|{campaign_id}&utm_term={keyword}&utm_content=k50id|01000000{phrase_id}_{retargeting_id}|cid|{campaign_id}|gid|{gbid}|aid|{ad_id}|adp|{addphrases}|pos|{position_type}{position}|src|{source_type}_{source}|dvc|{device_type}|dop_0&k50id=01000000{phrase_id}_{retargeting_id}&cm_id={campaign_id}_{gbid}_{banner_id}_{phrase_id}_{retargeting_id}_{source}_{source_type}_{campaign_type}_{addphrases}_{device_type}_{position_type}_{region_id}&region={region_id}&region_name={region_name},Смесители для ванны Hansgrohe Metris S,Оригинальные смесители Hansgrohe. Скидка 5% на покупку. Переходите на сайт!,,,,,,,
https://hansgrohe-russia.ru/kollektsii/metris-1/shopby/hg_tip-smesiteli_dlya_vanny?v=1#catalog?utm_medium=cpc&utm_source=ya_direct&utm_campaign={campaign_name}|{campaign_id}&utm_term={keyword}&utm_content=k50id|01000000{phrase_id}_{retargeting_id}|cid|{campaign_id}|gid|{gbid}|aid|{ad_id}|adp|{addphrases}|pos|{position_type}{position}|src|{source_type}_{source}|dvc|{device_type}|dop_0&k50id=01000000{phrase_id}_{retargeting_id}&cm_id={campaign_id}_{gbid}_{banner_id}_{phrase_id}_{retargeting_id}_{source}_{source_type}_{campaign_type}_{addphrases}_{device_type}_{position_type}_{region_id}&region={region_id}&region_name={region_name},Смесители для ванны Hansgrohe Metris,Покупайте оригинальные смесители от бренда Hansgrohe с гарантией производителя!,,,,,,,
https://hansgrohe-russia.ru/kollektsii/metris-1/shopby/hg_tip-smesiteli_dlya_vanny?v=2#catalog?utm_medium=cpc&utm_source=ya_direct&utm_campaign={campaign_name}|{campaign_id}&utm_term={keyword}&utm_content=k50id|01000000{phrase_id}_{retargeting_id}|cid|{campaign_id}|gid|{gbid}|aid|{ad_id}|adp|{addphrases}|pos|{position_type}{position}|src|{source_type}_{source}|dvc|{device_type}|dop_0&k50id=01000000{phrase_id}_{retargeting_id}&cm_id={campaign_id}_{gbid}_{banner_id}_{phrase_id}_{retargeting_id}_{source}_{source_type}_{campaign_type}_{addphrases}_{device_type}_{position_type}_{region_id}&region={region_id}&region_name={region_name},Смесители для ванны Hansgrohe Metris,Оригинальные смесители Hansgrohe. Бесплатная доставка. Покупайте!,,,,,,,
https://hansgrohe-russia.ru/kollektsii/metris-1/shopby/hg_tip-smesiteli_dlya_vanny?v=3#catalog?utm_medium=cpc&utm_source=ya_direct&utm_campaign={campaign_name}|{campaign_id}&utm_term={keyword}&utm_content=k50id|01000000{phrase_id}_{retargeting_id}|cid|{campaign_id}|gid|{gbid}|aid|{ad_id}|adp|{addphrases}|pos|{position_type}{position}|src|{source_type}_{source}|dvc|{device_type}|dop_0&k50id=01000000{phrase_id}_{retargeting_id}&cm_id={campaign_id}_{gbid}_{banner_id}_{phrase_id}_{retargeting_id}_{source}_{source_type}_{campaign_type}_{addphrases}_{device_type}_{position_type}_{region_id}&region={region_id}&region_name={region_name},Смесители для ванны Hansgrohe Metris,Приобретайте смесители Hansgrohe с официальной гарантией. Доставка 0 руб!,,,,,,,
https://hansgrohe-russia.ru/kollektsii/metris-1/shopby/hg_tip-smesiteli_dlya_vanny?v=4#catalog?utm_medium=cpc&utm_source=ya_direct&utm_campaign={campaign_name}|{campaign_id}&utm_term={keyword}&utm_content=k50id|01000000{phrase_id}_{retargeting_id}|cid|{campaign_id}|gid|{gbid}|aid|{ad_id}|adp|{addphrases}|pos|{position_type}{position}|src|{source_type}_{source}|dvc|{device_type}|dop_0&k50id=01000000{phrase_id}_{retargeting_id}&cm_id={campaign_id}_{gbid}_{banner_id}_{phrase_id}_{retargeting_id}_{source}_{source_type}_{campaign_type}_{addphrases}_{device_type}_{position_type}_{region_id}&region={region_id}&region_name={region_name},Смесители для ванны Hansgrohe Metris,Оригинальные смесители Hansgrohe. Скидка 5% на покупку. Переходите на сайт!,,,,,,,
https://hansgrohe-russia.ru/kollektsii/metropol?utm_medium=cpc&utm_source=ya_direct&utm_campaign={campaign_name}|{campaign_id}&utm_term={keyword}&utm_content=k50id|01000000{phrase_id}_{retargeting_id}|cid|{campaign_id}|gid|{gbid}|aid|{ad_id}|adp|{addphrases}|pos|{position_type}{position}|src|{source_type}_{source}|dvc|{device_type}|dop_0&k50id=01000000{phrase_id}_{retargeting_id}&cm_id={campaign_id}_{gbid}_{banner_id}_{phrase_id}_{retargeting_id}_{source}_{source_type}_{campaign_type}_{addphrases}_{device_type}_{position_type}_{region_id}&region={region_id}&region_name={region_name}&v=1,Смесители Hansgrohe Metropol. Доставка по всей России!,Покупайте оригинальные смесители от бренда Hansgrohe с гарантией производителя!,,,,,,,
https://hansgrohe-russia.ru/kollektsii/metropol?utm_medium=cpc&utm_source=ya_direct&utm_campaign={campaign_name}|{campaign_id}&utm_term={keyword}&utm_content=k50id|01000000{phrase_id}_{retargeting_id}|cid|{campaign_id}|gid|{gbid}|aid|{ad_id}|adp|{addphrases}|pos|{position_type}{position}|src|{source_type}_{source}|dvc|{device_type}|dop_0&k50id=01000000{phrase_id}_{retargeting_id}&cm_id={campaign_id}_{gbid}_{banner_id}_{phrase_id}_{retargeting_id}_{source}_{source_type}_{campaign_type}_{addphrases}_{device_type}_{position_type}_{region_id}&region={region_id}&region_name={region_name}&v=2,Смесители Hansgrohe Metropol,Оригинальные смесители Hansgrohe. Бесплатная доставка. Покупайте!,,,,,,,
https://hansgrohe-russia.ru/kollektsii/metropol?utm_medium=cpc&utm_source=ya_direct&utm_campaign={campaign_name}|{campaign_id}&utm_term={keyword}&utm_content=k50id|01000000{phrase_id}_{retargeting_id}|cid|{campaign_id}|gid|{gbid}|aid|{ad_id}|adp|{addphrases}|pos|{position_type}{position}|src|{source_type}_{source}|dvc|{device_type}|dop_0&k50id=01000000{phrase_id}_{retargeting_id}&cm_id={campaign_id}_{gbid}_{banner_id}_{phrase_id}_{retargeting_id}_{source}_{source_type}_{campaign_type}_{addphrases}_{device_type}_{position_type}_{region_id}&region={region_id}&region_name={region_name}&v=3,Смесители Hansgrohe Metropol. Оригинальная продукция,Приобретайте смесители Hansgrohe с официальной гарантией. Доставка 0 руб!,,,,,,,
https://hansgrohe-russia.ru/kollektsii/metropol?utm_medium=cpc&utm_source=ya_direct&utm_campaign={campaign_name}|{campaign_id}&utm_term={keyword}&utm_content=k50id|01000000{phrase_id}_{retargeting_id}|cid|{campaign_id}|gid|{gbid}|aid|{ad_id}|adp|{addphrases}|pos|{position_type}{position}|src|{source_type}_{source}|dvc|{device_type}|dop_0&k50id=01000000{phrase_id}_{retargeting_id}&cm_id={campaign_id}_{gbid}_{banner_id}_{phrase_id}_{retargeting_id}_{source}_{source_type}_{campaign_type}_{addphrases}_{device_type}_{position_type}_{region_id}&region={region_id}&region_name={region_name}&v=4,Смесители Hansgrohe Metropol. Суперцены каждый день!,Оригинальные смесители Hansgrohe. Скидка 5% на покупку. Переходите на сайт!,,,,,,,
https://hansgrohe-russia.ru/kollektsii/metropol/shopby/hg_kollektsii-metropol_classic?v=1#catalog?utm_medium=cpc&utm_source=ya_direct&utm_campaign={campaign_name}|{campaign_id}&utm_term={keyword}&utm_content=k50id|01000000{phrase_id}_{retargeting_id}|cid|{campaign_id}|gid|{gbid}|aid|{ad_id}|adp|{addphrases}|pos|{position_type}{position}|src|{source_type}_{source}|dvc|{device_type}|dop_0&k50id=01000000{phrase_id}_{retargeting_id}&cm_id={campaign_id}_{gbid}_{banner_id}_{phrase_id}_{retargeting_id}_{source}_{source_type}_{campaign_type}_{addphrases}_{device_type}_{position_type}_{region_id}&region={region_id}&region_name={region_name},Смесители Hansgrohe Metropol Classic,Покупайте оригинальные смесители от бренда Hansgrohe с гарантией производителя!,,,,,,,
https://hansgrohe-russia.ru/kollektsii/metropol/shopby/hg_kollektsii-metropol_classic?v=2#catalog?utm_medium=cpc&utm_source=ya_direct&utm_campaign={campaign_name}|{campaign_id}&utm_term={keyword}&utm_content=k50id|01000000{phrase_id}_{retargeting_id}|cid|{campaign_id}|gid|{gbid}|aid|{ad_id}|adp|{addphrases}|pos|{position_type}{position}|src|{source_type}_{source}|dvc|{device_type}|dop_0&k50id=01000000{phrase_id}_{retargeting_id}&cm_id={campaign_id}_{gbid}_{banner_id}_{phrase_id}_{retargeting_id}_{source}_{source_type}_{campaign_type}_{addphrases}_{device_type}_{position_type}_{region_id}&region={region_id}&region_name={region_name},Смесители Hansgrohe Metropol Classic,Оригинальные смесители Hansgrohe. Бесплатная доставка. Покупайте!,,,,,,,
https://hansgrohe-russia.ru/kollektsii/metropol/shopby/hg_kollektsii-metropol_classic?v=3#catalog?utm_medium=cpc&utm_source=ya_direct&utm_campaign={campaign_name}|{campaign_id}&utm_term={keyword}&utm_content=k50id|01000000{phrase_id}_{retargeting_id}|cid|{campaign_id}|gid|{gbid}|aid|{ad_id}|adp|{addphrases}|pos|{position_type}{position}|src|{source_type}_{source}|dvc|{device_type}|dop_0&k50id=01000000{phrase_id}_{retargeting_id}&cm_id={campaign_id}_{gbid}_{banner_id}_{phrase_id}_{retargeting_id}_{source}_{source_type}_{campaign_type}_{addphrases}_{device_type}_{position_type}_{region_id}&region={region_id}&region_name={region_name},Смесители Hansgrohe Metropol Classic,Приобретайте смесители Hansgrohe с официальной гарантией. Доставка 0 руб!,,,,,,,
https://hansgrohe-russia.ru/kollektsii/metropol/shopby/hg_kollektsii-metropol_classic?v=4#catalog?utm_medium=cpc&utm_source=ya_direct&utm_campaign={campaign_name}|{campaign_id}&utm_term={keyword}&utm_content=k50id|01000000{phrase_id}_{retargeting_id}|cid|{campaign_id}|gid|{gbid}|aid|{ad_id}|adp|{addphrases}|pos|{position_type}{position}|src|{source_type}_{source}|dvc|{device_type}|dop_0&k50id=01000000{phrase_id}_{retargeting_id}&cm_id={campaign_id}_{gbid}_{banner_id}_{phrase_id}_{retargeting_id}_{source}_{source_type}_{campaign_type}_{addphrases}_{device_type}_{position_type}_{region_id}&region={region_id}&region_name={region_name},Смесители Hansgrohe Metropol Classic,Оригинальные смесители Hansgrohe. Скидка 5% на покупку. Переходите на сайт!,,,,,,,
https://hansgrohe-russia.ru/kollektsii/metropol/shopby/hg_tip-smesiteli_dlya_rakoviny?v=1#catalog?utm_medium=cpc&utm_source=ya_direct&utm_campaign={campaign_name}|{campaign_id}&utm_term={keyword}&utm_content=k50id|01000000{phrase_id}_{retargeting_id}|cid|{campaign_id}|gid|{gbid}|aid|{ad_id}|adp|{addphrases}|pos|{position_type}{position}|src|{source_type}_{source}|dvc|{device_type}|dop_0&k50id=01000000{phrase_id}_{retargeting_id}&cm_id={campaign_id}_{gbid}_{banner_id}_{phrase_id}_{retargeting_id}_{source}_{source_type}_{campaign_type}_{addphrases}_{device_type}_{position_type}_{region_id}&region={region_id}&region_name={region_name},Смесители для раковины Hansgrohe Metropol,Покупайте оригинальные смесители от бренда Hansgrohe с гарантией производителя!,,,,,,,
https://hansgrohe-russia.ru/kollektsii/metropol/shopby/hg_tip-smesiteli_dlya_rakoviny?v=2#catalog?utm_medium=cpc&utm_source=ya_direct&utm_campaign={campaign_name}|{campaign_id}&utm_term={keyword}&utm_content=k50id|01000000{phrase_id}_{retargeting_id}|cid|{campaign_id}|gid|{gbid}|aid|{ad_id}|adp|{addphrases}|pos|{position_type}{position}|src|{source_type}_{source}|dvc|{device_type}|dop_0&k50id=01000000{phrase_id}_{retargeting_id}&cm_id={campaign_id}_{gbid}_{banner_id}_{phrase_id}_{retargeting_id}_{source}_{source_type}_{campaign_type}_{addphrases}_{device_type}_{position_type}_{region_id}&region={region_id}&region_name={region_name},Смесители для раковины Hansgrohe Metropol,Оригинальные смесители Hansgrohe. Бесплатная доставка. Покупайте!,,,,,,,
https://hansgrohe-russia.ru/kollektsii/metropol/shopby/hg_tip-smesiteli_dlya_rakoviny?v=3#catalog?utm_medium=cpc&utm_source=ya_direct&utm_campaign={campaign_name}|{campaign_id}&utm_term={keyword}&utm_content=k50id|01000000{phrase_id}_{retargeting_id}|cid|{campaign_id}|gid|{gbid}|aid|{ad_id}|adp|{addphrases}|pos|{position_type}{position}|src|{source_type}_{source}|dvc|{device_type}|dop_0&k50id=01000000{phrase_id}_{retargeting_id}&cm_id={campaign_id}_{gbid}_{banner_id}_{phrase_id}_{retargeting_id}_{source}_{source_type}_{campaign_type}_{addphrases}_{device_type}_{position_type}_{region_id}&region={region_id}&region_name={region_name},Смесители для раковины Hansgrohe Metropol,Приобретайте смесители Hansgrohe с официальной гарантией. Доставка 0 руб!,,,,,,,
https://hansgrohe-russia.ru/kollektsii/metropol/shopby/hg_tip-smesiteli_dlya_rakoviny?v=4#catalog?utm_medium=cpc&utm_source=ya_direct&utm_campaign={campaign_name}|{campaign_id}&utm_term={keyword}&utm_content=k50id|01000000{phrase_id}_{retargeting_id}|cid|{campaign_id}|gid|{gbid}|aid|{ad_id}|adp|{addphrases}|pos|{position_type}{position}|src|{source_type}_{source}|dvc|{device_type}|dop_0&k50id=01000000{phrase_id}_{retargeting_id}&cm_id={campaign_id}_{gbid}_{banner_id}_{phrase_id}_{retargeting_id}_{source}_{source_type}_{campaign_type}_{addphrases}_{device_type}_{position_type}_{region_id}&region={region_id}&region_name={region_name},Смесители для раковины Hansgrohe Metropol,Оригинальные смесители Hansgrohe. Скидка 5% на покупку. Переходите на сайт!,,,,,,,
https://hansgrohe-russia.ru/kollektsii/metropol/shopby/hg_tip-smesiteli_dlya_vanny?v=1#catalog?utm_medium=cpc&utm_source=ya_direct&utm_campaign={campaign_name}|{campaign_id}&utm_term={keyword}&utm_content=k50id|01000000{phrase_id}_{retargeting_id}|cid|{campaign_id}|gid|{gbid}|aid|{ad_id}|adp|{addphrases}|pos|{position_type}{position}|src|{source_type}_{source}|dvc|{device_type}|dop_0&k50id=01000000{phrase_id}_{retargeting_id}&cm_id={campaign_id}_{gbid}_{banner_id}_{phrase_id}_{retargeting_id}_{source}_{source_type}_{campaign_type}_{addphrases}_{device_type}_{position_type}_{region_id}&region={region_id}&region_name={region_name},Смесители для ванны Hansgrohe Metropol,Покупайте оригинальные смесители от бренда Hansgrohe с гарантией производителя!,,,,,,,
https://hansgrohe-russia.ru/kollektsii/metropol/shopby/hg_tip-smesiteli_dlya_vanny?v=2#catalog?utm_medium=cpc&utm_source=ya_direct&utm_campaign={campaign_name}|{campaign_id}&utm_term={keyword}&utm_content=k50id|01000000{phrase_id}_{retargeting_id}|cid|{campaign_id}|gid|{gbid}|aid|{ad_id}|adp|{addphrases}|pos|{position_type}{position}|src|{source_type}_{source}|dvc|{device_type}|dop_0&k50id=01000000{phrase_id}_{retargeting_id}&cm_id={campaign_id}_{gbid}_{banner_id}_{phrase_id}_{retargeting_id}_{source}_{source_type}_{campaign_type}_{addphrases}_{device_type}_{position_type}_{region_id}&region={region_id}&region_name={region_name},Смесители для ванны Hansgrohe Metropol,Оригинальные смесители Hansgrohe. Бесплатная доставка. Покупайте!,,,,,,,
https://hansgrohe-russia.ru/kollektsii/metropol/shopby/hg_tip-smesiteli_dlya_vanny?v=3#catalog?utm_medium=cpc&utm_source=ya_direct&utm_campaign={campaign_name}|{campaign_id}&utm_term={keyword}&utm_content=k50id|01000000{phrase_id}_{retargeting_id}|cid|{campaign_id}|gid|{gbid}|aid|{ad_id}|adp|{addphrases}|pos|{position_type}{position}|src|{source_type}_{source}|dvc|{device_type}|dop_0&k50id=01000000{phrase_id}_{retargeting_id}&cm_id={campaign_id}_{gbid}_{banner_id}_{phrase_id}_{retargeting_id}_{source}_{source_type}_{campaign_type}_{addphrases}_{device_type}_{position_type}_{region_id}&region={region_id}&region_name={region_name},Смесители для ванны Hansgrohe Metropol,Приобретайте смесители Hansgrohe с официальной гарантией. Доставка 0 руб!,,,,,,,
https://hansgrohe-russia.ru/kollektsii/metropol/shopby/hg_tip-smesiteli_dlya_vanny?v=4#catalog?utm_medium=cpc&utm_source=ya_direct&utm_campaign={campaign_name}|{campaign_id}&utm_term={keyword}&utm_content=k50id|01000000{phrase_id}_{retargeting_id}|cid|{campaign_id}|gid|{gbid}|aid|{ad_id}|adp|{addphrases}|pos|{position_type}{position}|src|{source_type}_{source}|dvc|{device_type}|dop_0&k50id=01000000{phrase_id}_{retargeting_id}&cm_id={campaign_id}_{gbid}_{banner_id}_{phrase_id}_{retargeting_id}_{source}_{source_type}_{campaign_type}_{addphrases}_{device_type}_{position_type}_{region_id}&region={region_id}&region_name={region_name},Смесители для ванны Hansgrohe Metropol,Оригинальные смесители Hansgrohe. Скидка 5% на покупку. Переходите на сайт!,,,,,,,
https://hansgrohe-russia.ru/kollektsii/novus?utm_medium=cpc&utm_source=ya_direct&utm_campaign={campaign_name}|{campaign_id}&utm_term={keyword}&utm_content=k50id|01000000{phrase_id}_{retargeting_id}|cid|{campaign_id}|gid|{gbid}|aid|{ad_id}|adp|{addphrases}|pos|{position_type}{position}|src|{source_type}_{source}|dvc|{device_type}|dop_0&k50id=01000000{phrase_id}_{retargeting_id}&cm_id={campaign_id}_{gbid}_{banner_id}_{phrase_id}_{retargeting_id}_{source}_{source_type}_{campaign_type}_{addphrases}_{device_type}_{position_type}_{region_id}&region={region_id}&region_name={region_name}&v=1,Смесители Hansgrohe Novus. Доставка по всей России!,Покупайте оригинальные смесители от бренда Hansgrohe с гарантией производителя!,,,,,,,
https://hansgrohe-russia.ru/kollektsii/novus?utm_medium=cpc&utm_source=ya_direct&utm_campaign={campaign_name}|{campaign_id}&utm_term={keyword}&utm_content=k50id|01000000{phrase_id}_{retargeting_id}|cid|{campaign_id}|gid|{gbid}|aid|{ad_id}|adp|{addphrases}|pos|{position_type}{position}|src|{source_type}_{source}|dvc|{device_type}|dop_0&k50id=01000000{phrase_id}_{retargeting_id}&cm_id={campaign_id}_{gbid}_{banner_id}_{phrase_id}_{retargeting_id}_{source}_{source_type}_{campaign_type}_{addphrases}_{device_type}_{position_type}_{region_id}&region={region_id}&region_name={region_name}&v=2,Смесители Hansgrohe Novus. Получайте подарки за покупку!,Оригинальные смесители Hansgrohe. Бесплатная доставка. Покупайте!,,,,,,,
https://hansgrohe-russia.ru/kollektsii/novus?utm_medium=cpc&utm_source=ya_direct&utm_campaign={campaign_name}|{campaign_id}&utm_term={keyword}&utm_content=k50id|01000000{phrase_id}_{retargeting_id}|cid|{campaign_id}|gid|{gbid}|aid|{ad_id}|adp|{addphrases}|pos|{position_type}{position}|src|{source_type}_{source}|dvc|{device_type}|dop_0&k50id=01000000{phrase_id}_{retargeting_id}&cm_id={campaign_id}_{gbid}_{banner_id}_{phrase_id}_{retargeting_id}_{source}_{source_type}_{campaign_type}_{addphrases}_{device_type}_{position_type}_{region_id}&region={region_id}&region_name={region_name}&v=3,Смесители Hansgrohe Novus. Оригинальная продукция,Приобретайте смесители Hansgrohe с официальной гарантией. Доставка 0 руб!,,,,,,,
https://hansgrohe-russia.ru/kollektsii/novus?utm_medium=cpc&utm_source=ya_direct&utm_campaign={campaign_name}|{campaign_id}&utm_term={keyword}&utm_content=k50id|01000000{phrase_id}_{retargeting_id}|cid|{campaign_id}|gid|{gbid}|aid|{ad_id}|adp|{addphrases}|pos|{position_type}{position}|src|{source_type}_{source}|dvc|{device_type}|dop_0&k50id=01000000{phrase_id}_{retargeting_id}&cm_id={campaign_id}_{gbid}_{banner_id}_{phrase_id}_{retargeting_id}_{source}_{source_type}_{campaign_type}_{addphrases}_{device_type}_{position_type}_{region_id}&region={region_id}&region_name={region_name}&v=4,Смесители Hansgrohe Novus. Суперцены каждый день!,Оригинальные смесители Hansgrohe. Скидка 5% на покупку. Переходите на сайт!,,,,,,,
https://hansgrohe-russia.ru/kollektsii/novus/shopby/hg_tip-smesiteli_dlya_rakoviny?v=1#catalog?utm_medium=cpc&utm_source=ya_direct&utm_campaign={campaign_name}|{campaign_id}&utm_term={keyword}&utm_content=k50id|01000000{phrase_id}_{retargeting_id}|cid|{campaign_id}|gid|{gbid}|aid|{ad_id}|adp|{addphrases}|pos|{position_type}{position}|src|{source_type}_{source}|dvc|{device_type}|dop_0&k50id=01000000{phrase_id}_{retargeting_id}&cm_id={campaign_id}_{gbid}_{banner_id}_{phrase_id}_{retargeting_id}_{source}_{source_type}_{campaign_type}_{addphrases}_{device_type}_{position_type}_{region_id}&region={region_id}&region_name={region_name},Смесители для раковины Hansgrohe Novus,Покупайте оригинальные смесители от бренда Hansgrohe с гарантией производителя!,,,,,,,
https://hansgrohe-russia.ru/kollektsii/novus/shopby/hg_tip-smesiteli_dlya_rakoviny?v=2#catalog?utm_medium=cpc&utm_source=ya_direct&utm_campaign={campaign_name}|{campaign_id}&utm_term={keyword}&utm_content=k50id|01000000{phrase_id}_{retargeting_id}|cid|{campaign_id}|gid|{gbid}|aid|{ad_id}|adp|{addphrases}|pos|{position_type}{position}|src|{source_type}_{source}|dvc|{device_type}|dop_0&k50id=01000000{phrase_id}_{retargeting_id}&cm_id={campaign_id}_{gbid}_{banner_id}_{phrase_id}_{retargeting_id}_{source}_{source_type}_{campaign_type}_{addphrases}_{device_type}_{position_type}_{region_id}&region={region_id}&region_name={region_name},Смесители для раковины Hansgrohe Novus,Оригинальные смесители Hansgrohe. Бесплатная доставка. Покупайте!,,,,,,,
https://hansgrohe-russia.ru/kollektsii/novus/shopby/hg_tip-smesiteli_dlya_rakoviny?v=3#catalog?utm_medium=cpc&utm_source=ya_direct&utm_campaign={campaign_name}|{campaign_id}&utm_term={keyword}&utm_content=k50id|01000000{phrase_id}_{retargeting_id}|cid|{campaign_id}|gid|{gbid}|aid|{ad_id}|adp|{addphrases}|pos|{position_type}{position}|src|{source_type}_{source}|dvc|{device_type}|dop_0&k50id=01000000{phrase_id}_{retargeting_id}&cm_id={campaign_id}_{gbid}_{banner_id}_{phrase_id}_{retargeting_id}_{source}_{source_type}_{campaign_type}_{addphrases}_{device_type}_{position_type}_{region_id}&region={region_id}&region_name={region_name},Смесители для раковины Hansgrohe Novus,Приобретайте смесители Hansgrohe с официальной гарантией. Доставка 0 руб!,,,,,,,
https://hansgrohe-russia.ru/kollektsii/novus/shopby/hg_tip-smesiteli_dlya_rakoviny?v=4#catalog?utm_medium=cpc&utm_source=ya_direct&utm_campaign={campaign_name}|{campaign_id}&utm_term={keyword}&utm_content=k50id|01000000{phrase_id}_{retargeting_id}|cid|{campaign_id}|gid|{gbid}|aid|{ad_id}|adp|{addphrases}|pos|{position_type}{position}|src|{source_type}_{source}|dvc|{device_type}|dop_0&k50id=01000000{phrase_id}_{retargeting_id}&cm_id={campaign_id}_{gbid}_{banner_id}_{phrase_id}_{retargeting_id}_{source}_{source_type}_{campaign_type}_{addphrases}_{device_type}_{position_type}_{region_id}&region={region_id}&region_name={region_name},Смесители для раковины Hansgrohe Novus,Оригинальные смесители Hansgrohe. Скидка 5% на покупку. Переходите на сайт!,,,,,,,
https://hansgrohe-russia.ru/kollektsii/novus/shopby/hg_tip-smesiteli_dlya_vanny?v=1#catalog?utm_medium=cpc&utm_source=ya_direct&utm_campaign={campaign_name}|{campaign_id}&utm_term={keyword}&utm_content=k50id|01000000{phrase_id}_{retargeting_id}|cid|{campaign_id}|gid|{gbid}|aid|{ad_id}|adp|{addphrases}|pos|{position_type}{position}|src|{source_type}_{source}|dvc|{device_type}|dop_0&k50id=01000000{phrase_id}_{retargeting_id}&cm_id={campaign_id}_{gbid}_{banner_id}_{phrase_id}_{retargeting_id}_{source}_{source_type}_{campaign_type}_{addphrases}_{device_type}_{position_type}_{region_id}&region={region_id}&region_name={region_name},Смесители для ванны Hansgrohe Novus,Покупайте оригинальные смесители от бренда Hansgrohe с гарантией производителя!,,,,,,,
https://hansgrohe-russia.ru/kollektsii/novus/shopby/hg_tip-smesiteli_dlya_vanny?v=2#catalog?utm_medium=cpc&utm_source=ya_direct&utm_campaign={campaign_name}|{campaign_id}&utm_term={keyword}&utm_content=k50id|01000000{phrase_id}_{retargeting_id}|cid|{campaign_id}|gid|{gbid}|aid|{ad_id}|adp|{addphrases}|pos|{position_type}{position}|src|{source_type}_{source}|dvc|{device_type}|dop_0&k50id=01000000{phrase_id}_{retargeting_id}&cm_id={campaign_id}_{gbid}_{banner_id}_{phrase_id}_{retargeting_id}_{source}_{source_type}_{campaign_type}_{addphrases}_{device_type}_{position_type}_{region_id}&region={region_id}&region_name={region_name},Смесители для ванны Hansgrohe Novus,Оригинальные смесители Hansgrohe. Бесплатная доставка. Покупайте!,,,,,,,
https://hansgrohe-russia.ru/kollektsii/novus/shopby/hg_tip-smesiteli_dlya_vanny?v=3#catalog?utm_medium=cpc&utm_source=ya_direct&utm_campaign={campaign_name}|{campaign_id}&utm_term={keyword}&utm_content=k50id|01000000{phrase_id}_{retargeting_id}|cid|{campaign_id}|gid|{gbid}|aid|{ad_id}|adp|{addphrases}|pos|{position_type}{position}|src|{source_type}_{source}|dvc|{device_type}|dop_0&k50id=01000000{phrase_id}_{retargeting_id}&cm_id={campaign_id}_{gbid}_{banner_id}_{phrase_id}_{retargeting_id}_{source}_{source_type}_{campaign_type}_{addphrases}_{device_type}_{position_type}_{region_id}&region={region_id}&region_name={region_name},Смесители для ванны Hansgrohe Novus,Приобретайте смесители Hansgrohe с официальной гарантией. Доставка 0 руб!,,,,,,,
https://hansgrohe-russia.ru/kollektsii/novus/shopby/hg_tip-smesiteli_dlya_vanny?v=4#catalog?utm_medium=cpc&utm_source=ya_direct&utm_campaign={campaign_name}|{campaign_id}&utm_term={keyword}&utm_content=k50id|01000000{phrase_id}_{retargeting_id}|cid|{campaign_id}|gid|{gbid}|aid|{ad_id}|adp|{addphrases}|pos|{position_type}{position}|src|{source_type}_{source}|dvc|{device_type}|dop_0&k50id=01000000{phrase_id}_{retargeting_id}&cm_id={campaign_id}_{gbid}_{banner_id}_{phrase_id}_{retargeting_id}_{source}_{source_type}_{campaign_type}_{addphrases}_{device_type}_{position_type}_{region_id}&region={region_id}&region_name={region_name},Смесители для ванны Hansgrohe Novus,Оригинальные смесители Hansgrohe. Скидка 5% на покупку. Переходите на сайт!,,,,,,,
https://hansgrohe-russia.ru/kollektsii/puravida?utm_medium=cpc&utm_source=ya_direct&utm_campaign={campaign_name}|{campaign_id}&utm_term={keyword}&utm_content=k50id|01000000{phrase_id}_{retargeting_id}|cid|{campaign_id}|gid|{gbid}|aid|{ad_id}|adp|{addphrases}|pos|{position_type}{position}|src|{source_type}_{source}|dvc|{device_type}|dop_0&k50id=01000000{phrase_id}_{retargeting_id}&cm_id={campaign_id}_{gbid}_{banner_id}_{phrase_id}_{retargeting_id}_{source}_{source_type}_{campaign_type}_{addphrases}_{device_type}_{position_type}_{region_id}&region={region_id}&region_name={region_name}&v=1,Смесители Hansgrohe Puravida. Доставка по всей России!,Покупайте оригинальные смесители от бренда Hansgrohe с гарантией производителя!,,,,,,,
https://hansgrohe-russia.ru/kollektsii/puravida?utm_medium=cpc&utm_source=ya_direct&utm_campaign={campaign_name}|{campaign_id}&utm_term={keyword}&utm_content=k50id|01000000{phrase_id}_{retargeting_id}|cid|{campaign_id}|gid|{gbid}|aid|{ad_id}|adp|{addphrases}|pos|{position_type}{position}|src|{source_type}_{source}|dvc|{device_type}|dop_0&k50id=01000000{phrase_id}_{retargeting_id}&cm_id={campaign_id}_{gbid}_{banner_id}_{phrase_id}_{retargeting_id}_{source}_{source_type}_{campaign_type}_{addphrases}_{device_type}_{position_type}_{region_id}&region={region_id}&region_name={region_name}&v=2,Смесители Hansgrohe Puravida,Оригинальные смесители Hansgrohe. Бесплатная доставка. Покупайте!,,,,,,,
https://hansgrohe-russia.ru/kollektsii/puravida?utm_medium=cpc&utm_source=ya_direct&utm_campaign={campaign_name}|{campaign_id}&utm_term={keyword}&utm_content=k50id|01000000{phrase_id}_{retargeting_id}|cid|{campaign_id}|gid|{gbid}|aid|{ad_id}|adp|{addphrases}|pos|{position_type}{position}|src|{source_type}_{source}|dvc|{device_type}|dop_0&k50id=01000000{phrase_id}_{retargeting_id}&cm_id={campaign_id}_{gbid}_{banner_id}_{phrase_id}_{retargeting_id}_{source}_{source_type}_{campaign_type}_{addphrases}_{device_type}_{position_type}_{region_id}&region={region_id}&region_name={region_name}&v=3,Смесители Hansgrohe Puravida. Оригинальная продукция,Приобретайте смесители Hansgrohe с официальной гарантией. Доставка 0 руб!,,,,,,,
https://hansgrohe-russia.ru/kollektsii/puravida?utm_medium=cpc&utm_source=ya_direct&utm_campaign={campaign_name}|{campaign_id}&utm_term={keyword}&utm_content=k50id|01000000{phrase_id}_{retargeting_id}|cid|{campaign_id}|gid|{gbid}|aid|{ad_id}|adp|{addphrases}|pos|{position_type}{position}|src|{source_type}_{source}|dvc|{device_type}|dop_0&k50id=01000000{phrase_id}_{retargeting_id}&cm_id={campaign_id}_{gbid}_{banner_id}_{phrase_id}_{retargeting_id}_{source}_{source_type}_{campaign_type}_{addphrases}_{device_type}_{position_type}_{region_id}&region={region_id}&region_name={region_name}&v=4,Смесители Hansgrohe Puravida. Суперцены каждый день!,Оригинальные смесители Hansgrohe. Скидка 5% на покупку. Переходите на сайт!,,,,,,,
https://hansgrohe-russia.ru/kollektsii/puravida/shopby/hg_tip-smesiteli_dlya_rakoviny?v=1#catalog?utm_medium=cpc&utm_source=ya_direct&utm_campaign={campaign_name}|{campaign_id}&utm_term={keyword}&utm_content=k50id|01000000{phrase_id}_{retargeting_id}|cid|{campaign_id}|gid|{gbid}|aid|{ad_id}|adp|{addphrases}|pos|{position_type}{position}|src|{source_type}_{source}|dvc|{device_type}|dop_0&k50id=01000000{phrase_id}_{retargeting_id}&cm_id={campaign_id}_{gbid}_{banner_id}_{phrase_id}_{retargeting_id}_{source}_{source_type}_{campaign_type}_{addphrases}_{device_type}_{position_type}_{region_id}&region={region_id}&region_name={region_name},Смесители для раковины Hansgrohe Puravida,Покупайте оригинальные смесители от бренда Hansgrohe с гарантией производителя!,,,,,,,
https://hansgrohe-russia.ru/kollektsii/puravida/shopby/hg_tip-smesiteli_dlya_rakoviny?v=2#catalog?utm_medium=cpc&utm_source=ya_direct&utm_campaign={campaign_name}|{campaign_id}&utm_term={keyword}&utm_content=k50id|01000000{phrase_id}_{retargeting_id}|cid|{campaign_id}|gid|{gbid}|aid|{ad_id}|adp|{addphrases}|pos|{position_type}{position}|src|{source_type}_{source}|dvc|{device_type}|dop_0&k50id=01000000{phrase_id}_{retargeting_id}&cm_id={campaign_id}_{gbid}_{banner_id}_{phrase_id}_{retargeting_id}_{source}_{source_type}_{campaign_type}_{addphrases}_{device_type}_{position_type}_{region_id}&region={region_id}&region_name={region_name},Смесители для раковины Hansgrohe Puravida,Оригинальные смесители Hansgrohe. Бесплатная доставка. Покупайте!,,,,,,,
https://hansgrohe-russia.ru/kollektsii/puravida/shopby/hg_tip-smesiteli_dlya_rakoviny?v=3#catalog?utm_medium=cpc&utm_source=ya_direct&utm_campaign={campaign_name}|{campaign_id}&utm_term={keyword}&utm_content=k50id|01000000{phrase_id}_{retargeting_id}|cid|{campaign_id}|gid|{gbid}|aid|{ad_id}|adp|{addphrases}|pos|{position_type}{position}|src|{source_type}_{source}|dvc|{device_type}|dop_0&k50id=01000000{phrase_id}_{retargeting_id}&cm_id={campaign_id}_{gbid}_{banner_id}_{phrase_id}_{retargeting_id}_{source}_{source_type}_{campaign_type}_{addphrases}_{device_type}_{position_type}_{region_id}&region={region_id}&region_name={region_name},Смесители для раковины Hansgrohe Puravida,Приобретайте смесители Hansgrohe с официальной гарантией. Доставка 0 руб!,,,,,,,
https://hansgrohe-russia.ru/kollektsii/puravida/shopby/hg_tip-smesiteli_dlya_rakoviny?v=4#catalog?utm_medium=cpc&utm_source=ya_direct&utm_campaign={campaign_name}|{campaign_id}&utm_term={keyword}&utm_content=k50id|01000000{phrase_id}_{retargeting_id}|cid|{campaign_id}|gid|{gbid}|aid|{ad_id}|adp|{addphrases}|pos|{position_type}{position}|src|{source_type}_{source}|dvc|{device_type}|dop_0&k50id=01000000{phrase_id}_{retargeting_id}&cm_id={campaign_id}_{gbid}_{banner_id}_{phrase_id}_{retargeting_id}_{source}_{source_type}_{campaign_type}_{addphrases}_{device_type}_{position_type}_{region_id}&region={region_id}&region_name={region_name},Смесители для раковины Hansgrohe Puravida,Оригинальные смесители Hansgrohe. Скидка 5% на покупку. Переходите на сайт!,,,,,,,
https://hansgrohe-russia.ru/kollektsii/puravida/shopby/hg_tip-smesiteli_dlya_vanny?v=1#catalog?utm_medium=cpc&utm_source=ya_direct&utm_campaign={campaign_name}|{campaign_id}&utm_term={keyword}&utm_content=k50id|01000000{phrase_id}_{retargeting_id}|cid|{campaign_id}|gid|{gbid}|aid|{ad_id}|adp|{addphrases}|pos|{position_type}{position}|src|{source_type}_{source}|dvc|{device_type}|dop_0&k50id=01000000{phrase_id}_{retargeting_id}&cm_id={campaign_id}_{gbid}_{banner_id}_{phrase_id}_{retargeting_id}_{source}_{source_type}_{campaign_type}_{addphrases}_{device_type}_{position_type}_{region_id}&region={region_id}&region_name={region_name},Смесители для ванны Hansgrohe Puravida,Покупайте оригинальные смесители от бренда Hansgrohe с гарантией производителя!,,,,,,,
https://hansgrohe-russia.ru/kollektsii/puravida/shopby/hg_tip-smesiteli_dlya_vanny?v=2#catalog?utm_medium=cpc&utm_source=ya_direct&utm_campaign={campaign_name}|{campaign_id}&utm_term={keyword}&utm_content=k50id|01000000{phrase_id}_{retargeting_id}|cid|{campaign_id}|gid|{gbid}|aid|{ad_id}|adp|{addphrases}|pos|{position_type}{position}|src|{source_type}_{source}|dvc|{device_type}|dop_0&k50id=01000000{phrase_id}_{retargeting_id}&cm_id={campaign_id}_{gbid}_{banner_id}_{phrase_id}_{retargeting_id}_{source}_{source_type}_{campaign_type}_{addphrases}_{device_type}_{position_type}_{region_id}&region={region_id}&region_name={region_name},Смесители для ванны Hansgrohe Puravida,Оригинальные смесители Hansgrohe. Бесплатная доставка. Покупайте!,,,,,,,
https://hansgrohe-russia.ru/kollektsii/puravida/shopby/hg_tip-smesiteli_dlya_vanny?v=3#catalog?utm_medium=cpc&utm_source=ya_direct&utm_campaign={campaign_name}|{campaign_id}&utm_term={keyword}&utm_content=k50id|01000000{phrase_id}_{retargeting_id}|cid|{campaign_id}|gid|{gbid}|aid|{ad_id}|adp|{addphrases}|pos|{position_type}{position}|src|{source_type}_{source}|dvc|{device_type}|dop_0&k50id=01000000{phrase_id}_{retargeting_id}&cm_id={campaign_id}_{gbid}_{banner_id}_{phrase_id}_{retargeting_id}_{source}_{source_type}_{campaign_type}_{addphrases}_{device_type}_{position_type}_{region_id}&region={region_id}&region_name={region_name},Смесители для ванны Hansgrohe Puravida,Приобретайте смесители Hansgrohe с официальной гарантией. Доставка 0 руб!,,,,,,,
https://hansgrohe-russia.ru/kollektsii/puravida/shopby/hg_tip-smesiteli_dlya_vanny?v=4#catalog?utm_medium=cpc&utm_source=ya_direct&utm_campaign={campaign_name}|{campaign_id}&utm_term={keyword}&utm_content=k50id|01000000{phrase_id}_{retargeting_id}|cid|{campaign_id}|gid|{gbid}|aid|{ad_id}|adp|{addphrases}|pos|{position_type}{position}|src|{source_type}_{source}|dvc|{device_type}|dop_0&k50id=01000000{phrase_id}_{retargeting_id}&cm_id={campaign_id}_{gbid}_{banner_id}_{phrase_id}_{retargeting_id}_{source}_{source_type}_{campaign_type}_{addphrases}_{device_type}_{position_type}_{region_id}&region={region_id}&region_name={region_name},Смесители для ванны Hansgrohe Puravida,Оригинальные смесители Hansgrohe. Скидка 5% на покупку. Переходите на сайт!,,,,,,,
https://hansgrohe-russia.ru/kollektsii/raindance/shopby/hg_tip-dushevye_sistemy?v=1#catalog?utm_medium=cpc&utm_source=ya_direct&utm_campaign={campaign_name}|{campaign_id}&utm_term={keyword}&utm_content=k50id|01000000{phrase_id}_{retargeting_id}|cid|{campaign_id}|gid|{gbid}|aid|{ad_id}|adp|{addphrases}|pos|{position_type}{position}|src|{source_type}_{source}|dvc|{device_type}|dop_0&k50id=01000000{phrase_id}_{retargeting_id}&cm_id={campaign_id}_{gbid}_{banner_id}_{phrase_id}_{retargeting_id}_{source}_{source_type}_{campaign_type}_{addphrases}_{device_type}_{position_type}_{region_id}&region={region_id}&region_name={region_name},Смесители Hansgrohe Raindance. Доставка по всей России!,Покупайте оригинальные смесители от бренда Hansgrohe с гарантией производителя!,,,,,,,
https://hansgrohe-russia.ru/kollektsii/raindance/shopby/hg_tip-dushevye_sistemy?v=2#catalog?utm_medium=cpc&utm_source=ya_direct&utm_campaign={campaign_name}|{campaign_id}&utm_term={keyword}&utm_content=k50id|01000000{phrase_id}_{retargeting_id}|cid|{campaign_id}|gid|{gbid}|aid|{ad_id}|adp|{addphrases}|pos|{position_type}{position}|src|{source_type}_{source}|dvc|{device_type}|dop_0&k50id=01000000{phrase_id}_{retargeting_id}&cm_id={campaign_id}_{gbid}_{banner_id}_{phrase_id}_{retargeting_id}_{source}_{source_type}_{campaign_type}_{addphrases}_{device_type}_{position_type}_{region_id}&region={region_id}&region_name={region_name},Смесители Hansgrohe Raindance,Оригинальные смесители Hansgrohe. Бесплатная доставка. Покупайте!,,,,,,,
https://hansgrohe-russia.ru/kollektsii/raindance/shopby/hg_tip-dushevye_sistemy?v=3#catalog?utm_medium=cpc&utm_source=ya_direct&utm_campaign={campaign_name}|{campaign_id}&utm_term={keyword}&utm_content=k50id|01000000{phrase_id}_{retargeting_id}|cid|{campaign_id}|gid|{gbid}|aid|{ad_id}|adp|{addphrases}|pos|{position_type}{position}|src|{source_type}_{source}|dvc|{device_type}|dop_0&k50id=01000000{phrase_id}_{retargeting_id}&cm_id={campaign_id}_{gbid}_{banner_id}_{phrase_id}_{retargeting_id}_{source}_{source_type}_{campaign_type}_{addphrases}_{device_type}_{position_type}_{region_id}&region={region_id}&region_name={region_name},Смесители Hansgrohe Raindance. Оригинальная продукция,Приобретайте смесители Hansgrohe с официальной гарантией. Доставка 0 руб!,,,,,,,
https://hansgrohe-russia.ru/kollektsii/raindance/shopby/hg_tip-dushevye_sistemy?v=4#catalog?utm_medium=cpc&utm_source=ya_direct&utm_campaign={campaign_name}|{campaign_id}&utm_term={keyword}&utm_content=k50id|01000000{phrase_id}_{retargeting_id}|cid|{campaign_id}|gid|{gbid}|aid|{ad_id}|adp|{addphrases}|pos|{position_type}{position}|src|{source_type}_{source}|dvc|{device_type}|dop_0&k50id=01000000{phrase_id}_{retargeting_id}&cm_id={campaign_id}_{gbid}_{banner_id}_{phrase_id}_{retargeting_id}_{source}_{source_type}_{campaign_type}_{addphrases}_{device_type}_{position_type}_{region_id}&region={region_id}&region_name={region_name},Смесители Hansgrohe Raindance. Суперцены каждый день!,Оригинальные смесители Hansgrohe. Скидка 5% на покупку. Переходите на сайт!,,,,,,,
https://hansgrohe-russia.ru/kollektsii/talis-1/shopby/hg_tip-smesiteli_dlya_dusha/hg_kollektsii-talis_s?v=1#catalog?utm_medium=cpc&utm_source=ya_direct&utm_campaign={campaign_name}|{campaign_id}&utm_term={keyword}&utm_content=k50id|01000000{phrase_id}_{retargeting_id}|cid|{campaign_id}|gid|{gbid}|aid|{ad_id}|adp|{addphrases}|pos|{position_type}{position}|src|{source_type}_{source}|dvc|{device_type}|dop_0&k50id=01000000{phrase_id}_{retargeting_id}&cm_id={campaign_id}_{gbid}_{banner_id}_{phrase_id}_{retargeting_id}_{source}_{source_type}_{campaign_type}_{addphrases}_{device_type}_{position_type}_{region_id}&region={region_id}&region_name={region_name},Смесители для душа Hansgrohe Talis S,Покупайте оригинальные смесители от бренда Hansgrohe с гарантией производителя!,,,,,,,
https://hansgrohe-russia.ru/kollektsii/talis-1/shopby/hg_tip-smesiteli_dlya_dusha/hg_kollektsii-talis_s?v=2#catalog?utm_medium=cpc&utm_source=ya_direct&utm_campaign={campaign_name}|{campaign_id}&utm_term={keyword}&utm_content=k50id|01000000{phrase_id}_{retargeting_id}|cid|{campaign_id}|gid|{gbid}|aid|{ad_id}|adp|{addphrases}|pos|{position_type}{position}|src|{source_type}_{source}|dvc|{device_type}|dop_0&k50id=01000000{phrase_id}_{retargeting_id}&cm_id={campaign_id}_{gbid}_{banner_id}_{phrase_id}_{retargeting_id}_{source}_{source_type}_{campaign_type}_{addphrases}_{device_type}_{position_type}_{region_id}&region={region_id}&region_name={region_name},Смесители для душа Hansgrohe Talis S,Оригинальные смесители Hansgrohe. Бесплатная доставка. Покупайте!,,,,,,,
https://hansgrohe-russia.ru/kollektsii/talis-1/shopby/hg_tip-smesiteli_dlya_dusha/hg_kollektsii-talis_s?v=3#catalog?utm_medium=cpc&utm_source=ya_direct&utm_campaign={campaign_name}|{campaign_id}&utm_term={keyword}&utm_content=k50id|01000000{phrase_id}_{retargeting_id}|cid|{campaign_id}|gid|{gbid}|aid|{ad_id}|adp|{addphrases}|pos|{position_type}{position}|src|{source_type}_{source}|dvc|{device_type}|dop_0&k50id=01000000{phrase_id}_{retargeting_id}&cm_id={campaign_id}_{gbid}_{banner_id}_{phrase_id}_{retargeting_id}_{source}_{source_type}_{campaign_type}_{addphrases}_{device_type}_{position_type}_{region_id}&region={region_id}&region_name={region_name},Смесители для душа Hansgrohe Talis S,Приобретайте смесители Hansgrohe с официальной гарантией. Доставка 0 руб!,,,,,,,
https://hansgrohe-russia.ru/kollektsii/talis-1/shopby/hg_tip-smesiteli_dlya_dusha/hg_kollektsii-talis_s?v=4#catalog?utm_medium=cpc&utm_source=ya_direct&utm_campaign={campaign_name}|{campaign_id}&utm_term={keyword}&utm_content=k50id|01000000{phrase_id}_{retargeting_id}|cid|{campaign_id}|gid|{gbid}|aid|{ad_id}|adp|{addphrases}|pos|{position_type}{position}|src|{source_type}_{source}|dvc|{device_type}|dop_0&k50id=01000000{phrase_id}_{retargeting_id}&cm_id={campaign_id}_{gbid}_{banner_id}_{phrase_id}_{retargeting_id}_{source}_{source_type}_{campaign_type}_{addphrases}_{device_type}_{position_type}_{region_id}&region={region_id}&region_name={region_name},Смесители для душа Hansgrohe Talis S,Оригинальные смесители Hansgrohe. Скидка 5% на покупку. Переходите на сайт!,,,,,,,
https://hansgrohe-russia.ru/kollektsii/talis-1/shopby/hg_tip-smesiteli_dlya_dusha?v=1#catalog?utm_medium=cpc&utm_source=ya_direct&utm_campaign={campaign_name}|{campaign_id}&utm_term={keyword}&utm_content=k50id|01000000{phrase_id}_{retargeting_id}|cid|{campaign_id}|gid|{gbid}|aid|{ad_id}|adp|{addphrases}|pos|{position_type}{position}|src|{source_type}_{source}|dvc|{device_type}|dop_0&k50id=01000000{phrase_id}_{retargeting_id}&cm_id={campaign_id}_{gbid}_{banner_id}_{phrase_id}_{retargeting_id}_{source}_{source_type}_{campaign_type}_{addphrases}_{device_type}_{position_type}_{region_id}&region={region_id}&region_name={region_name},Смесители для душа Hansgrohe Talis,Покупайте оригинальные смесители от бренда Hansgrohe с гарантией производителя!,,,,,,,
https://hansgrohe-russia.ru/kollektsii/talis-1/shopby/hg_tip-smesiteli_dlya_dusha?v=2#catalog?utm_medium=cpc&utm_source=ya_direct&utm_campaign={campaign_name}|{campaign_id}&utm_term={keyword}&utm_content=k50id|01000000{phrase_id}_{retargeting_id}|cid|{campaign_id}|gid|{gbid}|aid|{ad_id}|adp|{addphrases}|pos|{position_type}{position}|src|{source_type}_{source}|dvc|{device_type}|dop_0&k50id=01000000{phrase_id}_{retargeting_id}&cm_id={campaign_id}_{gbid}_{banner_id}_{phrase_id}_{retargeting_id}_{source}_{source_type}_{campaign_type}_{addphrases}_{device_type}_{position_type}_{region_id}&region={region_id}&region_name={region_name},Смесители для душа Hansgrohe Talis,Оригинальные смесители Hansgrohe. Бесплатная доставка. Покупайте!,,,,,,,
https://hansgrohe-russia.ru/kollektsii/talis-1/shopby/hg_tip-smesiteli_dlya_dusha?v=3#catalog?utm_medium=cpc&utm_source=ya_direct&utm_campaign={campaign_name}|{campaign_id}&utm_term={keyword}&utm_content=k50id|01000000{phrase_id}_{retargeting_id}|cid|{campaign_id}|gid|{gbid}|aid|{ad_id}|adp|{addphrases}|pos|{position_type}{position}|src|{source_type}_{source}|dvc|{device_type}|dop_0&k50id=01000000{phrase_id}_{retargeting_id}&cm_id={campaign_id}_{gbid}_{banner_id}_{phrase_id}_{retargeting_id}_{source}_{source_type}_{campaign_type}_{addphrases}_{device_type}_{position_type}_{region_id}&region={region_id}&region_name={region_name},Смесители для душа Hansgrohe Talis,Приобретайте смесители Hansgrohe с официальной гарантией. Доставка 0 руб!,,,,,,,
https://hansgrohe-russia.ru/kollektsii/talis-1/shopby/hg_tip-smesiteli_dlya_dusha?v=4#catalog?utm_medium=cpc&utm_source=ya_direct&utm_campaign={campaign_name}|{campaign_id}&utm_term={keyword}&utm_content=k50id|01000000{phrase_id}_{retargeting_id}|cid|{campaign_id}|gid|{gbid}|aid|{ad_id}|adp|{addphrases}|pos|{position_type}{position}|src|{source_type}_{source}|dvc|{device_type}|dop_0&k50id=01000000{phrase_id}_{retargeting_id}&cm_id={campaign_id}_{gbid}_{banner_id}_{phrase_id}_{retargeting_id}_{source}_{source_type}_{campaign_type}_{addphrases}_{device_type}_{position_type}_{region_id}&region={region_id}&region_name={region_name},Смесители для душа Hansgrohe Talis,Оригинальные смесители Hansgrohe. Скидка 5% на покупку. Переходите на сайт!,,,,,,,
https://hansgrohe-russia.ru/kollektsii/talis-1/shopby/hg_tip-smesiteli_dlya_rakoviny?utm_medium=cpc&utm_source=ya_direct&utm_campaign={campaign_name}|{campaign_id}&utm_term={keyword}&utm_content=k50id|01000000{phrase_id}_{retargeting_id}|cid|{campaign_id}|gid|{gbid}|aid|{ad_id}|adp|{addphrases}|pos|{position_type}{position}|src|{source_type}_{source}|dvc|{device_type}|dop_0&k50id=01000000{phrase_id}_{retargeting_id}&cm_id={campaign_id}_{gbid}_{banner_id}_{phrase_id}_{retargeting_id}_{source}_{source_type}_{campaign_type}_{addphrases}_{device_type}_{position_type}_{region_id}&region={region_id}&region_name={region_name}&v=1,Смесители для раковины Hansgrohe Talis,Покупайте оригинальные смесители от бренда Hansgrohe с гарантией производителя!,,,,,,,
https://hansgrohe-russia.ru/kollektsii/talis-1/shopby/hg_tip-smesiteli_dlya_rakoviny?utm_medium=cpc&utm_source=ya_direct&utm_campaign={campaign_name}|{campaign_id}&utm_term={keyword}&utm_content=k50id|01000000{phrase_id}_{retargeting_id}|cid|{campaign_id}|gid|{gbid}|aid|{ad_id}|adp|{addphrases}|pos|{position_type}{position}|src|{source_type}_{source}|dvc|{device_type}|dop_0&k50id=01000000{phrase_id}_{retargeting_id}&cm_id={campaign_id}_{gbid}_{banner_id}_{phrase_id}_{retargeting_id}_{source}_{source_type}_{campaign_type}_{addphrases}_{device_type}_{position_type}_{region_id}&region={region_id}&region_name={region_name}&v=2,Смесители для раковины Hansgrohe Talis,Оригинальные смесители Hansgrohe. Бесплатная доставка. Покупайте!,,,,,,,
https://hansgrohe-russia.ru/kollektsii/talis-1/shopby/hg_tip-smesiteli_dlya_rakoviny?utm_medium=cpc&utm_source=ya_direct&utm_campaign={campaign_name}|{campaign_id}&utm_term={keyword}&utm_content=k50id|01000000{phrase_id}_{retargeting_id}|cid|{campaign_id}|gid|{gbid}|aid|{ad_id}|adp|{addphrases}|pos|{position_type}{position}|src|{source_type}_{source}|dvc|{device_type}|dop_0&k50id=01000000{phrase_id}_{retargeting_id}&cm_id={campaign_id}_{gbid}_{banner_id}_{phrase_id}_{retargeting_id}_{source}_{source_type}_{campaign_type}_{addphrases}_{device_type}_{position_type}_{region_id}&region={region_id}&region_name={region_name}&v=3,Смесители для раковины Hansgrohe Talis,Приобретайте смесители Hansgrohe с официальной гарантией. Доставка 0 руб!,,,,,,,
https://hansgrohe-russia.ru/kollektsii/talis-1/shopby/hg_tip-smesiteli_dlya_rakoviny?utm_medium=cpc&utm_source=ya_direct&utm_campaign={campaign_name}|{campaign_id}&utm_term={keyword}&utm_content=k50id|01000000{phrase_id}_{retargeting_id}|cid|{campaign_id}|gid|{gbid}|aid|{ad_id}|adp|{addphrases}|pos|{position_type}{position}|src|{source_type}_{source}|dvc|{device_type}|dop_0&k50id=01000000{phrase_id}_{retargeting_id}&cm_id={campaign_id}_{gbid}_{banner_id}_{phrase_id}_{retargeting_id}_{source}_{source_type}_{campaign_type}_{addphrases}_{device_type}_{position_type}_{region_id}&region={region_id}&region_name={region_name}&v=4,Смесители для раковины Hansgrohe Talis,Оригинальные смесители Hansgrohe. Скидка 5% на покупку. Переходите на сайт!,,,,,,,
https://hansgrohe-russia.ru/kollektsii/talis-1/shopby/hg_tip-smesiteli_dlya_rakoviny?utm_medium=cpc&utm_source=ya_direct&utm_campaign={campaign_name}|{campaign_id}&utm_term={keyword}&utm_content=k50id|01000000{phrase_id}_{retargeting_id}|cid|{campaign_id}|gid|{gbid}|aid|{ad_id}|adp|{addphrases}|pos|{position_type}{position}|src|{source_type}_{source}|dvc|{device_type}|dop_0&k50id=01000000{phrase_id}_{retargeting_id}&cm_id={campaign_id}_{gbid}_{banner_id}_{phrase_id}_{retargeting_id}_{source}_{source_type}_{campaign_type}_{addphrases}_{device_type}_{position_type}_{region_id}&region={region_id}&region_name={region_name}&v=5,Смесители для раковины Hansgrohe Talis Select,Покупайте оригинальные смесители от бренда Hansgrohe с гарантией производителя!,,,,,,,
https://hansgrohe-russia.ru/kollektsii/talis-1/shopby/hg_tip-smesiteli_dlya_rakoviny?utm_medium=cpc&utm_source=ya_direct&utm_campaign={campaign_name}|{campaign_id}&utm_term={keyword}&utm_content=k50id|01000000{phrase_id}_{retargeting_id}|cid|{campaign_id}|gid|{gbid}|aid|{ad_id}|adp|{addphrases}|pos|{position_type}{position}|src|{source_type}_{source}|dvc|{device_type}|dop_0&k50id=01000000{phrase_id}_{retargeting_id}&cm_id={campaign_id}_{gbid}_{banner_id}_{phrase_id}_{retargeting_id}_{source}_{source_type}_{campaign_type}_{addphrases}_{device_type}_{position_type}_{region_id}&region={region_id}&region_name={region_name}&v=6,Смесители для раковины Hansgrohe Talis Select,Оригинальные смесители Hansgrohe. Бесплатная доставка. Покупайте!,,,,,,,
https://hansgrohe-russia.ru/kollektsii/talis-1/shopby/hg_tip-smesiteli_dlya_rakoviny?utm_medium=cpc&utm_source=ya_direct&utm_campaign={campaign_name}|{campaign_id}&utm_term={keyword}&utm_content=k50id|01000000{phrase_id}_{retargeting_id}|cid|{campaign_id}|gid|{gbid}|aid|{ad_id}|adp|{addphrases}|pos|{position_type}{position}|src|{source_type}_{source}|dvc|{device_type}|dop_0&k50id=01000000{phrase_id}_{retargeting_id}&cm_id={campaign_id}_{gbid}_{banner_id}_{phrase_id}_{retargeting_id}_{source}_{source_type}_{campaign_type}_{addphrases}_{device_type}_{position_type}_{region_id}&region={region_id}&region_name={region_name}&v=7,Смесители для раковины Hansgrohe Talis Select,Приобретайте смесители Hansgrohe с официальной гарантией. Доставка 0 руб!,,,,,,,
https://hansgrohe-russia.ru/kollektsii/talis-1/shopby/hg_tip-smesiteli_dlya_rakoviny?utm_medium=cpc&utm_source=ya_direct&utm_campaign={campaign_name}|{campaign_id}&utm_term={keyword}&utm_content=k50id|01000000{phrase_id}_{retargeting_id}|cid|{campaign_id}|gid|{gbid}|aid|{ad_id}|adp|{addphrases}|pos|{position_type}{position}|src|{source_type}_{source}|dvc|{device_type}|dop_0&k50id=01000000{phrase_id}_{retargeting_id}&cm_id={campaign_id}_{gbid}_{banner_id}_{phrase_id}_{retargeting_id}_{source}_{source_type}_{campaign_type}_{addphrases}_{device_type}_{position_type}_{region_id}&region={region_id}&region_name={region_name}&v=8,Смесители для раковины Hansgrohe Talis Select,Оригинальные смесители Hansgrohe. Скидка 5% на покупку. Переходите на сайт!,,,,,,,
https://hansgrohe-russia.ru/kollektsii/talis-1/shopby/hg_tip-smesiteli_dlya_rakoviny/hg_kollektsii-talis_s-talis_select_s?v=1#catalog?utm_medium=cpc&utm_source=ya_direct&utm_campaign={campaign_name}|{campaign_id}&utm_term={keyword}&utm_content=k50id|01000000{phrase_id}_{retargeting_id}|cid|{campaign_id}|gid|{gbid}|aid|{ad_id}|adp|{addphrases}|pos|{position_type}{position}|src|{source_type}_{source}|dvc|{device_type}|dop_0&k50id=01000000{phrase_id}_{retargeting_id}&cm_id={campaign_id}_{gbid}_{banner_id}_{phrase_id}_{retargeting_id}_{source}_{source_type}_{campaign_type}_{addphrases}_{device_type}_{position_type}_{region_id}&region={region_id}&region_name={region_name},Смесители для раковины Hansgrohe Talis S,Покупайте оригинальные смесители от бренда Hansgrohe с гарантией производителя!,,,,,,,
https://hansgrohe-russia.ru/kollektsii/talis-1/shopby/hg_tip-smesiteli_dlya_rakoviny/hg_kollektsii-talis_s-talis_select_s?v=2#catalog?utm_medium=cpc&utm_source=ya_direct&utm_campaign={campaign_name}|{campaign_id}&utm_term={keyword}&utm_content=k50id|01000000{phrase_id}_{retargeting_id}|cid|{campaign_id}|gid|{gbid}|aid|{ad_id}|adp|{addphrases}|pos|{position_type}{position}|src|{source_type}_{source}|dvc|{device_type}|dop_0&k50id=01000000{phrase_id}_{retargeting_id}&cm_id={campaign_id}_{gbid}_{banner_id}_{phrase_id}_{retargeting_id}_{source}_{source_type}_{campaign_type}_{addphrases}_{device_type}_{position_type}_{region_id}&region={region_id}&region_name={region_name},Смесители для раковины Hansgrohe Talis S,Оригинальные смесители Hansgrohe. Бесплатная доставка. Покупайте!,,,,,,,
https://hansgrohe-russia.ru/kollektsii/talis-1/shopby/hg_tip-smesiteli_dlya_rakoviny/hg_kollektsii-talis_s-talis_select_s?v=3#catalog?utm_medium=cpc&utm_source=ya_direct&utm_campaign={campaign_name}|{campaign_id}&utm_term={keyword}&utm_content=k50id|01000000{phrase_id}_{retargeting_id}|cid|{campaign_id}|gid|{gbid}|aid|{ad_id}|adp|{addphrases}|pos|{position_type}{position}|src|{source_type}_{source}|dvc|{device_type}|dop_0&k50id=01000000{phrase_id}_{retargeting_id}&cm_id={campaign_id}_{gbid}_{banner_id}_{phrase_id}_{retargeting_id}_{source}_{source_type}_{campaign_type}_{addphrases}_{device_type}_{position_type}_{region_id}&region={region_id}&region_name={region_name},Смесители для раковины Hansgrohe Talis S,Приобретайте смесители Hansgrohe с официальной гарантией. Доставка 0 руб!,,,,,,,
https://hansgrohe-russia.ru/kollektsii/talis-1/shopby/hg_tip-smesiteli_dlya_rakoviny/hg_kollektsii-talis_s-talis_select_s?v=4#catalog?utm_medium=cpc&utm_source=ya_direct&utm_campaign={campaign_name}|{campaign_id}&utm_term={keyword}&utm_content=k50id|01000000{phrase_id}_{retargeting_id}|cid|{campaign_id}|gid|{gbid}|aid|{ad_id}|adp|{addphrases}|pos|{position_type}{position}|src|{source_type}_{source}|dvc|{device_type}|dop_0&k50id=01000000{phrase_id}_{retargeting_id}&cm_id={campaign_id}_{gbid}_{banner_id}_{phrase_id}_{retargeting_id}_{source}_{source_type}_{campaign_type}_{addphrases}_{device_type}_{position_type}_{region_id}&region={region_id}&region_name={region_name},Смесители для раковины Hansgrohe Talis S,Оригинальные смесители Hansgrohe. Скидка 5% на покупку. Переходите на сайт!,,,,,,,
https://hansgrohe-russia.ru/kollektsii/talis-1/shopby/hg_tip-smesiteli_dlya_vanny?v=1#catalog?utm_medium=cpc&utm_source=ya_direct&utm_campaign={campaign_name}|{campaign_id}&utm_term={keyword}&utm_content=k50id|01000000{phrase_id}_{retargeting_id}|cid|{campaign_id}|gid|{gbid}|aid|{ad_id}|adp|{addphrases}|pos|{position_type}{position}|src|{source_type}_{source}|dvc|{device_type}|dop_0&k50id=01000000{phrase_id}_{retargeting_id}&cm_id={campaign_id}_{gbid}_{banner_id}_{phrase_id}_{retargeting_id}_{source}_{source_type}_{campaign_type}_{addphrases}_{device_type}_{position_type}_{region_id}&region={region_id}&region_name={region_name},Смесители для ванны Hansgrohe Talis,Покупайте оригинальные смесители от бренда Hansgrohe с гарантией производителя!,,,,,,,
https://hansgrohe-russia.ru/kollektsii/talis-1/shopby/hg_tip-smesiteli_dlya_vanny?v=2#catalog?utm_medium=cpc&utm_source=ya_direct&utm_campaign={campaign_name}|{campaign_id}&utm_term={keyword}&utm_content=k50id|01000000{phrase_id}_{retargeting_id}|cid|{campaign_id}|gid|{gbid}|aid|{ad_id}|adp|{addphrases}|pos|{position_type}{position}|src|{source_type}_{source}|dvc|{device_type}|dop_0&k50id=01000000{phrase_id}_{retargeting_id}&cm_id={campaign_id}_{gbid}_{banner_id}_{phrase_id}_{retargeting_id}_{source}_{source_type}_{campaign_type}_{addphrases}_{device_type}_{position_type}_{region_id}&region={region_id}&region_name={region_name},Смесители для ванны Hansgrohe Talis,Оригинальные смесители Hansgrohe. Бесплатная доставка. Покупайте!,,,,,,,
https://hansgrohe-russia.ru/kollektsii/talis-1/shopby/hg_tip-smesiteli_dlya_vanny?v=3#catalog?utm_medium=cpc&utm_source=ya_direct&utm_campaign={campaign_name}|{campaign_id}&utm_term={keyword}&utm_content=k50id|01000000{phrase_id}_{retargeting_id}|cid|{campaign_id}|gid|{gbid}|aid|{ad_id}|adp|{addphrases}|pos|{position_type}{position}|src|{source_type}_{source}|dvc|{device_type}|dop_0&k50id=01000000{phrase_id}_{retargeting_id}&cm_id={campaign_id}_{gbid}_{banner_id}_{phrase_id}_{retargeting_id}_{source}_{source_type}_{campaign_type}_{addphrases}_{device_type}_{position_type}_{region_id}&region={region_id}&region_name={region_name},Смесители для ванны Hansgrohe Talis,Приобретайте смесители Hansgrohe с официальной гарантией. Доставка 0 руб!,,,,,,,
https://hansgrohe-russia.ru/kollektsii/talis-1/shopby/hg_tip-smesiteli_dlya_vanny?v=4#catalog?utm_medium=cpc&utm_source=ya_direct&utm_campaign={campaign_name}|{campaign_id}&utm_term={keyword}&utm_content=k50id|01000000{phrase_id}_{retargeting_id}|cid|{campaign_id}|gid|{gbid}|aid|{ad_id}|adp|{addphrases}|pos|{position_type}{position}|src|{source_type}_{source}|dvc|{device_type}|dop_0&k50id=01000000{phrase_id}_{retargeting_id}&cm_id={campaign_id}_{gbid}_{banner_id}_{phrase_id}_{retargeting_id}_{source}_{source_type}_{campaign_type}_{addphrases}_{device_type}_{position_type}_{region_id}&region={region_id}&region_name={region_name},Смесители для ванны Hansgrohe Talis,Оригинальные смесители Hansgrohe. Скидка 5% на покупку. Переходите на сайт!,,,,,,,
https://hansgrohe-russia.ru/kollektsii/talis-1/shopby/hg_tip-smesiteli_dlya_vanny?v=5#catalog?utm_medium=cpc&utm_source=ya_direct&utm_campaign={campaign_name}|{campaign_id}&utm_term={keyword}&utm_content=k50id|01000000{phrase_id}_{retargeting_id}|cid|{campaign_id}|gid|{gbid}|aid|{ad_id}|adp|{addphrases}|pos|{position_type}{position}|src|{source_type}_{source}|dvc|{device_type}|dop_0&k50id=01000000{phrase_id}_{retargeting_id}&cm_id={campaign_id}_{gbid}_{banner_id}_{phrase_id}_{retargeting_id}_{source}_{source_type}_{campaign_type}_{addphrases}_{device_type}_{position_type}_{region_id}&region={region_id}&region_name={region_name},Смесители для ванны Hansgrohe Talis E,Покупайте оригинальные смесители от бренда Hansgrohe с гарантией производителя!,,,,,,,
https://hansgrohe-russia.ru/kollektsii/talis-1/shopby/hg_tip-smesiteli_dlya_vanny?v=6#catalog?utm_medium=cpc&utm_source=ya_direct&utm_campaign={campaign_name}|{campaign_id}&utm_term={keyword}&utm_content=k50id|01000000{phrase_id}_{retargeting_id}|cid|{campaign_id}|gid|{gbid}|aid|{ad_id}|adp|{addphrases}|pos|{position_type}{position}|src|{source_type}_{source}|dvc|{device_type}|dop_0&k50id=01000000{phrase_id}_{retargeting_id}&cm_id={campaign_id}_{gbid}_{banner_id}_{phrase_id}_{retargeting_id}_{source}_{source_type}_{campaign_type}_{addphrases}_{device_type}_{position_type}_{region_id}&region={region_id}&region_name={region_name},Смесители для ванны Hansgrohe Talis E,Оригинальные смесители Hansgrohe. Бесплатная доставка. Покупайте!,,,,,,,
https://hansgrohe-russia.ru/kollektsii/talis-1/shopby/hg_tip-smesiteli_dlya_vanny?v=7#catalog?utm_medium=cpc&utm_source=ya_direct&utm_campaign={campaign_name}|{campaign_id}&utm_term={keyword}&utm_content=k50id|01000000{phrase_id}_{retargeting_id}|cid|{campaign_id}|gid|{gbid}|aid|{ad_id}|adp|{addphrases}|pos|{position_type}{position}|src|{source_type}_{source}|dvc|{device_type}|dop_0&k50id=01000000{phrase_id}_{retargeting_id}&cm_id={campaign_id}_{gbid}_{banner_id}_{phrase_id}_{retargeting_id}_{source}_{source_type}_{campaign_type}_{addphrases}_{device_type}_{position_type}_{region_id}&region={region_id}&region_name={region_name},Смесители для ванны Hansgrohe Talis E,Приобретайте смесители Hansgrohe с официальной гарантией. Доставка 0 руб!,,,,,,,
https://hansgrohe-russia.ru/kollektsii/talis-1/shopby/hg_tip-smesiteli_dlya_vanny?v=8#catalog?utm_medium=cpc&utm_source=ya_direct&utm_campaign={campaign_name}|{campaign_id}&utm_term={keyword}&utm_content=k50id|01000000{phrase_id}_{retargeting_id}|cid|{campaign_id}|gid|{gbid}|aid|{ad_id}|adp|{addphrases}|pos|{position_type}{position}|src|{source_type}_{source}|dvc|{device_type}|dop_0&k50id=01000000{phrase_id}_{retargeting_id}&cm_id={campaign_id}_{gbid}_{banner_id}_{phrase_id}_{retargeting_id}_{source}_{source_type}_{campaign_type}_{addphrases}_{device_type}_{position_type}_{region_id}&region={region_id}&region_name={region_name},Смесители для ванны Hansgrohe Talis E,Оригинальные смесители Hansgrohe. Скидка 5% на покупку. Переходите на сайт!,,,,,,,
https://hansgrohe-russia.ru/kollektsii/talis-1/shopby/hg_tip-smesiteli_dlya_vanny?v=9#catalog?utm_medium=cpc&utm_source=ya_direct&utm_campaign={campaign_name}|{campaign_id}&utm_term={keyword}&utm_content=k50id|01000000{phrase_id}_{retargeting_id}|cid|{campaign_id}|gid|{gbid}|aid|{ad_id}|adp|{addphrases}|pos|{position_type}{position}|src|{source_type}_{source}|dvc|{device_type}|dop_0&k50id=01000000{phrase_id}_{retargeting_id}&cm_id={campaign_id}_{gbid}_{banner_id}_{phrase_id}_{retargeting_id}_{source}_{source_type}_{campaign_type}_{addphrases}_{device_type}_{position_type}_{region_id}&region={region_id}&region_name={region_name},Смесители для ванны Hansgrohe Talis S,Покупайте оригинальные смесители от бренда Hansgrohe с гарантией производителя!,,,,,,,
https://hansgrohe-russia.ru/kollektsii/talis-1/shopby/hg_tip-smesiteli_dlya_vanny?v=10#catalog?utm_medium=cpc&utm_source=ya_direct&utm_campaign={campaign_name}|{campaign_id}&utm_term={keyword}&utm_content=k50id|01000000{phrase_id}_{retargeting_id}|cid|{campaign_id}|gid|{gbid}|aid|{ad_id}|adp|{addphrases}|pos|{position_type}{position}|src|{source_type}_{source}|dvc|{device_type}|dop_0&k50id=01000000{phrase_id}_{retargeting_id}&cm_id={campaign_id}_{gbid}_{banner_id}_{phrase_id}_{retargeting_id}_{source}_{source_type}_{campaign_type}_{addphrases}_{device_type}_{position_type}_{region_id}&region={region_id}&region_name={region_name},Смесители для ванны Hansgrohe Talis S,Оригинальные смесители Hansgrohe. Бесплатная доставка. Покупайте!,,,,,,,
https://hansgrohe-russia.ru/kollektsii/talis-1/shopby/hg_tip-smesiteli_dlya_vanny?v=11#catalog?utm_medium=cpc&utm_source=ya_direct&utm_campaign={campaign_name}|{campaign_id}&utm_term={keyword}&utm_content=k50id|01000000{phrase_id}_{retargeting_id}|cid|{campaign_id}|gid|{gbid}|aid|{ad_id}|adp|{addphrases}|pos|{position_type}{position}|src|{source_type}_{source}|dvc|{device_type}|dop_0&k50id=01000000{phrase_id}_{retargeting_id}&cm_id={campaign_id}_{gbid}_{banner_id}_{phrase_id}_{retargeting_id}_{source}_{source_type}_{campaign_type}_{addphrases}_{device_type}_{position_type}_{region_id}&region={region_id}&region_name={region_name},Смесители для ванны Hansgrohe Talis S,Приобретайте смесители Hansgrohe с официальной гарантией. Доставка 0 руб!,,,,,,,
https://hansgrohe-russia.ru/kollektsii/talis-1/shopby/hg_tip-smesiteli_dlya_vanny?v=12#catalog?utm_medium=cpc&utm_source=ya_direct&utm_campaign={campaign_name}|{campaign_id}&utm_term={keyword}&utm_content=k50id|01000000{phrase_id}_{retargeting_id}|cid|{campaign_id}|gid|{gbid}|aid|{ad_id}|adp|{addphrases}|pos|{position_type}{position}|src|{source_type}_{source}|dvc|{device_type}|dop_0&k50id=01000000{phrase_id}_{retargeting_id}&cm_id={campaign_id}_{gbid}_{banner_id}_{phrase_id}_{retargeting_id}_{source}_{source_type}_{campaign_type}_{addphrases}_{device_type}_{position_type}_{region_id}&region={region_id}&region_name={region_name},Смесители для ванны Hansgrohe Talis S,Оригинальные смесители Hansgrohe. Скидка 5% на покупку. Переходите на сайт!,,,,,,,
https://hansgrohe-russia.ru/kollektsii/talis-m51?utm_medium=cpc&utm_source=ya_direct&utm_campaign={campaign_name}|{campaign_id}&utm_term={keyword}&utm_content=k50id|01000000{phrase_id}_{retargeting_id}|cid|{campaign_id}|gid|{gbid}|aid|{ad_id}|adp|{addphrases}|pos|{position_type}{position}|src|{source_type}_{source}|dvc|{device_type}|dop_0&k50id=01000000{phrase_id}_{retargeting_id}&cm_id={campaign_id}_{gbid}_{banner_id}_{phrase_id}_{retargeting_id}_{source}_{source_type}_{campaign_type}_{addphrases}_{device_type}_{position_type}_{region_id}&region={region_id}&region_name={region_name}&v=1,Смесители Hansgrohe Talis M51. Доставка по всей России!,Покупайте оригинальные смесители от бренда Hansgrohe с гарантией производителя!,,,,,,,
https://hansgrohe-russia.ru/kollektsii/talis-m51?utm_medium=cpc&utm_source=ya_direct&utm_campaign={campaign_name}|{campaign_id}&utm_term={keyword}&utm_content=k50id|01000000{phrase_id}_{retargeting_id}|cid|{campaign_id}|gid|{gbid}|aid|{ad_id}|adp|{addphrases}|pos|{position_type}{position}|src|{source_type}_{source}|dvc|{device_type}|dop_0&k50id=01000000{phrase_id}_{retargeting_id}&cm_id={campaign_id}_{gbid}_{banner_id}_{phrase_id}_{retargeting_id}_{source}_{source_type}_{campaign_type}_{addphrases}_{device_type}_{position_type}_{region_id}&region={region_id}&region_name={region_name}&v=2,Смесители Hansgrohe Talis M51,Оригинальные смесители Hansgrohe. Бесплатная доставка. Покупайте!,,,,,,,
https://hansgrohe-russia.ru/kollektsii/talis-m51?utm_medium=cpc&utm_source=ya_direct&utm_campaign={campaign_name}|{campaign_id}&utm_term={keyword}&utm_content=k50id|01000000{phrase_id}_{retargeting_id}|cid|{campaign_id}|gid|{gbid}|aid|{ad_id}|adp|{addphrases}|pos|{position_type}{position}|src|{source_type}_{source}|dvc|{device_type}|dop_0&k50id=01000000{phrase_id}_{retargeting_id}&cm_id={campaign_id}_{gbid}_{banner_id}_{phrase_id}_{retargeting_id}_{source}_{source_type}_{campaign_type}_{addphrases}_{device_type}_{position_type}_{region_id}&region={region_id}&region_name={region_name}&v=3,Смесители Hansgrohe Talis M51. Оригинальная продукция,Приобретайте смесители Hansgrohe с официальной гарантией. Доставка 0 руб!,,,,,,,
https://hansgrohe-russia.ru/kollektsii/talis-m51?utm_medium=cpc&utm_source=ya_direct&utm_campaign={campaign_name}|{campaign_id}&utm_term={keyword}&utm_content=k50id|01000000{phrase_id}_{retargeting_id}|cid|{campaign_id}|gid|{gbid}|aid|{ad_id}|adp|{addphrases}|pos|{position_type}{position}|src|{source_type}_{source}|dvc|{device_type}|dop_0&k50id=01000000{phrase_id}_{retargeting_id}&cm_id={campaign_id}_{gbid}_{banner_id}_{phrase_id}_{retargeting_id}_{source}_{source_type}_{campaign_type}_{addphrases}_{device_type}_{position_type}_{region_id}&region={region_id}&region_name={region_name}&v=4,Смесители Hansgrohe Talis M51. Суперцены каждый день!,Оригинальные смесители Hansgrohe. Скидка 5% на покупку. Переходите на сайт!,,,,,,,
https://hansgrohe-russia.ru/kollektsii/talis-m54?utm_medium=cpc&utm_source=ya_direct&utm_campaign={campaign_name}|{campaign_id}&utm_term={keyword}&utm_content=k50id|01000000{phrase_id}_{retargeting_id}|cid|{campaign_id}|gid|{gbid}|aid|{ad_id}|adp|{addphrases}|pos|{position_type}{position}|src|{source_type}_{source}|dvc|{device_type}|dop_0&k50id=01000000{phrase_id}_{retargeting_id}&cm_id={campaign_id}_{gbid}_{banner_id}_{phrase_id}_{retargeting_id}_{source}_{source_type}_{campaign_type}_{addphrases}_{device_type}_{position_type}_{region_id}&region={region_id}&region_name={region_name}&v=1,Смесители Hansgrohe M54. Доставка по всей России!,Покупайте оригинальные смесители от бренда Hansgrohe с гарантией производителя!,,,,,,,
https://hansgrohe-russia.ru/kollektsii/talis-m54?utm_medium=cpc&utm_source=ya_direct&utm_campaign={campaign_name}|{campaign_id}&utm_term={keyword}&utm_content=k50id|01000000{phrase_id}_{retargeting_id}|cid|{campaign_id}|gid|{gbid}|aid|{ad_id}|adp|{addphrases}|pos|{position_type}{position}|src|{source_type}_{source}|dvc|{device_type}|dop_0&k50id=01000000{phrase_id}_{retargeting_id}&cm_id={campaign_id}_{gbid}_{banner_id}_{phrase_id}_{retargeting_id}_{source}_{source_type}_{campaign_type}_{addphrases}_{device_type}_{position_type}_{region_id}&region={region_id}&region_name={region_name}&v=2,Смесители Hansgrohe M54. Получайте подарки за покупку!,Оригинальные смесители Hansgrohe. Бесплатная доставка. Покупайте!,,,,,,,
https://hansgrohe-russia.ru/kollektsii/talis-m54?utm_medium=cpc&utm_source=ya_direct&utm_campaign={campaign_name}|{campaign_id}&utm_term={keyword}&utm_content=k50id|01000000{phrase_id}_{retargeting_id}|cid|{campaign_id}|gid|{gbid}|aid|{ad_id}|adp|{addphrases}|pos|{position_type}{position}|src|{source_type}_{source}|dvc|{device_type}|dop_0&k50id=01000000{phrase_id}_{retargeting_id}&cm_id={campaign_id}_{gbid}_{banner_id}_{phrase_id}_{retargeting_id}_{source}_{source_type}_{campaign_type}_{addphrases}_{device_type}_{position_type}_{region_id}&region={region_id}&region_name={region_name}&v=3,Смесители Hansgrohe M54. Оригинальная продукция,Приобретайте смесители Hansgrohe с официальной гарантией. Доставка 0 руб!,,,,,,,
https://hansgrohe-russia.ru/kollektsii/talis-m54?utm_medium=cpc&utm_source=ya_direct&utm_campaign={campaign_name}|{campaign_id}&utm_term={keyword}&utm_content=k50id|01000000{phrase_id}_{retargeting_id}|cid|{campaign_id}|gid|{gbid}|aid|{ad_id}|adp|{addphrases}|pos|{position_type}{position}|src|{source_type}_{source}|dvc|{device_type}|dop_0&k50id=01000000{phrase_id}_{retargeting_id}&cm_id={campaign_id}_{gbid}_{banner_id}_{phrase_id}_{retargeting_id}_{source}_{source_type}_{campaign_type}_{addphrases}_{device_type}_{position_type}_{region_id}&region={region_id}&region_name={region_name}&v=4,Смесители Hansgrohe M54. Суперцены каждый день!,Оригинальные смесители Hansgrohe. Скидка 5% на покупку. Переходите на сайт!,,,,,,,
https://hansgrohe-russia.ru/kollektsii/talis-m54?utm_medium=cpc&utm_source=ya_direct&utm_campaign={campaign_name}|{campaign_id}&utm_term={keyword}&utm_content=k50id|01000000{phrase_id}_{retargeting_id}|cid|{campaign_id}|gid|{gbid}|aid|{ad_id}|adp|{addphrases}|pos|{position_type}{position}|src|{source_type}_{source}|dvc|{device_type}|dop_0&k50id=01000000{phrase_id}_{retargeting_id}&cm_id={campaign_id}_{gbid}_{banner_id}_{phrase_id}_{retargeting_id}_{source}_{source_type}_{campaign_type}_{addphrases}_{device_type}_{position_type}_{region_id}&region={region_id}&region_name={region_name}&v=5,Смесители Hansgrohe Talis M54. Доставка по всей России!,Покупайте оригинальные смесители от бренда Hansgrohe с гарантией производителя!,,,,,,,
https://hansgrohe-russia.ru/kollektsii/talis-m54?utm_medium=cpc&utm_source=ya_direct&utm_campaign={campaign_name}|{campaign_id}&utm_term={keyword}&utm_content=k50id|01000000{phrase_id}_{retargeting_id}|cid|{campaign_id}|gid|{gbid}|aid|{ad_id}|adp|{addphrases}|pos|{position_type}{position}|src|{source_type}_{source}|dvc|{device_type}|dop_0&k50id=01000000{phrase_id}_{retargeting_id}&cm_id={campaign_id}_{gbid}_{banner_id}_{phrase_id}_{retargeting_id}_{source}_{source_type}_{campaign_type}_{addphrases}_{device_type}_{position_type}_{region_id}&region={region_id}&region_name={region_name}&v=6,Смесители Hansgrohe Talis M54,Оригинальные смесители Hansgrohe. Бесплатная доставка. Покупайте!,,,,,,,
https://hansgrohe-russia.ru/kollektsii/talis-m54?utm_medium=cpc&utm_source=ya_direct&utm_campaign={campaign_name}|{campaign_id}&utm_term={keyword}&utm_content=k50id|01000000{phrase_id}_{retargeting_id}|cid|{campaign_id}|gid|{gbid}|aid|{ad_id}|adp|{addphrases}|pos|{position_type}{position}|src|{source_type}_{source}|dvc|{device_type}|dop_0&k50id=01000000{phrase_id}_{retargeting_id}&cm_id={campaign_id}_{gbid}_{banner_id}_{phrase_id}_{retargeting_id}_{source}_{source_type}_{campaign_type}_{addphrases}_{device_type}_{position_type}_{region_id}&region={region_id}&region_name={region_name}&v=7,Смесители Hansgrohe Talis M54. Оригинальная продукция,Приобретайте смесители Hansgrohe с официальной гарантией. Доставка 0 руб!,,,,,,,
https://hansgrohe-russia.ru/kollektsii/talis-m54?utm_medium=cpc&utm_source=ya_direct&utm_campaign={campaign_name}|{campaign_id}&utm_term={keyword}&utm_content=k50id|01000000{phrase_id}_{retargeting_id}|cid|{campaign_id}|gid|{gbid}|aid|{ad_id}|adp|{addphrases}|pos|{position_type}{position}|src|{source_type}_{source}|dvc|{device_type}|dop_0&k50id=01000000{phrase_id}_{retargeting_id}&cm_id={campaign_id}_{gbid}_{banner_id}_{phrase_id}_{retargeting_id}_{source}_{source_type}_{campaign_type}_{addphrases}_{device_type}_{position_type}_{region_id}&region={region_id}&region_name={region_name}&v=8,Смесители Hansgrohe Talis M54. Суперцены каждый день!,Оригинальные смесители Hansgrohe. Скидка 5% на покупку. Переходите на сайт!,,,,,,,
https://hansgrohe-russia.ru/kollektsii/vernis/shopby/hg_kollektsii-vernis_blend/hg_tip-smesiteli_dlya_dusha?v=1#catalog?utm_medium=cpc&utm_source=ya_direct&utm_campaign={campaign_name}|{campaign_id}&utm_term={keyword}&utm_content=k50id|01000000{phrase_id}_{retargeting_id}|cid|{campaign_id}|gid|{gbid}|aid|{ad_id}|adp|{addphrases}|pos|{position_type}{position}|src|{source_type}_{source}|dvc|{device_type}|dop_0&k50id=01000000{phrase_id}_{retargeting_id}&cm_id={campaign_id}_{gbid}_{banner_id}_{phrase_id}_{retargeting_id}_{source}_{source_type}_{campaign_type}_{addphrases}_{device_type}_{position_type}_{region_id}&region={region_id}&region_name={region_name},Смесители для душа Hansgrohe Vernis Blend,Покупайте оригинальные смесители от бренда Hansgrohe с гарантией производителя!,,,,,,,
https://hansgrohe-russia.ru/kollektsii/vernis/shopby/hg_kollektsii-vernis_blend/hg_tip-smesiteli_dlya_dusha?v=2#catalog?utm_medium=cpc&utm_source=ya_direct&utm_campaign={campaign_name}|{campaign_id}&utm_term={keyword}&utm_content=k50id|01000000{phrase_id}_{retargeting_id}|cid|{campaign_id}|gid|{gbid}|aid|{ad_id}|adp|{addphrases}|pos|{position_type}{position}|src|{source_type}_{source}|dvc|{device_type}|dop_0&k50id=01000000{phrase_id}_{retargeting_id}&cm_id={campaign_id}_{gbid}_{banner_id}_{phrase_id}_{retargeting_id}_{source}_{source_type}_{campaign_type}_{addphrases}_{device_type}_{position_type}_{region_id}&region={region_id}&region_name={region_name},Смесители для душа Hansgrohe Vernis Blend,Оригинальные смесители Hansgrohe. Бесплатная доставка. Покупайте!,,,,,,,
https://hansgrohe-russia.ru/kollektsii/vernis/shopby/hg_kollektsii-vernis_blend/hg_tip-smesiteli_dlya_dusha?v=3#catalog?utm_medium=cpc&utm_source=ya_direct&utm_campaign={campaign_name}|{campaign_id}&utm_term={keyword}&utm_content=k50id|01000000{phrase_id}_{retargeting_id}|cid|{campaign_id}|gid|{gbid}|aid|{ad_id}|adp|{addphrases}|pos|{position_type}{position}|src|{source_type}_{source}|dvc|{device_type}|dop_0&k50id=01000000{phrase_id}_{retargeting_id}&cm_id={campaign_id}_{gbid}_{banner_id}_{phrase_id}_{retargeting_id}_{source}_{source_type}_{campaign_type}_{addphrases}_{device_type}_{position_type}_{region_id}&region={region_id}&region_name={region_name},Смесители для душа Hansgrohe Vernis Blend,Приобретайте смесители Hansgrohe с официальной гарантией. Доставка 0 руб!,,,,,,,
https://hansgrohe-russia.ru/kollektsii/vernis/shopby/hg_kollektsii-vernis_blend/hg_tip-smesiteli_dlya_dusha?v=4#catalog?utm_medium=cpc&utm_source=ya_direct&utm_campaign={campaign_name}|{campaign_id}&utm_term={keyword}&utm_content=k50id|01000000{phrase_id}_{retargeting_id}|cid|{campaign_id}|gid|{gbid}|aid|{ad_id}|adp|{addphrases}|pos|{position_type}{position}|src|{source_type}_{source}|dvc|{device_type}|dop_0&k50id=01000000{phrase_id}_{retargeting_id}&cm_id={campaign_id}_{gbid}_{banner_id}_{phrase_id}_{retargeting_id}_{source}_{source_type}_{campaign_type}_{addphrases}_{device_type}_{position_type}_{region_id}&region={region_id}&region_name={region_name},Смесители для душа Hansgrohe Vernis Blend,Оригинальные смесители Hansgrohe. Скидка 5% на покупку. Переходите на сайт!,,,,,,,
https://hansgrohe-russia.ru/kollektsii/vernis/shopby/hg_kollektsii-vernis_blend/hg_tip-smesiteli_dlya_rakoviny?v=1#catalog?utm_medium=cpc&utm_source=ya_direct&utm_campaign={campaign_name}|{campaign_id}&utm_term={keyword}&utm_content=k50id|01000000{phrase_id}_{retargeting_id}|cid|{campaign_id}|gid|{gbid}|aid|{ad_id}|adp|{addphrases}|pos|{position_type}{position}|src|{source_type}_{source}|dvc|{device_type}|dop_0&k50id=01000000{phrase_id}_{retargeting_id}&cm_id={campaign_id}_{gbid}_{banner_id}_{phrase_id}_{retargeting_id}_{source}_{source_type}_{campaign_type}_{addphrases}_{device_type}_{position_type}_{region_id}&region={region_id}&region_name={region_name},Смесители для раковины Hansgrohe Vernis Blend,Покупайте оригинальные смесители от бренда Hansgrohe с гарантией производителя!,,,,,,,
https://hansgrohe-russia.ru/kollektsii/vernis/shopby/hg_kollektsii-vernis_blend/hg_tip-smesiteli_dlya_rakoviny?v=2#catalog?utm_medium=cpc&utm_source=ya_direct&utm_campaign={campaign_name}|{campaign_id}&utm_term={keyword}&utm_content=k50id|01000000{phrase_id}_{retargeting_id}|cid|{campaign_id}|gid|{gbid}|aid|{ad_id}|adp|{addphrases}|pos|{position_type}{position}|src|{source_type}_{source}|dvc|{device_type}|dop_0&k50id=01000000{phrase_id}_{retargeting_id}&cm_id={campaign_id}_{gbid}_{banner_id}_{phrase_id}_{retargeting_id}_{source}_{source_type}_{campaign_type}_{addphrases}_{device_type}_{position_type}_{region_id}&region={region_id}&region_name={region_name},Смесители для раковины Hansgrohe Vernis Blend,Оригинальные смесители Hansgrohe. Бесплатная доставка. Покупайте!,,,,,,,
https://hansgrohe-russia.ru/kollektsii/vernis/shopby/hg_kollektsii-vernis_blend/hg_tip-smesiteli_dlya_rakoviny?v=3#catalog?utm_medium=cpc&utm_source=ya_direct&utm_campaign={campaign_name}|{campaign_id}&utm_term={keyword}&utm_content=k50id|01000000{phrase_id}_{retargeting_id}|cid|{campaign_id}|gid|{gbid}|aid|{ad_id}|adp|{addphrases}|pos|{position_type}{position}|src|{source_type}_{source}|dvc|{device_type}|dop_0&k50id=01000000{phrase_id}_{retargeting_id}&cm_id={campaign_id}_{gbid}_{banner_id}_{phrase_id}_{retargeting_id}_{source}_{source_type}_{campaign_type}_{addphrases}_{device_type}_{position_type}_{region_id}&region={region_id}&region_name={region_name},Смесители для раковины Hansgrohe Vernis Blend,Приобретайте смесители Hansgrohe с официальной гарантией. Доставка 0 руб!,,,,,,,
https://hansgrohe-russia.ru/kollektsii/vernis/shopby/hg_kollektsii-vernis_blend/hg_tip-smesiteli_dlya_rakoviny?v=4#catalog?utm_medium=cpc&utm_source=ya_direct&utm_campaign={campaign_name}|{campaign_id}&utm_term={keyword}&utm_content=k50id|01000000{phrase_id}_{retargeting_id}|cid|{campaign_id}|gid|{gbid}|aid|{ad_id}|adp|{addphrases}|pos|{position_type}{position}|src|{source_type}_{source}|dvc|{device_type}|dop_0&k50id=01000000{phrase_id}_{retargeting_id}&cm_id={campaign_id}_{gbid}_{banner_id}_{phrase_id}_{retargeting_id}_{source}_{source_type}_{campaign_type}_{addphrases}_{device_type}_{position_type}_{region_id}&region={region_id}&region_name={region_name},Смесители для раковины Hansgrohe Vernis Blend,Оригинальные смесители Hansgrohe. Скидка 5% на покупку. Переходите на сайт!,,,,,,,
https://hansgrohe-russia.ru/kollektsii/vernis/shopby/hg_tip-smesiteli_dlya_rakoviny?utm_medium=cpc&utm_source=ya_direct&utm_campaign={campaign_name}|{campaign_id}&utm_term={keyword}&utm_content=k50id|01000000{phrase_id}_{retargeting_id}|cid|{campaign_id}|gid|{gbid}|aid|{ad_id}|adp|{addphrases}|pos|{position_type}{position}|src|{source_type}_{source}|dvc|{device_type}|dop_0&k50id=01000000{phrase_id}_{retargeting_id}&cm_id={campaign_id}_{gbid}_{banner_id}_{phrase_id}_{retargeting_id}_{source}_{source_type}_{campaign_type}_{addphrases}_{device_type}_{position_type}_{region_id}&region={region_id}&region_name={region_name}&v=1,Смесители для раковины Hansgrohe Vernis,Покупайте оригинальные смесители от бренда Hansgrohe с гарантией производителя!,,,,,,,
https://hansgrohe-russia.ru/kollektsii/vernis/shopby/hg_tip-smesiteli_dlya_rakoviny?utm_medium=cpc&utm_source=ya_direct&utm_campaign={campaign_name}|{campaign_id}&utm_term={keyword}&utm_content=k50id|01000000{phrase_id}_{retargeting_id}|cid|{campaign_id}|gid|{gbid}|aid|{ad_id}|adp|{addphrases}|pos|{position_type}{position}|src|{source_type}_{source}|dvc|{device_type}|dop_0&k50id=01000000{phrase_id}_{retargeting_id}&cm_id={campaign_id}_{gbid}_{banner_id}_{phrase_id}_{retargeting_id}_{source}_{source_type}_{campaign_type}_{addphrases}_{device_type}_{position_type}_{region_id}&region={region_id}&region_name={region_name}&v=2,Смесители для раковины Hansgrohe Vernis,Оригинальные смесители Hansgrohe. Бесплатная доставка. Покупайте!,,,,,,,
https://hansgrohe-russia.ru/kollektsii/vernis/shopby/hg_tip-smesiteli_dlya_rakoviny?utm_medium=cpc&utm_source=ya_direct&utm_campaign={campaign_name}|{campaign_id}&utm_term={keyword}&utm_content=k50id|01000000{phrase_id}_{retargeting_id}|cid|{campaign_id}|gid|{gbid}|aid|{ad_id}|adp|{addphrases}|pos|{position_type}{position}|src|{source_type}_{source}|dvc|{device_type}|dop_0&k50id=01000000{phrase_id}_{retargeting_id}&cm_id={campaign_id}_{gbid}_{banner_id}_{phrase_id}_{retargeting_id}_{source}_{source_type}_{campaign_type}_{addphrases}_{device_type}_{position_type}_{region_id}&region={region_id}&region_name={region_name}&v=3,Смесители для раковины Hansgrohe Vernis,Приобретайте смесители Hansgrohe с официальной гарантией. Доставка 0 руб!,,,,,,,
https://hansgrohe-russia.ru/kollektsii/vernis/shopby/hg_tip-smesiteli_dlya_rakoviny?utm_medium=cpc&utm_source=ya_direct&utm_campaign={campaign_name}|{campaign_id}&utm_term={keyword}&utm_content=k50id|01000000{phrase_id}_{retargeting_id}|cid|{campaign_id}|gid|{gbid}|aid|{ad_id}|adp|{addphrases}|pos|{position_type}{position}|src|{source_type}_{source}|dvc|{device_type}|dop_0&k50id=01000000{phrase_id}_{retargeting_id}&cm_id={campaign_id}_{gbid}_{banner_id}_{phrase_id}_{retargeting_id}_{source}_{source_type}_{campaign_type}_{addphrases}_{device_type}_{position_type}_{region_id}&region={region_id}&region_name={region_name}&v=4,Смесители для раковины Hansgrohe Vernis,Оригинальные смесители Hansgrohe. Скидка 5% на покупку. Переходите на сайт!,,,,,,,
https://hansgrohe-russia.ru/kollektsii/vernis/shopby/hg_tip-smesiteli_dlya_rakoviny?utm_medium=cpc&utm_source=ya_direct&utm_campaign={campaign_name}|{campaign_id}&utm_term={keyword}&utm_content=k50id|01000000{phrase_id}_{retargeting_id}|cid|{campaign_id}|gid|{gbid}|aid|{ad_id}|adp|{addphrases}|pos|{position_type}{position}|src|{source_type}_{source}|dvc|{device_type}|dop_0&k50id=01000000{phrase_id}_{retargeting_id}&cm_id={campaign_id}_{gbid}_{banner_id}_{phrase_id}_{retargeting_id}_{source}_{source_type}_{campaign_type}_{addphrases}_{device_type}_{position_type}_{region_id}&region={region_id}&region_name={region_name}&v=5,Смесители для раковины Hansgrohe Vernis 100,Покупайте оригинальные смесители от бренда Hansgrohe с гарантией производителя!,,,,,,,
https://hansgrohe-russia.ru/kollektsii/vernis/shopby/hg_tip-smesiteli_dlya_rakoviny?utm_medium=cpc&utm_source=ya_direct&utm_campaign={campaign_name}|{campaign_id}&utm_term={keyword}&utm_content=k50id|01000000{phrase_id}_{retargeting_id}|cid|{campaign_id}|gid|{gbid}|aid|{ad_id}|adp|{addphrases}|pos|{position_type}{position}|src|{source_type}_{source}|dvc|{device_type}|dop_0&k50id=01000000{phrase_id}_{retargeting_id}&cm_id={campaign_id}_{gbid}_{banner_id}_{phrase_id}_{retargeting_id}_{source}_{source_type}_{campaign_type}_{addphrases}_{device_type}_{position_type}_{region_id}&region={region_id}&region_name={region_name}&v=6,Смесители для раковины Hansgrohe Vernis 100,Оригинальные смесители Hansgrohe. Бесплатная доставка. Покупайте!,,,,,,,
https://hansgrohe-russia.ru/kollektsii/vernis/shopby/hg_tip-smesiteli_dlya_rakoviny?utm_medium=cpc&utm_source=ya_direct&utm_campaign={campaign_name}|{campaign_id}&utm_term={keyword}&utm_content=k50id|01000000{phrase_id}_{retargeting_id}|cid|{campaign_id}|gid|{gbid}|aid|{ad_id}|adp|{addphrases}|pos|{position_type}{position}|src|{source_type}_{source}|dvc|{device_type}|dop_0&k50id=01000000{phrase_id}_{retargeting_id}&cm_id={campaign_id}_{gbid}_{banner_id}_{phrase_id}_{retargeting_id}_{source}_{source_type}_{campaign_type}_{addphrases}_{device_type}_{position_type}_{region_id}&region={region_id}&region_name={region_name}&v=7,Смесители для раковины Hansgrohe Vernis 100,Приобретайте смесители Hansgrohe с официальной гарантией. Доставка 0 руб!,,,,,,,
https://hansgrohe-russia.ru/kollektsii/vernis/shopby/hg_tip-smesiteli_dlya_rakoviny?utm_medium=cpc&utm_source=ya_direct&utm_campaign={campaign_name}|{campaign_id}&utm_term={keyword}&utm_content=k50id|01000000{phrase_id}_{retargeting_id}|cid|{campaign_id}|gid|{gbid}|aid|{ad_id}|adp|{addphrases}|pos|{position_type}{position}|src|{source_type}_{source}|dvc|{device_type}|dop_0&k50id=01000000{phrase_id}_{retargeting_id}&cm_id={campaign_id}_{gbid}_{banner_id}_{phrase_id}_{retargeting_id}_{source}_{source_type}_{campaign_type}_{addphrases}_{device_type}_{position_type}_{region_id}&region={region_id}&region_name={region_name}&v=8,Смесители для раковины Hansgrohe Vernis 100,Оригинальные смесители Hansgrohe. Скидка 5% на покупку. Переходите на сайт!,,,,,,,
https://hansgrohe-russia.ru/kollektsii/vernis/shopby/hg_tip-smesiteli_dlya_rakoviny?utm_medium=cpc&utm_source=ya_direct&utm_campaign={campaign_name}|{campaign_id}&utm_term={keyword}&utm_content=k50id|01000000{phrase_id}_{retargeting_id}|cid|{campaign_id}|gid|{gbid}|aid|{ad_id}|adp|{addphrases}|pos|{position_type}{position}|src|{source_type}_{source}|dvc|{device_type}|dop_0&k50id=01000000{phrase_id}_{retargeting_id}&cm_id={campaign_id}_{gbid}_{banner_id}_{phrase_id}_{retargeting_id}_{source}_{source_type}_{campaign_type}_{addphrases}_{device_type}_{position_type}_{region_id}&region={region_id}&region_name={region_name}&v=9,Смесители для раковины Hansgrohe Vernis 70,Покупайте оригинальные смесители от бренда Hansgrohe с гарантией производителя!,,,,,,,
https://hansgrohe-russia.ru/kollektsii/vernis/shopby/hg_tip-smesiteli_dlya_rakoviny?utm_medium=cpc&utm_source=ya_direct&utm_campaign={campaign_name}|{campaign_id}&utm_term={keyword}&utm_content=k50id|01000000{phrase_id}_{retargeting_id}|cid|{campaign_id}|gid|{gbid}|aid|{ad_id}|adp|{addphrases}|pos|{position_type}{position}|src|{source_type}_{source}|dvc|{device_type}|dop_0&k50id=01000000{phrase_id}_{retargeting_id}&cm_id={campaign_id}_{gbid}_{banner_id}_{phrase_id}_{retargeting_id}_{source}_{source_type}_{campaign_type}_{addphrases}_{device_type}_{position_type}_{region_id}&region={region_id}&region_name={region_name}&v=10,Смесители для раковины Hansgrohe Vernis 70,Оригинальные смесители Hansgrohe. Бесплатная доставка. Покупайте!,,,,,,,
https://hansgrohe-russia.ru/kollektsii/vernis/shopby/hg_tip-smesiteli_dlya_rakoviny?utm_medium=cpc&utm_source=ya_direct&utm_campaign={campaign_name}|{campaign_id}&utm_term={keyword}&utm_content=k50id|01000000{phrase_id}_{retargeting_id}|cid|{campaign_id}|gid|{gbid}|aid|{ad_id}|adp|{addphrases}|pos|{position_type}{position}|src|{source_type}_{source}|dvc|{device_type}|dop_0&k50id=01000000{phrase_id}_{retargeting_id}&cm_id={campaign_id}_{gbid}_{banner_id}_{phrase_id}_{retargeting_id}_{source}_{source_type}_{campaign_type}_{addphrases}_{device_type}_{position_type}_{region_id}&region={region_id}&region_name={region_name}&v=11,Смесители для раковины Hansgrohe Vernis 70,Приобретайте смесители Hansgrohe с официальной гарантией. Доставка 0 руб!,,,,,,,
https://hansgrohe-russia.ru/kollektsii/vernis/shopby/hg_tip-smesiteli_dlya_rakoviny?utm_medium=cpc&utm_source=ya_direct&utm_campaign={campaign_name}|{campaign_id}&utm_term={keyword}&utm_content=k50id|01000000{phrase_id}_{retargeting_id}|cid|{campaign_id}|gid|{gbid}|aid|{ad_id}|adp|{addphrases}|pos|{position_type}{position}|src|{source_type}_{source}|dvc|{device_type}|dop_0&k50id=01000000{phrase_id}_{retargeting_id}&cm_id={campaign_id}_{gbid}_{banner_id}_{phrase_id}_{retargeting_id}_{source}_{source_type}_{campaign_type}_{addphrases}_{device_type}_{position_type}_{region_id}&region={region_id}&region_name={region_name}&v=12,Смесители для раковины Hansgrohe Vernis 70,Оригинальные смесители Hansgrohe. Скидка 5% на покупку. Переходите на сайт!,,,,,,,
https://hansgrohe-russia.ru/kollektsii/vernis/shopby/hg_tip-smesiteli_dlya_rakoviny/hg_kollektsii-vernis_shape?v=1#catalog?utm_medium=cpc&utm_source=ya_direct&utm_campaign={campaign_name}|{campaign_id}&utm_term={keyword}&utm_content=k50id|01000000{phrase_id}_{retargeting_id}|cid|{campaign_id}|gid|{gbid}|aid|{ad_id}|adp|{addphrases}|pos|{position_type}{position}|src|{source_type}_{source}|dvc|{device_type}|dop_0&k50id=01000000{phrase_id}_{retargeting_id}&cm_id={campaign_id}_{gbid}_{banner_id}_{phrase_id}_{retargeting_id}_{source}_{source_type}_{campaign_type}_{addphrases}_{device_type}_{position_type}_{region_id}&region={region_id}&region_name={region_name},Смесители для раковины Hansgrohe Vernis Shape,Покупайте оригинальные смесители от бренда Hansgrohe с гарантией производителя!,,,,,,,
https://hansgrohe-russia.ru/kollektsii/vernis/shopby/hg_tip-smesiteli_dlya_rakoviny/hg_kollektsii-vernis_shape?v=2#catalog?utm_medium=cpc&utm_source=ya_direct&utm_campaign={campaign_name}|{campaign_id}&utm_term={keyword}&utm_content=k50id|01000000{phrase_id}_{retargeting_id}|cid|{campaign_id}|gid|{gbid}|aid|{ad_id}|adp|{addphrases}|pos|{position_type}{position}|src|{source_type}_{source}|dvc|{device_type}|dop_0&k50id=01000000{phrase_id}_{retargeting_id}&cm_id={campaign_id}_{gbid}_{banner_id}_{phrase_id}_{retargeting_id}_{source}_{source_type}_{campaign_type}_{addphrases}_{device_type}_{position_type}_{region_id}&region={region_id}&region_name={region_name},Смесители для раковины Hansgrohe Vernis Shape,Оригинальные смесители Hansgrohe. Бесплатная доставка. Покупайте!,,,,,,,
https://hansgrohe-russia.ru/kollektsii/vernis/shopby/hg_tip-smesiteli_dlya_rakoviny/hg_kollektsii-vernis_shape?v=3#catalog?utm_medium=cpc&utm_source=ya_direct&utm_campaign={campaign_name}|{campaign_id}&utm_term={keyword}&utm_content=k50id|01000000{phrase_id}_{retargeting_id}|cid|{campaign_id}|gid|{gbid}|aid|{ad_id}|adp|{addphrases}|pos|{position_type}{position}|src|{source_type}_{source}|dvc|{device_type}|dop_0&k50id=01000000{phrase_id}_{retargeting_id}&cm_id={campaign_id}_{gbid}_{banner_id}_{phrase_id}_{retargeting_id}_{source}_{source_type}_{campaign_type}_{addphrases}_{device_type}_{position_type}_{region_id}&region={region_id}&region_name={region_name},Смесители для раковины Hansgrohe Vernis Shape,Приобретайте смесители Hansgrohe с официальной гарантией. Доставка 0 руб!,,,,,,,
https://hansgrohe-russia.ru/kollektsii/vernis/shopby/hg_tip-smesiteli_dlya_rakoviny/hg_kollektsii-vernis_shape?v=4#catalog?utm_medium=cpc&utm_source=ya_direct&utm_campaign={campaign_name}|{campaign_id}&utm_term={keyword}&utm_content=k50id|01000000{phrase_id}_{retargeting_id}|cid|{campaign_id}|gid|{gbid}|aid|{ad_id}|adp|{addphrases}|pos|{position_type}{position}|src|{source_type}_{source}|dvc|{device_type}|dop_0&k50id=01000000{phrase_id}_{retargeting_id}&cm_id={campaign_id}_{gbid}_{banner_id}_{phrase_id}_{retargeting_id}_{source}_{source_type}_{campaign_type}_{addphrases}_{device_type}_{position_type}_{region_id}&region={region_id}&region_name={region_name},Смесители для раковины Hansgrohe Vernis Shape,Оригинальные смесители Hansgrohe. Скидка 5% на покупку. Переходите на сайт!,,,,,,,
https://hansgrohe-russia.ru/kollektsii/vernis/shopby/hg_tip-smesiteli_dlya_vanny/hg_kollektsii-vernis_blend?v=1#catalog?utm_medium=cpc&utm_source=ya_direct&utm_campaign={campaign_name}|{campaign_id}&utm_term={keyword}&utm_content=k50id|01000000{phrase_id}_{retargeting_id}|cid|{campaign_id}|gid|{gbid}|aid|{ad_id}|adp|{addphrases}|pos|{position_type}{position}|src|{source_type}_{source}|dvc|{device_type}|dop_0&k50id=01000000{phrase_id}_{retargeting_id}&cm_id={campaign_id}_{gbid}_{banner_id}_{phrase_id}_{retargeting_id}_{source}_{source_type}_{campaign_type}_{addphrases}_{device_type}_{position_type}_{region_id}&region={region_id}&region_name={region_name},Смесители для ванны Hansgrohe Vernis Bland,Покупайте оригинальные смесители от бренда Hansgrohe с гарантией производителя!,,,,,,,
https://hansgrohe-russia.ru/kollektsii/vernis/shopby/hg_tip-smesiteli_dlya_vanny/hg_kollektsii-vernis_blend?v=2#catalog?utm_medium=cpc&utm_source=ya_direct&utm_campaign={campaign_name}|{campaign_id}&utm_term={keyword}&utm_content=k50id|01000000{phrase_id}_{retargeting_id}|cid|{campaign_id}|gid|{gbid}|aid|{ad_id}|adp|{addphrases}|pos|{position_type}{position}|src|{source_type}_{source}|dvc|{device_type}|dop_0&k50id=01000000{phrase_id}_{retargeting_id}&cm_id={campaign_id}_{gbid}_{banner_id}_{phrase_id}_{retargeting_id}_{source}_{source_type}_{campaign_type}_{addphrases}_{device_type}_{position_type}_{region_id}&region={region_id}&region_name={region_name},Смесители для ванны Hansgrohe Vernis Bland,Оригинальные смесители Hansgrohe. Бесплатная доставка. Покупайте!,,,,,,,
https://hansgrohe-russia.ru/kollektsii/vernis/shopby/hg_tip-smesiteli_dlya_vanny/hg_kollektsii-vernis_blend?v=3#catalog?utm_medium=cpc&utm_source=ya_direct&utm_campaign={campaign_name}|{campaign_id}&utm_term={keyword}&utm_content=k50id|01000000{phrase_id}_{retargeting_id}|cid|{campaign_id}|gid|{gbid}|aid|{ad_id}|adp|{addphrases}|pos|{position_type}{position}|src|{source_type}_{source}|dvc|{device_type}|dop_0&k50id=01000000{phrase_id}_{retargeting_id}&cm_id={campaign_id}_{gbid}_{banner_id}_{phrase_id}_{retargeting_id}_{source}_{source_type}_{campaign_type}_{addphrases}_{device_type}_{position_type}_{region_id}&region={region_id}&region_name={region_name},Смесители для ванны Hansgrohe Vernis Bland,Приобретайте смесители Hansgrohe с официальной гарантией. Доставка 0 руб!,,,,,,,
https://hansgrohe-russia.ru/kollektsii/vernis/shopby/hg_tip-smesiteli_dlya_vanny/hg_kollektsii-vernis_blend?v=4#catalog?utm_medium=cpc&utm_source=ya_direct&utm_campaign={campaign_name}|{campaign_id}&utm_term={keyword}&utm_content=k50id|01000000{phrase_id}_{retargeting_id}|cid|{campaign_id}|gid|{gbid}|aid|{ad_id}|adp|{addphrases}|pos|{position_type}{position}|src|{source_type}_{source}|dvc|{device_type}|dop_0&k50id=01000000{phrase_id}_{retargeting_id}&cm_id={campaign_id}_{gbid}_{banner_id}_{phrase_id}_{retargeting_id}_{source}_{source_type}_{campaign_type}_{addphrases}_{device_type}_{position_type}_{region_id}&region={region_id}&region_name={region_name},Смесители для ванны Hansgrohe Vernis Bland,Оригинальные смесители Hansgrohe. Скидка 5% на покупку. Переходите на сайт!,,,,,,,
https://hansgrohe-russia.ru/kollektsii/vernis/shopby/hg_tip-smesiteli_dlya_vanny?v=1#catalog?utm_medium=cpc&utm_source=ya_direct&utm_campaign={campaign_name}|{campaign_id}&utm_term={keyword}&utm_content=k50id|01000000{phrase_id}_{retargeting_id}|cid|{campaign_id}|gid|{gbid}|aid|{ad_id}|adp|{addphrases}|pos|{position_type}{position}|src|{source_type}_{source}|dvc|{device_type}|dop_0&k50id=01000000{phrase_id}_{retargeting_id}&cm_id={campaign_id}_{gbid}_{banner_id}_{phrase_id}_{retargeting_id}_{source}_{source_type}_{campaign_type}_{addphrases}_{device_type}_{position_type}_{region_id}&region={region_id}&region_name={region_name},Смесители для ванны Hansgrohe Vernis,Покупайте оригинальные смесители от бренда Hansgrohe с гарантией производителя!,,,,,,,
https://hansgrohe-russia.ru/kollektsii/vernis/shopby/hg_tip-smesiteli_dlya_vanny?v=2#catalog?utm_medium=cpc&utm_source=ya_direct&utm_campaign={campaign_name}|{campaign_id}&utm_term={keyword}&utm_content=k50id|01000000{phrase_id}_{retargeting_id}|cid|{campaign_id}|gid|{gbid}|aid|{ad_id}|adp|{addphrases}|pos|{position_type}{position}|src|{source_type}_{source}|dvc|{device_type}|dop_0&k50id=01000000{phrase_id}_{retargeting_id}&cm_id={campaign_id}_{gbid}_{banner_id}_{phrase_id}_{retargeting_id}_{source}_{source_type}_{campaign_type}_{addphrases}_{device_type}_{position_type}_{region_id}&region={region_id}&region_name={region_name},Смесители для ванны Hansgrohe Vernis,Оригинальные смесители Hansgrohe. Бесплатная доставка. Покупайте!,,,,,,,
https://hansgrohe-russia.ru/kollektsii/vernis/shopby/hg_tip-smesiteli_dlya_vanny?v=3#catalog?utm_medium=cpc&utm_source=ya_direct&utm_campaign={campaign_name}|{campaign_id}&utm_term={keyword}&utm_content=k50id|01000000{phrase_id}_{retargeting_id}|cid|{campaign_id}|gid|{gbid}|aid|{ad_id}|adp|{addphrases}|pos|{position_type}{position}|src|{source_type}_{source}|dvc|{device_type}|dop_0&k50id=01000000{phrase_id}_{retargeting_id}&cm_id={campaign_id}_{gbid}_{banner_id}_{phrase_id}_{retargeting_id}_{source}_{source_type}_{campaign_type}_{addphrases}_{device_type}_{position_type}_{region_id}&region={region_id}&region_name={region_name},Смесители для ванны Hansgrohe Vernis,Приобретайте смесители Hansgrohe с официальной гарантией. Доставка 0 руб!,,,,,,,
https://hansgrohe-russia.ru/kollektsii/vernis/shopby/hg_tip-smesiteli_dlya_vanny?v=4#catalog?utm_medium=cpc&utm_source=ya_direct&utm_campaign={campaign_name}|{campaign_id}&utm_term={keyword}&utm_content=k50id|01000000{phrase_id}_{retargeting_id}|cid|{campaign_id}|gid|{gbid}|aid|{ad_id}|adp|{addphrases}|pos|{position_type}{position}|src|{source_type}_{source}|dvc|{device_type}|dop_0&k50id=01000000{phrase_id}_{retargeting_id}&cm_id={campaign_id}_{gbid}_{banner_id}_{phrase_id}_{retargeting_id}_{source}_{source_type}_{campaign_type}_{addphrases}_{device_type}_{position_type}_{region_id}&region={region_id}&region_name={region_name},Смесители для ванны Hansgrohe Vernis,Оригинальные смесители Hansgrohe. Скидка 5% на покупку. Переходите на сайт!,,,,,,,
https://hansgrohe-russia.ru/kollektsii/vivenis/shopby/hg_tip-smesiteli_dlya_rakoviny?v=1#catalog?utm_medium=cpc&utm_source=ya_direct&utm_campaign={campaign_name}|{campaign_id}&utm_term={keyword}&utm_content=k50id|01000000{phrase_id}_{retargeting_id}|cid|{campaign_id}|gid|{gbid}|aid|{ad_id}|adp|{addphrases}|pos|{position_type}{position}|src|{source_type}_{source}|dvc|{device_type}|dop_0&k50id=01000000{phrase_id}_{retargeting_id}&cm_id={campaign_id}_{gbid}_{banner_id}_{phrase_id}_{retargeting_id}_{source}_{source_type}_{campaign_type}_{addphrases}_{device_type}_{position_type}_{region_id}&region={region_id}&region_name={region_name},Смесители для раковины Hansgrohe Vivenis,Покупайте оригинальные смесители от бренда Hansgrohe с гарантией производителя!,,,,,,,
https://hansgrohe-russia.ru/kollektsii/vivenis/shopby/hg_tip-smesiteli_dlya_rakoviny?v=2#catalog?utm_medium=cpc&utm_source=ya_direct&utm_campaign={campaign_name}|{campaign_id}&utm_term={keyword}&utm_content=k50id|01000000{phrase_id}_{retargeting_id}|cid|{campaign_id}|gid|{gbid}|aid|{ad_id}|adp|{addphrases}|pos|{position_type}{position}|src|{source_type}_{source}|dvc|{device_type}|dop_0&k50id=01000000{phrase_id}_{retargeting_id}&cm_id={campaign_id}_{gbid}_{banner_id}_{phrase_id}_{retargeting_id}_{source}_{source_type}_{campaign_type}_{addphrases}_{device_type}_{position_type}_{region_id}&region={region_id}&region_name={region_name},Смесители для раковины Hansgrohe Vivenis,Оригинальные смесители Hansgrohe. Бесплатная доставка. Покупайте!,,,,,,,
https://hansgrohe-russia.ru/kollektsii/vivenis/shopby/hg_tip-smesiteli_dlya_rakoviny?v=3#catalog?utm_medium=cpc&utm_source=ya_direct&utm_campaign={campaign_name}|{campaign_id}&utm_term={keyword}&utm_content=k50id|01000000{phrase_id}_{retargeting_id}|cid|{campaign_id}|gid|{gbid}|aid|{ad_id}|adp|{addphrases}|pos|{position_type}{position}|src|{source_type}_{source}|dvc|{device_type}|dop_0&k50id=01000000{phrase_id}_{retargeting_id}&cm_id={campaign_id}_{gbid}_{banner_id}_{phrase_id}_{retargeting_id}_{source}_{source_type}_{campaign_type}_{addphrases}_{device_type}_{position_type}_{region_id}&region={region_id}&region_name={region_name},Смесители для раковины Hansgrohe Vivenis,Приобретайте смесители Hansgrohe с официальной гарантией. Доставка 0 руб!,,,,,,,
https://hansgrohe-russia.ru/kollektsii/vivenis/shopby/hg_tip-smesiteli_dlya_rakoviny?v=4#catalog?utm_medium=cpc&utm_source=ya_direct&utm_campaign={campaign_name}|{campaign_id}&utm_term={keyword}&utm_content=k50id|01000000{phrase_id}_{retargeting_id}|cid|{campaign_id}|gid|{gbid}|aid|{ad_id}|adp|{addphrases}|pos|{position_type}{position}|src|{source_type}_{source}|dvc|{device_type}|dop_0&k50id=01000000{phrase_id}_{retargeting_id}&cm_id={campaign_id}_{gbid}_{banner_id}_{phrase_id}_{retargeting_id}_{source}_{source_type}_{campaign_type}_{addphrases}_{device_type}_{position_type}_{region_id}&region={region_id}&region_name={region_name},Смесители для раковины Hansgrohe Vivenis,Оригинальные смесители Hansgrohe. Скидка 5% на покупку. Переходите на сайт!,,,,,,,
https://hansgrohe-russia.ru/kollektsii/vivenis/shopby/hg_tip-smesiteli_dlya_vanny?v=1#catalog?utm_medium=cpc&utm_source=ya_direct&utm_campaign={campaign_name}|{campaign_id}&utm_term={keyword}&utm_content=k50id|01000000{phrase_id}_{retargeting_id}|cid|{campaign_id}|gid|{gbid}|aid|{ad_id}|adp|{addphrases}|pos|{position_type}{position}|src|{source_type}_{source}|dvc|{device_type}|dop_0&k50id=01000000{phrase_id}_{retargeting_id}&cm_id={campaign_id}_{gbid}_{banner_id}_{phrase_id}_{retargeting_id}_{source}_{source_type}_{campaign_type}_{addphrases}_{device_type}_{position_type}_{region_id}&region={region_id}&region_name={region_name},Смесители для ванны Hansgrohe Vivenis,Покупайте оригинальные смесители от бренда Hansgrohe с гарантией производителя!,,,,,,,
https://hansgrohe-russia.ru/kollektsii/vivenis/shopby/hg_tip-smesiteli_dlya_vanny?v=2#catalog?utm_medium=cpc&utm_source=ya_direct&utm_campaign={campaign_name}|{campaign_id}&utm_term={keyword}&utm_content=k50id|01000000{phrase_id}_{retargeting_id}|cid|{campaign_id}|gid|{gbid}|aid|{ad_id}|adp|{addphrases}|pos|{position_type}{position}|src|{source_type}_{source}|dvc|{device_type}|dop_0&k50id=01000000{phrase_id}_{retargeting_id}&cm_id={campaign_id}_{gbid}_{banner_id}_{phrase_id}_{retargeting_id}_{source}_{source_type}_{campaign_type}_{addphrases}_{device_type}_{position_type}_{region_id}&region={region_id}&region_name={region_name},Смесители для ванны Hansgrohe Vivenis,Оригинальные смесители Hansgrohe. Бесплатная доставка. Покупайте!,,,,,,,
https://hansgrohe-russia.ru/kollektsii/vivenis/shopby/hg_tip-smesiteli_dlya_vanny?v=3#catalog?utm_medium=cpc&utm_source=ya_direct&utm_campaign={campaign_name}|{campaign_id}&utm_term={keyword}&utm_content=k50id|01000000{phrase_id}_{retargeting_id}|cid|{campaign_id}|gid|{gbid}|aid|{ad_id}|adp|{addphrases}|pos|{position_type}{position}|src|{source_type}_{source}|dvc|{device_type}|dop_0&k50id=01000000{phrase_id}_{retargeting_id}&cm_id={campaign_id}_{gbid}_{banner_id}_{phrase_id}_{retargeting_id}_{source}_{source_type}_{campaign_type}_{addphrases}_{device_type}_{position_type}_{region_id}&region={region_id}&region_name={region_name},Смесители для ванны Hansgrohe Vivenis,Приобретайте смесители Hansgrohe с официальной гарантией. Доставка 0 руб!,,,,,,,
https://hansgrohe-russia.ru/kollektsii/vivenis/shopby/hg_tip-smesiteli_dlya_vanny?v=4#catalog?utm_medium=cpc&utm_source=ya_direct&utm_campaign={campaign_name}|{campaign_id}&utm_term={keyword}&utm_content=k50id|01000000{phrase_id}_{retargeting_id}|cid|{campaign_id}|gid|{gbid}|aid|{ad_id}|adp|{addphrases}|pos|{position_type}{position}|src|{source_type}_{source}|dvc|{device_type}|dop_0&k50id=01000000{phrase_id}_{retargeting_id}&cm_id={campaign_id}_{gbid}_{banner_id}_{phrase_id}_{retargeting_id}_{source}_{source_type}_{campaign_type}_{addphrases}_{device_type}_{position_type}_{region_id}&region={region_id}&region_name={region_name},Смесители для ванны Hansgrohe Vivenis,Оригинальные смесители Hansgrohe. Скидка 5% на покупку. Переходите на сайт!,,,,,,,
https://hansgrohe-russia.ru/kollektsii/zesis-m33?utm_medium=cpc&utm_source=ya_direct&utm_campaign={campaign_name}|{campaign_id}&utm_term={keyword}&utm_content=k50id|01000000{phrase_id}_{retargeting_id}|cid|{campaign_id}|gid|{gbid}|aid|{ad_id}|adp|{addphrases}|pos|{position_type}{position}|src|{source_type}_{source}|dvc|{device_type}|dop_0&k50id=01000000{phrase_id}_{retargeting_id}&cm_id={campaign_id}_{gbid}_{banner_id}_{phrase_id}_{retargeting_id}_{source}_{source_type}_{campaign_type}_{addphrases}_{device_type}_{position_type}_{region_id}&region={region_id}&region_name={region_name}&v=1,Смесители Hansgrohe Zesis M33. Доставка по всей России!,Покупайте оригинальные смесители от бренда Hansgrohe с гарантией производителя!,,,,,,,
https://hansgrohe-russia.ru/kollektsii/zesis-m33?utm_medium=cpc&utm_source=ya_direct&utm_campaign={campaign_name}|{campaign_id}&utm_term={keyword}&utm_content=k50id|01000000{phrase_id}_{retargeting_id}|cid|{campaign_id}|gid|{gbid}|aid|{ad_id}|adp|{addphrases}|pos|{position_type}{position}|src|{source_type}_{source}|dvc|{device_type}|dop_0&k50id=01000000{phrase_id}_{retargeting_id}&cm_id={campaign_id}_{gbid}_{banner_id}_{phrase_id}_{retargeting_id}_{source}_{source_type}_{campaign_type}_{addphrases}_{device_type}_{position_type}_{region_id}&region={region_id}&region_name={region_name}&v=2,Смесители Hansgrohe Zesis M33,Оригинальные смесители Hansgrohe. Бесплатная доставка. Покупайте!,,,,,,,
https://hansgrohe-russia.ru/kollektsii/zesis-m33?utm_medium=cpc&utm_source=ya_direct&utm_campaign={campaign_name}|{campaign_id}&utm_term={keyword}&utm_content=k50id|01000000{phrase_id}_{retargeting_id}|cid|{campaign_id}|gid|{gbid}|aid|{ad_id}|adp|{addphrases}|pos|{position_type}{position}|src|{source_type}_{source}|dvc|{device_type}|dop_0&k50id=01000000{phrase_id}_{retargeting_id}&cm_id={campaign_id}_{gbid}_{banner_id}_{phrase_id}_{retargeting_id}_{source}_{source_type}_{campaign_type}_{addphrases}_{device_type}_{position_type}_{region_id}&region={region_id}&region_name={region_name}&v=3,Смесители Hansgrohe Zesis M33. Оригинальная продукция,Приобретайте смесители Hansgrohe с официальной гарантией. Доставка 0 руб!,,,,,,,
https://hansgrohe-russia.ru/kollektsii/zesis-m33?utm_medium=cpc&utm_source=ya_direct&utm_campaign={campaign_name}|{campaign_id}&utm_term={keyword}&utm_content=k50id|01000000{phrase_id}_{retargeting_id}|cid|{campaign_id}|gid|{gbid}|aid|{ad_id}|adp|{addphrases}|pos|{position_type}{position}|src|{source_type}_{source}|dvc|{device_type}|dop_0&k50id=01000000{phrase_id}_{retargeting_id}&cm_id={campaign_id}_{gbid}_{banner_id}_{phrase_id}_{retargeting_id}_{source}_{source_type}_{campaign_type}_{addphrases}_{device_type}_{position_type}_{region_id}&region={region_id}&region_name={region_name}&v=4,Смесители Hansgrohe Zesis M33. Суперцены каждый день!,Оригинальные смесители Hansgrohe. Скидка 5% на покупку. Переходите на сайт!,,,,,,,
https://hansgrohe-russia.ru/smesiteli?utm_medium=cpc&utm_source=ya_direct&utm_campaign={campaign_name}|{campaign_id}&utm_term={keyword}&utm_content=k50id|01000000{phrase_id}_{retargeting_id}|cid|{campaign_id}|gid|{gbid}|aid|{ad_id}|adp|{addphrases}|pos|{position_type}{position}|src|{source_type}_{source}|dvc|{device_type}|dop_0&k50id=01000000{phrase_id}_{retargeting_id}&cm_id={campaign_id}_{gbid}_{banner_id}_{phrase_id}_{retargeting_id}_{source}_{source_type}_{campaign_type}_{addphrases}_{device_type}_{position_type}_{region_id}&region={region_id}&region_name={region_name}&v=5,Встраиваемые смесители для раковины Hansgrohe,Покупайте оригинальные смесители от бренда Hansgrohe с гарантией производителя!,,,,,,,
https://hansgrohe-russia.ru/smesiteli?utm_medium=cpc&utm_source=ya_direct&utm_campaign={campaign_name}|{campaign_id}&utm_term={keyword}&utm_content=k50id|01000000{phrase_id}_{retargeting_id}|cid|{campaign_id}|gid|{gbid}|aid|{ad_id}|adp|{addphrases}|pos|{position_type}{position}|src|{source_type}_{source}|dvc|{device_type}|dop_0&k50id=01000000{phrase_id}_{retargeting_id}&cm_id={campaign_id}_{gbid}_{banner_id}_{phrase_id}_{retargeting_id}_{source}_{source_type}_{campaign_type}_{addphrases}_{device_type}_{position_type}_{region_id}&region={region_id}&region_name={region_name}&v=6,Встраиваемые смесители для раковины Hansgrohe,Оригинальные смесители Hansgrohe. Бесплатная доставка. Покупайте!,,,,,,,
https://hansgrohe-russia.ru/smesiteli?utm_medium=cpc&utm_source=ya_direct&utm_campaign={campaign_name}|{campaign_id}&utm_term={keyword}&utm_content=k50id|01000000{phrase_id}_{retargeting_id}|cid|{campaign_id}|gid|{gbid}|aid|{ad_id}|adp|{addphrases}|pos|{position_type}{position}|src|{source_type}_{source}|dvc|{device_type}|dop_0&k50id=01000000{phrase_id}_{retargeting_id}&cm_id={campaign_id}_{gbid}_{banner_id}_{phrase_id}_{retargeting_id}_{source}_{source_type}_{campaign_type}_{addphrases}_{device_type}_{position_type}_{region_id}&region={region_id}&region_name={region_name}&v=7,Встраиваемые смесители для раковины Hansgrohe,Приобретайте смесители Hansgrohe с официальной гарантией. Доставка 0 руб!,,,,,,,
https://hansgrohe-russia.ru/smesiteli?utm_medium=cpc&utm_source=ya_direct&utm_campaign={campaign_name}|{campaign_id}&utm_term={keyword}&utm_content=k50id|01000000{phrase_id}_{retargeting_id}|cid|{campaign_id}|gid|{gbid}|aid|{ad_id}|adp|{addphrases}|pos|{position_type}{position}|src|{source_type}_{source}|dvc|{device_type}|dop_0&k50id=01000000{phrase_id}_{retargeting_id}&cm_id={campaign_id}_{gbid}_{banner_id}_{phrase_id}_{retargeting_id}_{source}_{source_type}_{campaign_type}_{addphrases}_{device_type}_{position_type}_{region_id}&region={region_id}&region_name={region_name}&v=8,Встраиваемые смесители для раковины Hansgrohe,Оригинальные смесители Hansgrohe. Скидка 5% на покупку. Переходите на сайт!,,,,,,,
https://hansgrohe-russia.ru/smesiteli?utm_medium=cpc&utm_source=ya_direct&utm_campaign={campaign_name}|{campaign_id}&utm_term={keyword}&utm_content=k50id|01000000{phrase_id}_{retargeting_id}|cid|{campaign_id}|gid|{gbid}|aid|{ad_id}|adp|{addphrases}|pos|{position_type}{position}|src|{source_type}_{source}|dvc|{device_type}|dop_0&k50id=01000000{phrase_id}_{retargeting_id}&cm_id={campaign_id}_{gbid}_{banner_id}_{phrase_id}_{retargeting_id}_{source}_{source_type}_{campaign_type}_{addphrases}_{device_type}_{position_type}_{region_id}&region={region_id}&region_name={region_name}&v=9,Высокие смесители Hansgrohe. Доставка по всей России!,Покупайте оригинальные смесители от бренда Hansgrohe с гарантией производителя!,,,,,,,
https://hansgrohe-russia.ru/smesiteli?utm_medium=cpc&utm_source=ya_direct&utm_campaign={campaign_name}|{campaign_id}&utm_term={keyword}&utm_content=k50id|01000000{phrase_id}_{retargeting_id}|cid|{campaign_id}|gid|{gbid}|aid|{ad_id}|adp|{addphrases}|pos|{position_type}{position}|src|{source_type}_{source}|dvc|{device_type}|dop_0&k50id=01000000{phrase_id}_{retargeting_id}&cm_id={campaign_id}_{gbid}_{banner_id}_{phrase_id}_{retargeting_id}_{source}_{source_type}_{campaign_type}_{addphrases}_{device_type}_{position_type}_{region_id}&region={region_id}&region_name={region_name}&v=10,Высокие смесители Hansgrohe,Оригинальные смесители Hansgrohe. Бесплатная доставка. Покупайте!,,,,,,,
https://hansgrohe-russia.ru/smesiteli?utm_medium=cpc&utm_source=ya_direct&utm_campaign={campaign_name}|{campaign_id}&utm_term={keyword}&utm_content=k50id|01000000{phrase_id}_{retargeting_id}|cid|{campaign_id}|gid|{gbid}|aid|{ad_id}|adp|{addphrases}|pos|{position_type}{position}|src|{source_type}_{source}|dvc|{device_type}|dop_0&k50id=01000000{phrase_id}_{retargeting_id}&cm_id={campaign_id}_{gbid}_{banner_id}_{phrase_id}_{retargeting_id}_{source}_{source_type}_{campaign_type}_{addphrases}_{device_type}_{position_type}_{region_id}&region={region_id}&region_name={region_name}&v=11,Высокие смесители Hansgrohe. Оригинальная продукция,Приобретайте смесители Hansgrohe с официальной гарантией. Доставка 0 руб!,,,,,,,
https://hansgrohe-russia.ru/smesiteli?utm_medium=cpc&utm_source=ya_direct&utm_campaign={campaign_name}|{campaign_id}&utm_term={keyword}&utm_content=k50id|01000000{phrase_id}_{retargeting_id}|cid|{campaign_id}|gid|{gbid}|aid|{ad_id}|adp|{addphrases}|pos|{position_type}{position}|src|{source_type}_{source}|dvc|{device_type}|dop_0&k50id=01000000{phrase_id}_{retargeting_id}&cm_id={campaign_id}_{gbid}_{banner_id}_{phrase_id}_{retargeting_id}_{source}_{source_type}_{campaign_type}_{addphrases}_{device_type}_{position_type}_{region_id}&region={region_id}&region_name={region_name}&v=12,Высокие смесители Hansgrohe. Суперцены каждый день!,Оригинальные смесители Hansgrohe. Скидка 5% на покупку. Переходите на сайт!,,,,,,,
https://hansgrohe-russia.ru/smesiteli?utm_medium=cpc&utm_source=ya_direct&utm_campaign={campaign_name}|{campaign_id}&utm_term={keyword}&utm_content=k50id|01000000{phrase_id}_{retargeting_id}|cid|{campaign_id}|gid|{gbid}|aid|{ad_id}|adp|{addphrases}|pos|{position_type}{position}|src|{source_type}_{source}|dvc|{device_type}|dop_0&k50id=01000000{phrase_id}_{retargeting_id}&cm_id={campaign_id}_{gbid}_{banner_id}_{phrase_id}_{retargeting_id}_{source}_{source_type}_{campaign_type}_{addphrases}_{device_type}_{position_type}_{region_id}&region={region_id}&region_name={region_name}&v=13,Души с изливом Hansgrohe. Доставка по всей России!,Покупайте оригинальные смесители от бренда Hansgrohe с гарантией производителя!,,,,,,,
https://hansgrohe-russia.ru/smesiteli?utm_medium=cpc&utm_source=ya_direct&utm_campaign={campaign_name}|{campaign_id}&utm_term={keyword}&utm_content=k50id|01000000{phrase_id}_{retargeting_id}|cid|{campaign_id}|gid|{gbid}|aid|{ad_id}|adp|{addphrases}|pos|{position_type}{position}|src|{source_type}_{source}|dvc|{device_type}|dop_0&k50id=01000000{phrase_id}_{retargeting_id}&cm_id={campaign_id}_{gbid}_{banner_id}_{phrase_id}_{retargeting_id}_{source}_{source_type}_{campaign_type}_{addphrases}_{device_type}_{position_type}_{region_id}&region={region_id}&region_name={region_name}&v=14,Души с изливом Hansgrohe. Получайте подарки за покупку!,Оригинальные смесители Hansgrohe. Бесплатная доставка. Покупайте!,,,,,,,
https://hansgrohe-russia.ru/smesiteli?utm_medium=cpc&utm_source=ya_direct&utm_campaign={campaign_name}|{campaign_id}&utm_term={keyword}&utm_content=k50id|01000000{phrase_id}_{retargeting_id}|cid|{campaign_id}|gid|{gbid}|aid|{ad_id}|adp|{addphrases}|pos|{position_type}{position}|src|{source_type}_{source}|dvc|{device_type}|dop_0&k50id=01000000{phrase_id}_{retargeting_id}&cm_id={campaign_id}_{gbid}_{banner_id}_{phrase_id}_{retargeting_id}_{source}_{source_type}_{campaign_type}_{addphrases}_{device_type}_{position_type}_{region_id}&region={region_id}&region_name={region_name}&v=15,Души с изливом Hansgrohe. Оригинальная продукция,Приобретайте смесители Hansgrohe с официальной гарантией. Доставка 0 руб!,,,,,,,
https://hansgrohe-russia.ru/smesiteli?utm_medium=cpc&utm_source=ya_direct&utm_campaign={campaign_name}|{campaign_id}&utm_term={keyword}&utm_content=k50id|01000000{phrase_id}_{retargeting_id}|cid|{campaign_id}|gid|{gbid}|aid|{ad_id}|adp|{addphrases}|pos|{position_type}{position}|src|{source_type}_{source}|dvc|{device_type}|dop_0&k50id=01000000{phrase_id}_{retargeting_id}&cm_id={campaign_id}_{gbid}_{banner_id}_{phrase_id}_{retargeting_id}_{source}_{source_type}_{campaign_type}_{addphrases}_{device_type}_{position_type}_{region_id}&region={region_id}&region_name={region_name}&v=16,Души с изливом Hansgrohe. Суперцены каждый день!,Оригинальные смесители Hansgrohe. Скидка 5% на покупку. Переходите на сайт!,,,,,,,
https://hansgrohe-russia.ru/smesiteli?utm_medium=cpc&utm_source=ya_direct&utm_campaign={campaign_name}|{campaign_id}&utm_term={keyword}&utm_content=k50id|01000000{phrase_id}_{retargeting_id}|cid|{campaign_id}|gid|{gbid}|aid|{ad_id}|adp|{addphrases}|pos|{position_type}{position}|src|{source_type}_{source}|dvc|{device_type}|dop_0&k50id=01000000{phrase_id}_{retargeting_id}&cm_id={campaign_id}_{gbid}_{banner_id}_{phrase_id}_{retargeting_id}_{source}_{source_type}_{campaign_type}_{addphrases}_{device_type}_{position_type}_{region_id}&region={region_id}&region_name={region_name}&v=17,Комплект смесителей Hansgrohe. Доставка по всей России!,Покупайте оригинальные смесители от бренда Hansgrohe с гарантией производителя!,,,,,,,
https://hansgrohe-russia.ru/smesiteli?utm_medium=cpc&utm_source=ya_direct&utm_campaign={campaign_name}|{campaign_id}&utm_term={keyword}&utm_content=k50id|01000000{phrase_id}_{retargeting_id}|cid|{campaign_id}|gid|{gbid}|aid|{ad_id}|adp|{addphrases}|pos|{position_type}{position}|src|{source_type}_{source}|dvc|{device_type}|dop_0&k50id=01000000{phrase_id}_{retargeting_id}&cm_id={campaign_id}_{gbid}_{banner_id}_{phrase_id}_{retargeting_id}_{source}_{source_type}_{campaign_type}_{addphrases}_{device_type}_{position_type}_{region_id}&region={region_id}&region_name={region_name}&v=18,Комплект смесителей Hansgrohe,Оригинальные смесители Hansgrohe. Бесплатная доставка. Покупайте!,,,,,,,
https://hansgrohe-russia.ru/smesiteli?utm_medium=cpc&utm_source=ya_direct&utm_campaign={campaign_name}|{campaign_id}&utm_term={keyword}&utm_content=k50id|01000000{phrase_id}_{retargeting_id}|cid|{campaign_id}|gid|{gbid}|aid|{ad_id}|adp|{addphrases}|pos|{position_type}{position}|src|{source_type}_{source}|dvc|{device_type}|dop_0&k50id=01000000{phrase_id}_{retargeting_id}&cm_id={campaign_id}_{gbid}_{banner_id}_{phrase_id}_{retargeting_id}_{source}_{source_type}_{campaign_type}_{addphrases}_{device_type}_{position_type}_{region_id}&region={region_id}&region_name={region_name}&v=19,Комплект смесителей Hansgrohe. Оригинальная продукция,Приобретайте смесители Hansgrohe с официальной гарантией. Доставка 0 руб!,,,,,,,
https://hansgrohe-russia.ru/smesiteli?utm_medium=cpc&utm_source=ya_direct&utm_campaign={campaign_name}|{campaign_id}&utm_term={keyword}&utm_content=k50id|01000000{phrase_id}_{retargeting_id}|cid|{campaign_id}|gid|{gbid}|aid|{ad_id}|adp|{addphrases}|pos|{position_type}{position}|src|{source_type}_{source}|dvc|{device_type}|dop_0&k50id=01000000{phrase_id}_{retargeting_id}&cm_id={campaign_id}_{gbid}_{banner_id}_{phrase_id}_{retargeting_id}_{source}_{source_type}_{campaign_type}_{addphrases}_{device_type}_{position_type}_{region_id}&region={region_id}&region_name={region_name}&v=20,Комплект смесителей Hansgrohe. Суперцены каждый день!,Оригинальные смесители Hansgrohe. Скидка 5% на покупку. Переходите на сайт!,,,,,,,
https://hansgrohe-russia.ru/smesiteli?utm_medium=cpc&utm_source=ya_direct&utm_campaign={campaign_name}|{campaign_id}&utm_term={keyword}&utm_content=k50id|01000000{phrase_id}_{retargeting_id}|cid|{campaign_id}|gid|{gbid}|aid|{ad_id}|adp|{addphrases}|pos|{position_type}{position}|src|{source_type}_{source}|dvc|{device_type}|dop_0&k50id=01000000{phrase_id}_{retargeting_id}&cm_id={campaign_id}_{gbid}_{banner_id}_{phrase_id}_{retargeting_id}_{source}_{source_type}_{campaign_type}_{addphrases}_{device_type}_{position_type}_{region_id}&region={region_id}&region_name={region_name}&v=21,Кран-смеситель Hansgrohe. Доставка по всей России!,Покупайте оригинальные смесители от бренда Hansgrohe с гарантией производителя!,,,,,,,
https://hansgrohe-russia.ru/smesiteli?utm_medium=cpc&utm_source=ya_direct&utm_campaign={campaign_name}|{campaign_id}&utm_term={keyword}&utm_content=k50id|01000000{phrase_id}_{retargeting_id}|cid|{campaign_id}|gid|{gbid}|aid|{ad_id}|adp|{addphrases}|pos|{position_type}{position}|src|{source_type}_{source}|dvc|{device_type}|dop_0&k50id=01000000{phrase_id}_{retargeting_id}&cm_id={campaign_id}_{gbid}_{banner_id}_{phrase_id}_{retargeting_id}_{source}_{source_type}_{campaign_type}_{addphrases}_{device_type}_{position_type}_{region_id}&region={region_id}&region_name={region_name}&v=22,Кран-смеситель Hansgrohe. Получайте подарки за покупку!,Оригинальные смесители Hansgrohe. Бесплатная доставка. Покупайте!,,,,,,,
https://hansgrohe-russia.ru/smesiteli?utm_medium=cpc&utm_source=ya_direct&utm_campaign={campaign_name}|{campaign_id}&utm_term={keyword}&utm_content=k50id|01000000{phrase_id}_{retargeting_id}|cid|{campaign_id}|gid|{gbid}|aid|{ad_id}|adp|{addphrases}|pos|{position_type}{position}|src|{source_type}_{source}|dvc|{device_type}|dop_0&k50id=01000000{phrase_id}_{retargeting_id}&cm_id={campaign_id}_{gbid}_{banner_id}_{phrase_id}_{retargeting_id}_{source}_{source_type}_{campaign_type}_{addphrases}_{device_type}_{position_type}_{region_id}&region={region_id}&region_name={region_name}&v=23,Кран-смеситель Hansgrohe. Оригинальная продукция,Приобретайте смесители Hansgrohe с официальной гарантией. Доставка 0 руб!,,,,,,,
https://hansgrohe-russia.ru/smesiteli?utm_medium=cpc&utm_source=ya_direct&utm_campaign={campaign_name}|{campaign_id}&utm_term={keyword}&utm_content=k50id|01000000{phrase_id}_{retargeting_id}|cid|{campaign_id}|gid|{gbid}|aid|{ad_id}|adp|{addphrases}|pos|{position_type}{position}|src|{source_type}_{source}|dvc|{device_type}|dop_0&k50id=01000000{phrase_id}_{retargeting_id}&cm_id={campaign_id}_{gbid}_{banner_id}_{phrase_id}_{retargeting_id}_{source}_{source_type}_{campaign_type}_{addphrases}_{device_type}_{position_type}_{region_id}&region={region_id}&region_name={region_name}&v=24,Кран-смеситель Hansgrohe. Суперцены каждый день!,Оригинальные смесители Hansgrohe. Скидка 5% на покупку. Переходите на сайт!,,,,,,,
https://hansgrohe-russia.ru/smesiteli?utm_medium=cpc&utm_source=ya_direct&utm_campaign={campaign_name}|{campaign_id}&utm_term={keyword}&utm_content=k50id|01000000{phrase_id}_{retargeting_id}|cid|{campaign_id}|gid|{gbid}|aid|{ad_id}|adp|{addphrases}|pos|{position_type}{position}|src|{source_type}_{source}|dvc|{device_type}|dop_0&k50id=01000000{phrase_id}_{retargeting_id}&cm_id={campaign_id}_{gbid}_{banner_id}_{phrase_id}_{retargeting_id}_{source}_{source_type}_{campaign_type}_{addphrases}_{device_type}_{position_type}_{region_id}&region={region_id}&region_name={region_name}&v=25,Краны Hansgrohe. Доставка по всей России!,Покупайте оригинальные смесители от бренда Hansgrohe с гарантией производителя!,,,,,,,
https://hansgrohe-russia.ru/smesiteli?utm_medium=cpc&utm_source=ya_direct&utm_campaign={campaign_name}|{campaign_id}&utm_term={keyword}&utm_content=k50id|01000000{phrase_id}_{retargeting_id}|cid|{campaign_id}|gid|{gbid}|aid|{ad_id}|adp|{addphrases}|pos|{position_type}{position}|src|{source_type}_{source}|dvc|{device_type}|dop_0&k50id=01000000{phrase_id}_{retargeting_id}&cm_id={campaign_id}_{gbid}_{banner_id}_{phrase_id}_{retargeting_id}_{source}_{source_type}_{campaign_type}_{addphrases}_{device_type}_{position_type}_{region_id}&region={region_id}&region_name={region_name}&v=26,Краны Hansgrohe. Получайте подарки за покупку!,Оригинальные смесители Hansgrohe. Бесплатная доставка. Покупайте!,,,,,,,
https://hansgrohe-russia.ru/smesiteli?utm_medium=cpc&utm_source=ya_direct&utm_campaign={campaign_name}|{campaign_id}&utm_term={keyword}&utm_content=k50id|01000000{phrase_id}_{retargeting_id}|cid|{campaign_id}|gid|{gbid}|aid|{ad_id}|adp|{addphrases}|pos|{position_type}{position}|src|{source_type}_{source}|dvc|{device_type}|dop_0&k50id=01000000{phrase_id}_{retargeting_id}&cm_id={campaign_id}_{gbid}_{banner_id}_{phrase_id}_{retargeting_id}_{source}_{source_type}_{campaign_type}_{addphrases}_{device_type}_{position_type}_{region_id}&region={region_id}&region_name={region_name}&v=27,Краны Hansgrohe. Оригинальная продукция,Приобретайте смесители Hansgrohe с официальной гарантией. Доставка 0 руб!,,,,,,,
https://hansgrohe-russia.ru/smesiteli?utm_medium=cpc&utm_source=ya_direct&utm_campaign={campaign_name}|{campaign_id}&utm_term={keyword}&utm_content=k50id|01000000{phrase_id}_{retargeting_id}|cid|{campaign_id}|gid|{gbid}|aid|{ad_id}|adp|{addphrases}|pos|{position_type}{position}|src|{source_type}_{source}|dvc|{device_type}|dop_0&k50id=01000000{phrase_id}_{retargeting_id}&cm_id={campaign_id}_{gbid}_{banner_id}_{phrase_id}_{retargeting_id}_{source}_{source_type}_{campaign_type}_{addphrases}_{device_type}_{position_type}_{region_id}&region={region_id}&region_name={region_name}&v=28,Краны Hansgrohe. Суперцены каждый день!,Оригинальные смесители Hansgrohe. Скидка 5% на покупку. Переходите на сайт!,,,,,,,
https://hansgrohe-russia.ru/smesiteli?utm_medium=cpc&utm_source=ya_direct&utm_campaign={campaign_name}|{campaign_id}&utm_term={keyword}&utm_content=k50id|01000000{phrase_id}_{retargeting_id}|cid|{campaign_id}|gid|{gbid}|aid|{ad_id}|adp|{addphrases}|pos|{position_type}{position}|src|{source_type}_{source}|dvc|{device_type}|dop_0&k50id=01000000{phrase_id}_{retargeting_id}&cm_id={campaign_id}_{gbid}_{banner_id}_{phrase_id}_{retargeting_id}_{source}_{source_type}_{campaign_type}_{addphrases}_{device_type}_{position_type}_{region_id}&region={region_id}&region_name={region_name}&v=29,Набор смесителей Hansgrohe. Доставка по всей России!,Покупайте оригинальные смесители от бренда Hansgrohe с гарантией производителя!,,,,,,,
https://hansgrohe-russia.ru/smesiteli?utm_medium=cpc&utm_source=ya_direct&utm_campaign={campaign_name}|{campaign_id}&utm_term={keyword}&utm_content=k50id|01000000{phrase_id}_{retargeting_id}|cid|{campaign_id}|gid|{gbid}|aid|{ad_id}|adp|{addphrases}|pos|{position_type}{position}|src|{source_type}_{source}|dvc|{device_type}|dop_0&k50id=01000000{phrase_id}_{retargeting_id}&cm_id={campaign_id}_{gbid}_{banner_id}_{phrase_id}_{retargeting_id}_{source}_{source_type}_{campaign_type}_{addphrases}_{device_type}_{position_type}_{region_id}&region={region_id}&region_name={region_name}&v=30,Набор смесителей Hansgrohe,Оригинальные смесители Hansgrohe. Бесплатная доставка. Покупайте!,,,,,,,
https://hansgrohe-russia.ru/smesiteli?utm_medium=cpc&utm_source=ya_direct&utm_campaign={campaign_name}|{campaign_id}&utm_term={keyword}&utm_content=k50id|01000000{phrase_id}_{retargeting_id}|cid|{campaign_id}|gid|{gbid}|aid|{ad_id}|adp|{addphrases}|pos|{position_type}{position}|src|{source_type}_{source}|dvc|{device_type}|dop_0&k50id=01000000{phrase_id}_{retargeting_id}&cm_id={campaign_id}_{gbid}_{banner_id}_{phrase_id}_{retargeting_id}_{source}_{source_type}_{campaign_type}_{addphrases}_{device_type}_{position_type}_{region_id}&region={region_id}&region_name={region_name}&v=31,Набор смесителей Hansgrohe. Оригинальная продукция,Приобретайте смесители Hansgrohe с официальной гарантией. Доставка 0 руб!,,,,,,,
https://hansgrohe-russia.ru/smesiteli?utm_medium=cpc&utm_source=ya_direct&utm_campaign={campaign_name}|{campaign_id}&utm_term={keyword}&utm_content=k50id|01000000{phrase_id}_{retargeting_id}|cid|{campaign_id}|gid|{gbid}|aid|{ad_id}|adp|{addphrases}|pos|{position_type}{position}|src|{source_type}_{source}|dvc|{device_type}|dop_0&k50id=01000000{phrase_id}_{retargeting_id}&cm_id={campaign_id}_{gbid}_{banner_id}_{phrase_id}_{retargeting_id}_{source}_{source_type}_{campaign_type}_{addphrases}_{device_type}_{position_type}_{region_id}&region={region_id}&region_name={region_name}&v=32,Набор смесителей Hansgrohe. Суперцены каждый день!,Оригинальные смесители Hansgrohe. Скидка 5% на покупку. Переходите на сайт!,,,,,,,
https://hansgrohe-russia.ru/smesiteli?utm_medium=cpc&utm_source=ya_direct&utm_campaign={campaign_name}|{campaign_id}&utm_term={keyword}&utm_content=k50id|01000000{phrase_id}_{retargeting_id}|cid|{campaign_id}|gid|{gbid}|aid|{ad_id}|adp|{addphrases}|pos|{position_type}{position}|src|{source_type}_{source}|dvc|{device_type}|dop_0&k50id=01000000{phrase_id}_{retargeting_id}&cm_id={campaign_id}_{gbid}_{banner_id}_{phrase_id}_{retargeting_id}_{source}_{source_type}_{campaign_type}_{addphrases}_{device_type}_{position_type}_{region_id}&region={region_id}&region_name={region_name}&v=33,Смесители и термостаты для ванны Hansgrohe,Покупайте оригинальные смесители от бренда Hansgrohe с гарантией производителя!,,,,,,,
https://hansgrohe-russia.ru/smesiteli?utm_medium=cpc&utm_source=ya_direct&utm_campaign={campaign_name}|{campaign_id}&utm_term={keyword}&utm_content=k50id|01000000{phrase_id}_{retargeting_id}|cid|{campaign_id}|gid|{gbid}|aid|{ad_id}|adp|{addphrases}|pos|{position_type}{position}|src|{source_type}_{source}|dvc|{device_type}|dop_0&k50id=01000000{phrase_id}_{retargeting_id}&cm_id={campaign_id}_{gbid}_{banner_id}_{phrase_id}_{retargeting_id}_{source}_{source_type}_{campaign_type}_{addphrases}_{device_type}_{position_type}_{region_id}&region={region_id}&region_name={region_name}&v=34,Смесители и термостаты для ванны Hansgrohe,Оригинальные смесители Hansgrohe. Бесплатная доставка. Покупайте!,,,,,,,
https://hansgrohe-russia.ru/smesiteli?utm_medium=cpc&utm_source=ya_direct&utm_campaign={campaign_name}|{campaign_id}&utm_term={keyword}&utm_content=k50id|01000000{phrase_id}_{retargeting_id}|cid|{campaign_id}|gid|{gbid}|aid|{ad_id}|adp|{addphrases}|pos|{position_type}{position}|src|{source_type}_{source}|dvc|{device_type}|dop_0&k50id=01000000{phrase_id}_{retargeting_id}&cm_id={campaign_id}_{gbid}_{banner_id}_{phrase_id}_{retargeting_id}_{source}_{source_type}_{campaign_type}_{addphrases}_{device_type}_{position_type}_{region_id}&region={region_id}&region_name={region_name}&v=35,Смесители и термостаты для ванны Hansgrohe,Приобретайте смесители Hansgrohe с официальной гарантией. Доставка 0 руб!,,,,,,,
https://hansgrohe-russia.ru/smesiteli?utm_medium=cpc&utm_source=ya_direct&utm_campaign={campaign_name}|{campaign_id}&utm_term={keyword}&utm_content=k50id|01000000{phrase_id}_{retargeting_id}|cid|{campaign_id}|gid|{gbid}|aid|{ad_id}|adp|{addphrases}|pos|{position_type}{position}|src|{source_type}_{source}|dvc|{device_type}|dop_0&k50id=01000000{phrase_id}_{retargeting_id}&cm_id={campaign_id}_{gbid}_{banner_id}_{phrase_id}_{retargeting_id}_{source}_{source_type}_{campaign_type}_{addphrases}_{device_type}_{position_type}_{region_id}&region={region_id}&region_name={region_name}&v=36,Смесители и термостаты для ванны Hansgrohe,Оригинальные смесители Hansgrohe. Скидка 5% на покупку. Переходите на сайт!,,,,,,,
https://hansgrohe-russia.ru/smesiteli?utm_medium=cpc&utm_source=ya_direct&utm_campaign={campaign_name}|{campaign_id}&utm_term={keyword}&utm_content=k50id|01000000{phrase_id}_{retargeting_id}|cid|{campaign_id}|gid|{gbid}|aid|{ad_id}|adp|{addphrases}|pos|{position_type}{position}|src|{source_type}_{source}|dvc|{device_type}|dop_0&k50id=01000000{phrase_id}_{retargeting_id}&cm_id={campaign_id}_{gbid}_{banner_id}_{phrase_id}_{retargeting_id}_{source}_{source_type}_{campaign_type}_{addphrases}_{device_type}_{position_type}_{region_id}&region={region_id}&region_name={region_name}&v=37,Смесители с выдвижным изливом Hansgrohe,Покупайте оригинальные смесители от бренда Hansgrohe с гарантией производителя!,,,,,,,
https://hansgrohe-russia.ru/smesiteli?utm_medium=cpc&utm_source=ya_direct&utm_campaign={campaign_name}|{campaign_id}&utm_term={keyword}&utm_content=k50id|01000000{phrase_id}_{retargeting_id}|cid|{campaign_id}|gid|{gbid}|aid|{ad_id}|adp|{addphrases}|pos|{position_type}{position}|src|{source_type}_{source}|dvc|{device_type}|dop_0&k50id=01000000{phrase_id}_{retargeting_id}&cm_id={campaign_id}_{gbid}_{banner_id}_{phrase_id}_{retargeting_id}_{source}_{source_type}_{campaign_type}_{addphrases}_{device_type}_{position_type}_{region_id}&region={region_id}&region_name={region_name}&v=38,Смесители с выдвижным изливом Hansgrohe,Оригинальные смесители Hansgrohe. Бесплатная доставка. Покупайте!,,,,,,,
https://hansgrohe-russia.ru/smesiteli?utm_medium=cpc&utm_source=ya_direct&utm_campaign={campaign_name}|{campaign_id}&utm_term={keyword}&utm_content=k50id|01000000{phrase_id}_{retargeting_id}|cid|{campaign_id}|gid|{gbid}|aid|{ad_id}|adp|{addphrases}|pos|{position_type}{position}|src|{source_type}_{source}|dvc|{device_type}|dop_0&k50id=01000000{phrase_id}_{retargeting_id}&cm_id={campaign_id}_{gbid}_{banner_id}_{phrase_id}_{retargeting_id}_{source}_{source_type}_{campaign_type}_{addphrases}_{device_type}_{position_type}_{region_id}&region={region_id}&region_name={region_name}&v=39,Смесители с выдвижным изливом Hansgrohe,Приобретайте смесители Hansgrohe с официальной гарантией. Доставка 0 руб!,,,,,,,
https://hansgrohe-russia.ru/smesiteli?utm_medium=cpc&utm_source=ya_direct&utm_campaign={campaign_name}|{campaign_id}&utm_term={keyword}&utm_content=k50id|01000000{phrase_id}_{retargeting_id}|cid|{campaign_id}|gid|{gbid}|aid|{ad_id}|adp|{addphrases}|pos|{position_type}{position}|src|{source_type}_{source}|dvc|{device_type}|dop_0&k50id=01000000{phrase_id}_{retargeting_id}&cm_id={campaign_id}_{gbid}_{banner_id}_{phrase_id}_{retargeting_id}_{source}_{source_type}_{campaign_type}_{addphrases}_{device_type}_{position_type}_{region_id}&region={region_id}&region_name={region_name}&v=40,Смесители с выдвижным изливом Hansgrohe,Оригинальные смесители Hansgrohe. Скидка 5% на покупку. Переходите на сайт!,,,,,,,
https://hansgrohe-russia.ru/smesiteli?utm_medium=cpc&utm_source=ya_direct&utm_campaign={campaign_name}|{campaign_id}&utm_term={keyword}&utm_content=k50id|01000000{phrase_id}_{retargeting_id}|cid|{campaign_id}|gid|{gbid}|aid|{ad_id}|adp|{addphrases}|pos|{position_type}{position}|src|{source_type}_{source}|dvc|{device_type}|dop_0&k50id=01000000{phrase_id}_{retargeting_id}&cm_id={campaign_id}_{gbid}_{banner_id}_{phrase_id}_{retargeting_id}_{source}_{source_type}_{campaign_type}_{addphrases}_{device_type}_{position_type}_{region_id}&region={region_id}&region_name={region_name}&v=41,Смесители с высоким изливом Hansgrohe,Покупайте оригинальные смесители от бренда Hansgrohe с гарантией производителя!,,,,,,,
https://hansgrohe-russia.ru/smesiteli?utm_medium=cpc&utm_source=ya_direct&utm_campaign={campaign_name}|{campaign_id}&utm_term={keyword}&utm_content=k50id|01000000{phrase_id}_{retargeting_id}|cid|{campaign_id}|gid|{gbid}|aid|{ad_id}|adp|{addphrases}|pos|{position_type}{position}|src|{source_type}_{source}|dvc|{device_type}|dop_0&k50id=01000000{phrase_id}_{retargeting_id}&cm_id={campaign_id}_{gbid}_{banner_id}_{phrase_id}_{retargeting_id}_{source}_{source_type}_{campaign_type}_{addphrases}_{device_type}_{position_type}_{region_id}&region={region_id}&region_name={region_name}&v=42,Смесители с высоким изливом Hansgrohe,Оригинальные смесители Hansgrohe. Бесплатная доставка. Покупайте!,,,,,,,
https://hansgrohe-russia.ru/smesiteli?utm_medium=cpc&utm_source=ya_direct&utm_campaign={campaign_name}|{campaign_id}&utm_term={keyword}&utm_content=k50id|01000000{phrase_id}_{retargeting_id}|cid|{campaign_id}|gid|{gbid}|aid|{ad_id}|adp|{addphrases}|pos|{position_type}{position}|src|{source_type}_{source}|dvc|{device_type}|dop_0&k50id=01000000{phrase_id}_{retargeting_id}&cm_id={campaign_id}_{gbid}_{banner_id}_{phrase_id}_{retargeting_id}_{source}_{source_type}_{campaign_type}_{addphrases}_{device_type}_{position_type}_{region_id}&region={region_id}&region_name={region_name}&v=43,Смесители с высоким изливом Hansgrohe,Приобретайте смесители Hansgrohe с официальной гарантией. Доставка 0 руб!,,,,,,,
https://hansgrohe-russia.ru/smesiteli?utm_medium=cpc&utm_source=ya_direct&utm_campaign={campaign_name}|{campaign_id}&utm_term={keyword}&utm_content=k50id|01000000{phrase_id}_{retargeting_id}|cid|{campaign_id}|gid|{gbid}|aid|{ad_id}|adp|{addphrases}|pos|{position_type}{position}|src|{source_type}_{source}|dvc|{device_type}|dop_0&k50id=01000000{phrase_id}_{retargeting_id}&cm_id={campaign_id}_{gbid}_{banner_id}_{phrase_id}_{retargeting_id}_{source}_{source_type}_{campaign_type}_{addphrases}_{device_type}_{position_type}_{region_id}&region={region_id}&region_name={region_name}&v=44,Смесители с высоким изливом Hansgrohe,Оригинальные смесители Hansgrohe. Скидка 5% на покупку. Переходите на сайт!,,,,,,,
https://hansgrohe-russia.ru/smesiteli?utm_medium=cpc&utm_source=ya_direct&utm_campaign={campaign_name}|{campaign_id}&utm_term={keyword}&utm_content=k50id|01000000{phrase_id}_{retargeting_id}|cid|{campaign_id}|gid|{gbid}|aid|{ad_id}|adp|{addphrases}|pos|{position_type}{position}|src|{source_type}_{source}|dvc|{device_type}|dop_0&k50id=01000000{phrase_id}_{retargeting_id}&cm_id={campaign_id}_{gbid}_{banner_id}_{phrase_id}_{retargeting_id}_{source}_{source_type}_{campaign_type}_{addphrases}_{device_type}_{position_type}_{region_id}&region={region_id}&region_name={region_name}&v=45,Смесители с длинным изливом Hansgrohe,Покупайте оригинальные смесители от бренда Hansgrohe с гарантией производителя!,,,,,,,
https://hansgrohe-russia.ru/smesiteli?utm_medium=cpc&utm_source=ya_direct&utm_campaign={campaign_name}|{campaign_id}&utm_term={keyword}&utm_content=k50id|01000000{phrase_id}_{retargeting_id}|cid|{campaign_id}|gid|{gbid}|aid|{ad_id}|adp|{addphrases}|pos|{position_type}{position}|src|{source_type}_{source}|dvc|{device_type}|dop_0&k50id=01000000{phrase_id}_{retargeting_id}&cm_id={campaign_id}_{gbid}_{banner_id}_{phrase_id}_{retargeting_id}_{source}_{source_type}_{campaign_type}_{addphrases}_{device_type}_{position_type}_{region_id}&region={region_id}&region_name={region_name}&v=46,Смесители с длинным изливом Hansgrohe,Оригинальные смесители Hansgrohe. Бесплатная доставка. Покупайте!,,,,,,,
https://hansgrohe-russia.ru/smesiteli?utm_medium=cpc&utm_source=ya_direct&utm_campaign={campaign_name}|{campaign_id}&utm_term={keyword}&utm_content=k50id|01000000{phrase_id}_{retargeting_id}|cid|{campaign_id}|gid|{gbid}|aid|{ad_id}|adp|{addphrases}|pos|{position_type}{position}|src|{source_type}_{source}|dvc|{device_type}|dop_0&k50id=01000000{phrase_id}_{retargeting_id}&cm_id={campaign_id}_{gbid}_{banner_id}_{phrase_id}_{retargeting_id}_{source}_{source_type}_{campaign_type}_{addphrases}_{device_type}_{position_type}_{region_id}&region={region_id}&region_name={region_name}&v=47,Смесители с длинным изливом Hansgrohe,Приобретайте смесители Hansgrohe с официальной гарантией. Доставка 0 руб!,,,,,,,
https://hansgrohe-russia.ru/smesiteli?utm_medium=cpc&utm_source=ya_direct&utm_campaign={campaign_name}|{campaign_id}&utm_term={keyword}&utm_content=k50id|01000000{phrase_id}_{retargeting_id}|cid|{campaign_id}|gid|{gbid}|aid|{ad_id}|adp|{addphrases}|pos|{position_type}{position}|src|{source_type}_{source}|dvc|{device_type}|dop_0&k50id=01000000{phrase_id}_{retargeting_id}&cm_id={campaign_id}_{gbid}_{banner_id}_{phrase_id}_{retargeting_id}_{source}_{source_type}_{campaign_type}_{addphrases}_{device_type}_{position_type}_{region_id}&region={region_id}&region_name={region_name}&v=48,Смесители с длинным изливом Hansgrohe,Оригинальные смесители Hansgrohe. Скидка 5% на покупку. Переходите на сайт!,,,,,,,
https://hansgrohe-russia.ru/smesiteli?utm_medium=cpc&utm_source=ya_direct&utm_campaign={campaign_name}|{campaign_id}&utm_term={keyword}&utm_content=k50id|01000000{phrase_id}_{retargeting_id}|cid|{campaign_id}|gid|{gbid}|aid|{ad_id}|adp|{addphrases}|pos|{position_type}{position}|src|{source_type}_{source}|dvc|{device_type}|dop_0&k50id=01000000{phrase_id}_{retargeting_id}&cm_id={campaign_id}_{gbid}_{banner_id}_{phrase_id}_{retargeting_id}_{source}_{source_type}_{campaign_type}_{addphrases}_{device_type}_{position_type}_{region_id}&region={region_id}&region_name={region_name}&v=49,Смесители Hansgrohe. Доставка по всей России!,Покупайте оригинальные смесители от бренда Hansgrohe с гарантией производителя!,,,,,,,
https://hansgrohe-russia.ru/smesiteli?utm_medium=cpc&utm_source=ya_direct&utm_campaign={campaign_name}|{campaign_id}&utm_term={keyword}&utm_content=k50id|01000000{phrase_id}_{retargeting_id}|cid|{campaign_id}|gid|{gbid}|aid|{ad_id}|adp|{addphrases}|pos|{position_type}{position}|src|{source_type}_{source}|dvc|{device_type}|dop_0&k50id=01000000{phrase_id}_{retargeting_id}&cm_id={campaign_id}_{gbid}_{banner_id}_{phrase_id}_{retargeting_id}_{source}_{source_type}_{campaign_type}_{addphrases}_{device_type}_{position_type}_{region_id}&region={region_id}&region_name={region_name}&v=50,Смесители Hansgrohe. Получайте подарки за покупку!,Оригинальные смесители Hansgrohe. Бесплатная доставка. Покупайте!,,,,,,,
https://hansgrohe-russia.ru/smesiteli?utm_medium=cpc&utm_source=ya_direct&utm_campaign={campaign_name}|{campaign_id}&utm_term={keyword}&utm_content=k50id|01000000{phrase_id}_{retargeting_id}|cid|{campaign_id}|gid|{gbid}|aid|{ad_id}|adp|{addphrases}|pos|{position_type}{position}|src|{source_type}_{source}|dvc|{device_type}|dop_0&k50id=01000000{phrase_id}_{retargeting_id}&cm_id={campaign_id}_{gbid}_{banner_id}_{phrase_id}_{retargeting_id}_{source}_{source_type}_{campaign_type}_{addphrases}_{device_type}_{position_type}_{region_id}&region={region_id}&region_name={region_name}&v=51,Смесители Hansgrohe. Оригинальная продукция,Приобретайте смесители Hansgrohe с официальной гарантией. Доставка 0 руб!,,,,,,,
https://hansgrohe-russia.ru/smesiteli?utm_medium=cpc&utm_source=ya_direct&utm_campaign={campaign_name}|{campaign_id}&utm_term={keyword}&utm_content=k50id|01000000{phrase_id}_{retargeting_id}|cid|{campaign_id}|gid|{gbid}|aid|{ad_id}|adp|{addphrases}|pos|{position_type}{position}|src|{source_type}_{source}|dvc|{device_type}|dop_0&k50id=01000000{phrase_id}_{retargeting_id}&cm_id={campaign_id}_{gbid}_{banner_id}_{phrase_id}_{retargeting_id}_{source}_{source_type}_{campaign_type}_{addphrases}_{device_type}_{position_type}_{region_id}&region={region_id}&region_name={region_name}&v=52,Смесители Hansgrohe. Суперцены каждый день!,Оригинальные смесители Hansgrohe. Скидка 5% на покупку. Переходите на сайт!,,,,,,,
https://hansgrohe-russia.ru/smesiteli?utm_medium=cpc&utm_source=ya_direct&utm_campaign={campaign_name}|{campaign_id}&utm_term={keyword}&utm_content=k50id|01000000{phrase_id}_{retargeting_id}|cid|{campaign_id}|gid|{gbid}|aid|{ad_id}|adp|{addphrases}|pos|{position_type}{position}|src|{source_type}_{source}|dvc|{device_type}|dop_0&k50id=01000000{phrase_id}_{retargeting_id}&cm_id={campaign_id}_{gbid}_{banner_id}_{phrase_id}_{retargeting_id}_{source}_{source_type}_{campaign_type}_{addphrases}_{device_type}_{position_type}_{region_id}&region={region_id}&region_name={region_name}&v=53,Смесители Hansgrohe 100. Доставка по всей России!,Покупайте оригинальные смесители от бренда Hansgrohe с гарантией производителя!,,,,,,,
https://hansgrohe-russia.ru/smesiteli?utm_medium=cpc&utm_source=ya_direct&utm_campaign={campaign_name}|{campaign_id}&utm_term={keyword}&utm_content=k50id|01000000{phrase_id}_{retargeting_id}|cid|{campaign_id}|gid|{gbid}|aid|{ad_id}|adp|{addphrases}|pos|{position_type}{position}|src|{source_type}_{source}|dvc|{device_type}|dop_0&k50id=01000000{phrase_id}_{retargeting_id}&cm_id={campaign_id}_{gbid}_{banner_id}_{phrase_id}_{retargeting_id}_{source}_{source_type}_{campaign_type}_{addphrases}_{device_type}_{position_type}_{region_id}&region={region_id}&region_name={region_name}&v=54,Смесители Hansgrohe 100. Получайте подарки за покупку!,Оригинальные смесители Hansgrohe. Бесплатная доставка. Покупайте!,,,,,,,
https://hansgrohe-russia.ru/smesiteli?utm_medium=cpc&utm_source=ya_direct&utm_campaign={campaign_name}|{campaign_id}&utm_term={keyword}&utm_content=k50id|01000000{phrase_id}_{retargeting_id}|cid|{campaign_id}|gid|{gbid}|aid|{ad_id}|adp|{addphrases}|pos|{position_type}{position}|src|{source_type}_{source}|dvc|{device_type}|dop_0&k50id=01000000{phrase_id}_{retargeting_id}&cm_id={campaign_id}_{gbid}_{banner_id}_{phrase_id}_{retargeting_id}_{source}_{source_type}_{campaign_type}_{addphrases}_{device_type}_{position_type}_{region_id}&region={region_id}&region_name={region_name}&v=55,Смесители Hansgrohe 100. Оригинальная продукция,Приобретайте смесители Hansgrohe с официальной гарантией. Доставка 0 руб!,,,,,,,
https://hansgrohe-russia.ru/smesiteli?utm_medium=cpc&utm_source=ya_direct&utm_campaign={campaign_name}|{campaign_id}&utm_term={keyword}&utm_content=k50id|01000000{phrase_id}_{retargeting_id}|cid|{campaign_id}|gid|{gbid}|aid|{ad_id}|adp|{addphrases}|pos|{position_type}{position}|src|{source_type}_{source}|dvc|{device_type}|dop_0&k50id=01000000{phrase_id}_{retargeting_id}&cm_id={campaign_id}_{gbid}_{banner_id}_{phrase_id}_{retargeting_id}_{source}_{source_type}_{campaign_type}_{addphrases}_{device_type}_{position_type}_{region_id}&region={region_id}&region_name={region_name}&v=56,Смесители Hansgrohe 100. Суперцены каждый день!,Оригинальные смесители Hansgrohe. Скидка 5% на покупку. Переходите на сайт!,,,,,,,
https://hansgrohe-russia.ru/smesiteli/beskontaktnye-smesiteli?utm_medium=cpc&utm_source=ya_direct&utm_campaign={campaign_name}|{campaign_id}&utm_term={keyword}&utm_content=k50id|01000000{phrase_id}_{retargeting_id}|cid|{campaign_id}|gid|{gbid}|aid|{ad_id}|adp|{addphrases}|pos|{position_type}{position}|src|{source_type}_{source}|dvc|{device_type}|dop_0&k50id=01000000{phrase_id}_{retargeting_id}&cm_id={campaign_id}_{gbid}_{banner_id}_{phrase_id}_{retargeting_id}_{source}_{source_type}_{campaign_type}_{addphrases}_{device_type}_{position_type}_{region_id}&region={region_id}&region_name={region_name}&v=1,Сенсорные смесители Hansgrohe. Доставка по всей России!,Покупайте оригинальные смесители от бренда Hansgrohe с гарантией производителя!,,,,,,,
https://hansgrohe-russia.ru/smesiteli/beskontaktnye-smesiteli?utm_medium=cpc&utm_source=ya_direct&utm_campaign={campaign_name}|{campaign_id}&utm_term={keyword}&utm_content=k50id|01000000{phrase_id}_{retargeting_id}|cid|{campaign_id}|gid|{gbid}|aid|{ad_id}|adp|{addphrases}|pos|{position_type}{position}|src|{source_type}_{source}|dvc|{device_type}|dop_0&k50id=01000000{phrase_id}_{retargeting_id}&cm_id={campaign_id}_{gbid}_{banner_id}_{phrase_id}_{retargeting_id}_{source}_{source_type}_{campaign_type}_{addphrases}_{device_type}_{position_type}_{region_id}&region={region_id}&region_name={region_name}&v=2,Сенсорные смесители Hansgrohe,Оригинальные смесители Hansgrohe. Бесплатная доставка. Покупайте!,,,,,,,
https://hansgrohe-russia.ru/smesiteli/beskontaktnye-smesiteli?utm_medium=cpc&utm_source=ya_direct&utm_campaign={campaign_name}|{campaign_id}&utm_term={keyword}&utm_content=k50id|01000000{phrase_id}_{retargeting_id}|cid|{campaign_id}|gid|{gbid}|aid|{ad_id}|adp|{addphrases}|pos|{position_type}{position}|src|{source_type}_{source}|dvc|{device_type}|dop_0&k50id=01000000{phrase_id}_{retargeting_id}&cm_id={campaign_id}_{gbid}_{banner_id}_{phrase_id}_{retargeting_id}_{source}_{source_type}_{campaign_type}_{addphrases}_{device_type}_{position_type}_{region_id}&region={region_id}&region_name={region_name}&v=3,Сенсорные смесители Hansgrohe. Оригинальная продукция,Приобретайте смесители Hansgrohe с официальной гарантией. Доставка 0 руб!,,,,,,,
https://hansgrohe-russia.ru/smesiteli/beskontaktnye-smesiteli?utm_medium=cpc&utm_source=ya_direct&utm_campaign={campaign_name}|{campaign_id}&utm_term={keyword}&utm_content=k50id|01000000{phrase_id}_{retargeting_id}|cid|{campaign_id}|gid|{gbid}|aid|{ad_id}|adp|{addphrases}|pos|{position_type}{position}|src|{source_type}_{source}|dvc|{device_type}|dop_0&k50id=01000000{phrase_id}_{retargeting_id}&cm_id={campaign_id}_{gbid}_{banner_id}_{phrase_id}_{retargeting_id}_{source}_{source_type}_{campaign_type}_{addphrases}_{device_type}_{position_type}_{region_id}&region={region_id}&region_name={region_name}&v=4,Сенсорные смесители Hansgrohe. Суперцены каждый день!,Оригинальные смесители Hansgrohe. Скидка 5% на покупку. Переходите на сайт!,,,,,,,
https://hansgrohe-russia.ru/smesiteli/napolnye-smesiteli?utm_medium=cpc&utm_source=ya_direct&utm_campaign={campaign_name}|{campaign_id}&utm_term={keyword}&utm_content=k50id|01000000{phrase_id}_{retargeting_id}|cid|{campaign_id}|gid|{gbid}|aid|{ad_id}|adp|{addphrases}|pos|{position_type}{position}|src|{source_type}_{source}|dvc|{device_type}|dop_0&k50id=01000000{phrase_id}_{retargeting_id}&cm_id={campaign_id}_{gbid}_{banner_id}_{phrase_id}_{retargeting_id}_{source}_{source_type}_{campaign_type}_{addphrases}_{device_type}_{position_type}_{region_id}&region={region_id}&region_name={region_name}&v=1,Напольные смесители для ванны Hansgrohe,Покупайте оригинальные смесители от бренда Hansgrohe с гарантией производителя!,,,,,,,
https://hansgrohe-russia.ru/smesiteli/napolnye-smesiteli?utm_medium=cpc&utm_source=ya_direct&utm_campaign={campaign_name}|{campaign_id}&utm_term={keyword}&utm_content=k50id|01000000{phrase_id}_{retargeting_id}|cid|{campaign_id}|gid|{gbid}|aid|{ad_id}|adp|{addphrases}|pos|{position_type}{position}|src|{source_type}_{source}|dvc|{device_type}|dop_0&k50id=01000000{phrase_id}_{retargeting_id}&cm_id={campaign_id}_{gbid}_{banner_id}_{phrase_id}_{retargeting_id}_{source}_{source_type}_{campaign_type}_{addphrases}_{device_type}_{position_type}_{region_id}&region={region_id}&region_name={region_name}&v=2,Напольные смесители для ванны Hansgrohe,Оригинальные смесители Hansgrohe. Бесплатная доставка. Покупайте!,,,,,,,
https://hansgrohe-russia.ru/smesiteli/napolnye-smesiteli?utm_medium=cpc&utm_source=ya_direct&utm_campaign={campaign_name}|{campaign_id}&utm_term={keyword}&utm_content=k50id|01000000{phrase_id}_{retargeting_id}|cid|{campaign_id}|gid|{gbid}|aid|{ad_id}|adp|{addphrases}|pos|{position_type}{position}|src|{source_type}_{source}|dvc|{device_type}|dop_0&k50id=01000000{phrase_id}_{retargeting_id}&cm_id={campaign_id}_{gbid}_{banner_id}_{phrase_id}_{retargeting_id}_{source}_{source_type}_{campaign_type}_{addphrases}_{device_type}_{position_type}_{region_id}&region={region_id}&region_name={region_name}&v=3,Напольные смесители для ванны Hansgrohe,Приобретайте смесители Hansgrohe с официальной гарантией. Доставка 0 руб!,,,,,,,
https://hansgrohe-russia.ru/smesiteli/napolnye-smesiteli?utm_medium=cpc&utm_source=ya_direct&utm_campaign={campaign_name}|{campaign_id}&utm_term={keyword}&utm_content=k50id|01000000{phrase_id}_{retargeting_id}|cid|{campaign_id}|gid|{gbid}|aid|{ad_id}|adp|{addphrases}|pos|{position_type}{position}|src|{source_type}_{source}|dvc|{device_type}|dop_0&k50id=01000000{phrase_id}_{retargeting_id}&cm_id={campaign_id}_{gbid}_{banner_id}_{phrase_id}_{retargeting_id}_{source}_{source_type}_{campaign_type}_{addphrases}_{device_type}_{position_type}_{region_id}&region={region_id}&region_name={region_name}&v=4,Напольные смесители для ванны Hansgrohe,Оригинальные смесители Hansgrohe. Скидка 5% на покупку. Переходите на сайт!,,,,,,,
https://hansgrohe-russia.ru/smesiteli/napolnye-smesiteli?utm_medium=cpc&utm_source=ya_direct&utm_campaign={campaign_name}|{campaign_id}&utm_term={keyword}&utm_content=k50id|01000000{phrase_id}_{retargeting_id}|cid|{campaign_id}|gid|{gbid}|aid|{ad_id}|adp|{addphrases}|pos|{position_type}{position}|src|{source_type}_{source}|dvc|{device_type}|dop_0&k50id=01000000{phrase_id}_{retargeting_id}&cm_id={campaign_id}_{gbid}_{banner_id}_{phrase_id}_{retargeting_id}_{source}_{source_type}_{campaign_type}_{addphrases}_{device_type}_{position_type}_{region_id}&region={region_id}&region_name={region_name}&v=5,Напольные смесители Hansgrohe. Доставка по всей России!,Покупайте оригинальные смесители от бренда Hansgrohe с гарантией производителя!,,,,,,,
https://hansgrohe-russia.ru/smesiteli/napolnye-smesiteli?utm_medium=cpc&utm_source=ya_direct&utm_campaign={campaign_name}|{campaign_id}&utm_term={keyword}&utm_content=k50id|01000000{phrase_id}_{retargeting_id}|cid|{campaign_id}|gid|{gbid}|aid|{ad_id}|adp|{addphrases}|pos|{position_type}{position}|src|{source_type}_{source}|dvc|{device_type}|dop_0&k50id=01000000{phrase_id}_{retargeting_id}&cm_id={campaign_id}_{gbid}_{banner_id}_{phrase_id}_{retargeting_id}_{source}_{source_type}_{campaign_type}_{addphrases}_{device_type}_{position_type}_{region_id}&region={region_id}&region_name={region_name}&v=6,Напольные смесители Hansgrohe,Оригинальные смесители Hansgrohe. Бесплатная доставка. Покупайте!,,,,,,,
https://hansgrohe-russia.ru/smesiteli/napolnye-smesiteli?utm_medium=cpc&utm_source=ya_direct&utm_campaign={campaign_name}|{campaign_id}&utm_term={keyword}&utm_content=k50id|01000000{phrase_id}_{retargeting_id}|cid|{campaign_id}|gid|{gbid}|aid|{ad_id}|adp|{addphrases}|pos|{position_type}{position}|src|{source_type}_{source}|dvc|{device_type}|dop_0&k50id=01000000{phrase_id}_{retargeting_id}&cm_id={campaign_id}_{gbid}_{banner_id}_{phrase_id}_{retargeting_id}_{source}_{source_type}_{campaign_type}_{addphrases}_{device_type}_{position_type}_{region_id}&region={region_id}&region_name={region_name}&v=7,Напольные смесители Hansgrohe. Оригинальная продукция,Приобретайте смесители Hansgrohe с официальной гарантией. Доставка 0 руб!,,,,,,,
https://hansgrohe-russia.ru/smesiteli/napolnye-smesiteli?utm_medium=cpc&utm_source=ya_direct&utm_campaign={campaign_name}|{campaign_id}&utm_term={keyword}&utm_content=k50id|01000000{phrase_id}_{retargeting_id}|cid|{campaign_id}|gid|{gbid}|aid|{ad_id}|adp|{addphrases}|pos|{position_type}{position}|src|{source_type}_{source}|dvc|{device_type}|dop_0&k50id=01000000{phrase_id}_{retargeting_id}&cm_id={campaign_id}_{gbid}_{banner_id}_{phrase_id}_{retargeting_id}_{source}_{source_type}_{campaign_type}_{addphrases}_{device_type}_{position_type}_{region_id}&region={region_id}&region_name={region_name}&v=8,Напольные смесители Hansgrohe. Суперцены каждый день!,Оригинальные смесители Hansgrohe. Скидка 5% на покупку. Переходите на сайт!,,,,,,,
https://hansgrohe-russia.ru/smesiteli/shopby/hg_poverkhnost-hrom_pod_zoloto-polirovannoe_zoloto?v=1#catalog?utm_medium=cpc&utm_source=ya_direct&utm_campaign={campaign_name}|{campaign_id}&utm_term={keyword}&utm_content=k50id|01000000{phrase_id}_{retargeting_id}|cid|{campaign_id}|gid|{gbid}|aid|{ad_id}|adp|{addphrases}|pos|{position_type}{position}|src|{source_type}_{source}|dvc|{device_type}|dop_0&k50id=01000000{phrase_id}_{retargeting_id}&cm_id={campaign_id}_{gbid}_{banner_id}_{phrase_id}_{retargeting_id}_{source}_{source_type}_{campaign_type}_{addphrases}_{device_type}_{position_type}_{region_id}&region={region_id}&region_name={region_name},Смесители Hansgrohe золотого цвета,Покупайте оригинальные смесители от бренда Hansgrohe с гарантией производителя!,,,,,,,
https://hansgrohe-russia.ru/smesiteli/shopby/hg_poverkhnost-hrom_pod_zoloto-polirovannoe_zoloto?v=2#catalog?utm_medium=cpc&utm_source=ya_direct&utm_campaign={campaign_name}|{campaign_id}&utm_term={keyword}&utm_content=k50id|01000000{phrase_id}_{retargeting_id}|cid|{campaign_id}|gid|{gbid}|aid|{ad_id}|adp|{addphrases}|pos|{position_type}{position}|src|{source_type}_{source}|dvc|{device_type}|dop_0&k50id=01000000{phrase_id}_{retargeting_id}&cm_id={campaign_id}_{gbid}_{banner_id}_{phrase_id}_{retargeting_id}_{source}_{source_type}_{campaign_type}_{addphrases}_{device_type}_{position_type}_{region_id}&region={region_id}&region_name={region_name},Смесители Hansgrohe золотого цвета,Оригинальные смесители Hansgrohe. Бесплатная доставка. Покупайте!,,,,,,,
https://hansgrohe-russia.ru/smesiteli/shopby/hg_poverkhnost-hrom_pod_zoloto-polirovannoe_zoloto?v=3#catalog?utm_medium=cpc&utm_source=ya_direct&utm_campaign={campaign_name}|{campaign_id}&utm_term={keyword}&utm_content=k50id|01000000{phrase_id}_{retargeting_id}|cid|{campaign_id}|gid|{gbid}|aid|{ad_id}|adp|{addphrases}|pos|{position_type}{position}|src|{source_type}_{source}|dvc|{device_type}|dop_0&k50id=01000000{phrase_id}_{retargeting_id}&cm_id={campaign_id}_{gbid}_{banner_id}_{phrase_id}_{retargeting_id}_{source}_{source_type}_{campaign_type}_{addphrases}_{device_type}_{position_type}_{region_id}&region={region_id}&region_name={region_name},Смесители Hansgrohe золотого цвета,Приобретайте смесители Hansgrohe с официальной гарантией. Доставка 0 руб!,,,,,,,
https://hansgrohe-russia.ru/smesiteli/shopby/hg_poverkhnost-hrom_pod_zoloto-polirovannoe_zoloto?v=4#catalog?utm_medium=cpc&utm_source=ya_direct&utm_campaign={campaign_name}|{campaign_id}&utm_term={keyword}&utm_content=k50id|01000000{phrase_id}_{retargeting_id}|cid|{campaign_id}|gid|{gbid}|aid|{ad_id}|adp|{addphrases}|pos|{position_type}{position}|src|{source_type}_{source}|dvc|{device_type}|dop_0&k50id=01000000{phrase_id}_{retargeting_id}&cm_id={campaign_id}_{gbid}_{banner_id}_{phrase_id}_{retargeting_id}_{source}_{source_type}_{campaign_type}_{addphrases}_{device_type}_{position_type}_{region_id}&region={region_id}&region_name={region_name},Смесители Hansgrohe золотого цвета,Оригинальные смесители Hansgrohe. Скидка 5% на покупку. Переходите на сайт!,,,,,,,
https://hansgrohe-russia.ru/smesiteli/shopby/hg_poverkhnost-hrom-belyy_hrom-hrom_pod_zoloto-shlifovannyy_chernyy_hrom?v=1#catalog?utm_medium=cpc&utm_source=ya_direct&utm_campaign={campaign_name}|{campaign_id}&utm_term={keyword}&utm_content=k50id|01000000{phrase_id}_{retargeting_id}|cid|{campaign_id}|gid|{gbid}|aid|{ad_id}|adp|{addphrases}|pos|{position_type}{position}|src|{source_type}_{source}|dvc|{device_type}|dop_0&k50id=01000000{phrase_id}_{retargeting_id}&cm_id={campaign_id}_{gbid}_{banner_id}_{phrase_id}_{retargeting_id}_{source}_{source_type}_{campaign_type}_{addphrases}_{device_type}_{position_type}_{region_id}&region={region_id}&region_name={region_name},Смесители Hansgrohe хромированные,Покупайте оригинальные смесители от бренда Hansgrohe с гарантией производителя!,,,,,,,
https://hansgrohe-russia.ru/smesiteli/shopby/hg_poverkhnost-hrom-belyy_hrom-hrom_pod_zoloto-shlifovannyy_chernyy_hrom?v=2#catalog?utm_medium=cpc&utm_source=ya_direct&utm_campaign={campaign_name}|{campaign_id}&utm_term={keyword}&utm_content=k50id|01000000{phrase_id}_{retargeting_id}|cid|{campaign_id}|gid|{gbid}|aid|{ad_id}|adp|{addphrases}|pos|{position_type}{position}|src|{source_type}_{source}|dvc|{device_type}|dop_0&k50id=01000000{phrase_id}_{retargeting_id}&cm_id={campaign_id}_{gbid}_{banner_id}_{phrase_id}_{retargeting_id}_{source}_{source_type}_{campaign_type}_{addphrases}_{device_type}_{position_type}_{region_id}&region={region_id}&region_name={region_name},Смесители Hansgrohe хромированные,Оригинальные смесители Hansgrohe. Бесплатная доставка. Покупайте!,,,,,,,
https://hansgrohe-russia.ru/smesiteli/shopby/hg_poverkhnost-hrom-belyy_hrom-hrom_pod_zoloto-shlifovannyy_chernyy_hrom?v=3#catalog?utm_medium=cpc&utm_source=ya_direct&utm_campaign={campaign_name}|{campaign_id}&utm_term={keyword}&utm_content=k50id|01000000{phrase_id}_{retargeting_id}|cid|{campaign_id}|gid|{gbid}|aid|{ad_id}|adp|{addphrases}|pos|{position_type}{position}|src|{source_type}_{source}|dvc|{device_type}|dop_0&k50id=01000000{phrase_id}_{retargeting_id}&cm_id={campaign_id}_{gbid}_{banner_id}_{phrase_id}_{retargeting_id}_{source}_{source_type}_{campaign_type}_{addphrases}_{device_type}_{position_type}_{region_id}&region={region_id}&region_name={region_name},Смесители Hansgrohe хромированные,Приобретайте смесители Hansgrohe с официальной гарантией. Доставка 0 руб!,,,,,,,
https://hansgrohe-russia.ru/smesiteli/shopby/hg_poverkhnost-hrom-belyy_hrom-hrom_pod_zoloto-shlifovannyy_chernyy_hrom?v=4#catalog?utm_medium=cpc&utm_source=ya_direct&utm_campaign={campaign_name}|{campaign_id}&utm_term={keyword}&utm_content=k50id|01000000{phrase_id}_{retargeting_id}|cid|{campaign_id}|gid|{gbid}|aid|{ad_id}|adp|{addphrases}|pos|{position_type}{position}|src|{source_type}_{source}|dvc|{device_type}|dop_0&k50id=01000000{phrase_id}_{retargeting_id}&cm_id={campaign_id}_{gbid}_{banner_id}_{phrase_id}_{retargeting_id}_{source}_{source_type}_{campaign_type}_{addphrases}_{device_type}_{position_type}_{region_id}&region={region_id}&region_name={region_name},Смесители Hansgrohe хромированные,Оригинальные смесители Hansgrohe. Скидка 5% на покупку. Переходите на сайт!,,,,,,,
https://hansgrohe-russia.ru/smesiteli/shopby/hg_poverkhnost-matovyy_belyy-belyy_hrom?v=1#catalog?utm_medium=cpc&utm_source=ya_direct&utm_campaign={campaign_name}|{campaign_id}&utm_term={keyword}&utm_content=k50id|01000000{phrase_id}_{retargeting_id}|cid|{campaign_id}|gid|{gbid}|aid|{ad_id}|adp|{addphrases}|pos|{position_type}{position}|src|{source_type}_{source}|dvc|{device_type}|dop_0&k50id=01000000{phrase_id}_{retargeting_id}&cm_id={campaign_id}_{gbid}_{banner_id}_{phrase_id}_{retargeting_id}_{source}_{source_type}_{campaign_type}_{addphrases}_{device_type}_{position_type}_{region_id}&region={region_id}&region_name={region_name},Смесители Hansgrohe белого цвета,Покупайте оригинальные смесители от бренда Hansgrohe с гарантией производителя!,,,,,,,
https://hansgrohe-russia.ru/smesiteli/shopby/hg_poverkhnost-matovyy_belyy-belyy_hrom?v=2#catalog?utm_medium=cpc&utm_source=ya_direct&utm_campaign={campaign_name}|{campaign_id}&utm_term={keyword}&utm_content=k50id|01000000{phrase_id}_{retargeting_id}|cid|{campaign_id}|gid|{gbid}|aid|{ad_id}|adp|{addphrases}|pos|{position_type}{position}|src|{source_type}_{source}|dvc|{device_type}|dop_0&k50id=01000000{phrase_id}_{retargeting_id}&cm_id={campaign_id}_{gbid}_{banner_id}_{phrase_id}_{retargeting_id}_{source}_{source_type}_{campaign_type}_{addphrases}_{device_type}_{position_type}_{region_id}&region={region_id}&region_name={region_name},Смесители Hansgrohe белого цвета,Оригинальные смесители Hansgrohe. Бесплатная доставка. Покупайте!,,,,,,,
https://hansgrohe-russia.ru/smesiteli/shopby/hg_poverkhnost-matovyy_belyy-belyy_hrom?v=3#catalog?utm_medium=cpc&utm_source=ya_direct&utm_campaign={campaign_name}|{campaign_id}&utm_term={keyword}&utm_content=k50id|01000000{phrase_id}_{retargeting_id}|cid|{campaign_id}|gid|{gbid}|aid|{ad_id}|adp|{addphrases}|pos|{position_type}{position}|src|{source_type}_{source}|dvc|{device_type}|dop_0&k50id=01000000{phrase_id}_{retargeting_id}&cm_id={campaign_id}_{gbid}_{banner_id}_{phrase_id}_{retargeting_id}_{source}_{source_type}_{campaign_type}_{addphrases}_{device_type}_{position_type}_{region_id}&region={region_id}&region_name={region_name},Смесители Hansgrohe белого цвета. Оригинальная продукция,Приобретайте смесители Hansgrohe с официальной гарантией. Доставка 0 руб!,,,,,,,
https://hansgrohe-russia.ru/smesiteli/shopby/hg_poverkhnost-matovyy_belyy-belyy_hrom?v=4#catalog?utm_medium=cpc&utm_source=ya_direct&utm_campaign={campaign_name}|{campaign_id}&utm_term={keyword}&utm_content=k50id|01000000{phrase_id}_{retargeting_id}|cid|{campaign_id}|gid|{gbid}|aid|{ad_id}|adp|{addphrases}|pos|{position_type}{position}|src|{source_type}_{source}|dvc|{device_type}|dop_0&k50id=01000000{phrase_id}_{retargeting_id}&cm_id={campaign_id}_{gbid}_{banner_id}_{phrase_id}_{retargeting_id}_{source}_{source_type}_{campaign_type}_{addphrases}_{device_type}_{position_type}_{region_id}&region={region_id}&region_name={region_name},Смесители Hansgrohe белого цвета. Суперцены каждый день!,Оригинальные смесители Hansgrohe. Скидка 5% на покупку. Переходите на сайт!,,,,,,,
https://hansgrohe-russia.ru/smesiteli/shopby/hg_poverkhnost-matovyy_chernyy-chernyy_matovyy-shlifovannyy_chernyy_hrom?v=1#catalog?utm_medium=cpc&utm_source=ya_direct&utm_campaign={campaign_name}|{campaign_id}&utm_term={keyword}&utm_content=k50id|01000000{phrase_id}_{retargeting_id}|cid|{campaign_id}|gid|{gbid}|aid|{ad_id}|adp|{addphrases}|pos|{position_type}{position}|src|{source_type}_{source}|dvc|{device_type}|dop_0&k50id=01000000{phrase_id}_{retargeting_id}&cm_id={campaign_id}_{gbid}_{banner_id}_{phrase_id}_{retargeting_id}_{source}_{source_type}_{campaign_type}_{addphrases}_{device_type}_{position_type}_{region_id}&region={region_id}&region_name={region_name},Смесители Hansgrohe черного цвета,Покупайте оригинальные смесители от бренда Hansgrohe с гарантией производителя!,,,,,,,
https://hansgrohe-russia.ru/smesiteli/shopby/hg_poverkhnost-matovyy_chernyy-chernyy_matovyy-shlifovannyy_chernyy_hrom?v=2#catalog?utm_medium=cpc&utm_source=ya_direct&utm_campaign={campaign_name}|{campaign_id}&utm_term={keyword}&utm_content=k50id|01000000{phrase_id}_{retargeting_id}|cid|{campaign_id}|gid|{gbid}|aid|{ad_id}|adp|{addphrases}|pos|{position_type}{position}|src|{source_type}_{source}|dvc|{device_type}|dop_0&k50id=01000000{phrase_id}_{retargeting_id}&cm_id={campaign_id}_{gbid}_{banner_id}_{phrase_id}_{retargeting_id}_{source}_{source_type}_{campaign_type}_{addphrases}_{device_type}_{position_type}_{region_id}&region={region_id}&region_name={region_name},Смесители Hansgrohe черного цвета,Оригинальные смесители Hansgrohe. Бесплатная доставка. Покупайте!,,,,,,,
https://hansgrohe-russia.ru/smesiteli/shopby/hg_poverkhnost-matovyy_chernyy-chernyy_matovyy-shlifovannyy_chernyy_hrom?v=3#catalog?utm_medium=cpc&utm_source=ya_direct&utm_campaign={campaign_name}|{campaign_id}&utm_term={keyword}&utm_content=k50id|01000000{phrase_id}_{retargeting_id}|cid|{campaign_id}|gid|{gbid}|aid|{ad_id}|adp|{addphrases}|pos|{position_type}{position}|src|{source_type}_{source}|dvc|{device_type}|dop_0&k50id=01000000{phrase_id}_{retargeting_id}&cm_id={campaign_id}_{gbid}_{banner_id}_{phrase_id}_{retargeting_id}_{source}_{source_type}_{campaign_type}_{addphrases}_{device_type}_{position_type}_{region_id}&region={region_id}&region_name={region_name},Смесители Hansgrohe черного цвета,Приобретайте смесители Hansgrohe с официальной гарантией. Доставка 0 руб!,,,,,,,
https://hansgrohe-russia.ru/smesiteli/shopby/hg_poverkhnost-matovyy_chernyy-chernyy_matovyy-shlifovannyy_chernyy_hrom?v=4#catalog?utm_medium=cpc&utm_source=ya_direct&utm_campaign={campaign_name}|{campaign_id}&utm_term={keyword}&utm_content=k50id|01000000{phrase_id}_{retargeting_id}|cid|{campaign_id}|gid|{gbid}|aid|{ad_id}|adp|{addphrases}|pos|{position_type}{position}|src|{source_type}_{source}|dvc|{device_type}|dop_0&k50id=01000000{phrase_id}_{retargeting_id}&cm_id={campaign_id}_{gbid}_{banner_id}_{phrase_id}_{retargeting_id}_{source}_{source_type}_{campaign_type}_{addphrases}_{device_type}_{position_type}_{region_id}&region={region_id}&region_name={region_name},Смесители Hansgrohe черного цвета,Оригинальные смесители Hansgrohe. Скидка 5% на покупку. Переходите на сайт!,,,,,,,
https://hansgrohe-russia.ru/smesiteli/shopby/hg_poverkhnost-matovyy_chernyy?v=1#catalog?utm_medium=cpc&utm_source=ya_direct&utm_campaign={campaign_name}|{campaign_id}&utm_term={keyword}&utm_content=k50id|01000000{phrase_id}_{retargeting_id}|cid|{campaign_id}|gid|{gbid}|aid|{ad_id}|adp|{addphrases}|pos|{position_type}{position}|src|{source_type}_{source}|dvc|{device_type}|dop_0&k50id=01000000{phrase_id}_{retargeting_id}&cm_id={campaign_id}_{gbid}_{banner_id}_{phrase_id}_{retargeting_id}_{source}_{source_type}_{campaign_type}_{addphrases}_{device_type}_{position_type}_{region_id}&region={region_id}&region_name={region_name},Смесители Hansgrohe цвета черный мат,Покупайте оригинальные смесители от бренда Hansgrohe с гарантией производителя!,,,,,,,
https://hansgrohe-russia.ru/smesiteli/shopby/hg_poverkhnost-matovyy_chernyy?v=2#catalog?utm_medium=cpc&utm_source=ya_direct&utm_campaign={campaign_name}|{campaign_id}&utm_term={keyword}&utm_content=k50id|01000000{phrase_id}_{retargeting_id}|cid|{campaign_id}|gid|{gbid}|aid|{ad_id}|adp|{addphrases}|pos|{position_type}{position}|src|{source_type}_{source}|dvc|{device_type}|dop_0&k50id=01000000{phrase_id}_{retargeting_id}&cm_id={campaign_id}_{gbid}_{banner_id}_{phrase_id}_{retargeting_id}_{source}_{source_type}_{campaign_type}_{addphrases}_{device_type}_{position_type}_{region_id}&region={region_id}&region_name={region_name},Смесители Hansgrohe цвета черный мат,Оригинальные смесители Hansgrohe. Бесплатная доставка. Покупайте!,,,,,,,
https://hansgrohe-russia.ru/smesiteli/shopby/hg_poverkhnost-matovyy_chernyy?v=3#catalog?utm_medium=cpc&utm_source=ya_direct&utm_campaign={campaign_name}|{campaign_id}&utm_term={keyword}&utm_content=k50id|01000000{phrase_id}_{retargeting_id}|cid|{campaign_id}|gid|{gbid}|aid|{ad_id}|adp|{addphrases}|pos|{position_type}{position}|src|{source_type}_{source}|dvc|{device_type}|dop_0&k50id=01000000{phrase_id}_{retargeting_id}&cm_id={campaign_id}_{gbid}_{banner_id}_{phrase_id}_{retargeting_id}_{source}_{source_type}_{campaign_type}_{addphrases}_{device_type}_{position_type}_{region_id}&region={region_id}&region_name={region_name},Смесители Hansgrohe цвета черный мат,Приобретайте смесители Hansgrohe с официальной гарантией. Доставка 0 руб!,,,,,,,
https://hansgrohe-russia.ru/smesiteli/shopby/hg_poverkhnost-matovyy_chernyy?v=4#catalog?utm_medium=cpc&utm_source=ya_direct&utm_campaign={campaign_name}|{campaign_id}&utm_term={keyword}&utm_content=k50id|01000000{phrase_id}_{retargeting_id}|cid|{campaign_id}|gid|{gbid}|aid|{ad_id}|adp|{addphrases}|pos|{position_type}{position}|src|{source_type}_{source}|dvc|{device_type}|dop_0&k50id=01000000{phrase_id}_{retargeting_id}&cm_id={campaign_id}_{gbid}_{banner_id}_{phrase_id}_{retargeting_id}_{source}_{source_type}_{campaign_type}_{addphrases}_{device_type}_{position_type}_{region_id}&region={region_id}&region_name={region_name},Смесители Hansgrohe цвета черный мат,Оригинальные смесители Hansgrohe. Скидка 5% на покупку. Переходите на сайт!,,,,,,,
https://hansgrohe-russia.ru/smesiteli/shopby/hg_poverkhnost-shlifovannaya_bronza?v=1#catalog?utm_medium=cpc&utm_source=ya_direct&utm_campaign={campaign_name}|{campaign_id}&utm_term={keyword}&utm_content=k50id|01000000{phrase_id}_{retargeting_id}|cid|{campaign_id}|gid|{gbid}|aid|{ad_id}|adp|{addphrases}|pos|{position_type}{position}|src|{source_type}_{source}|dvc|{device_type}|dop_0&k50id=01000000{phrase_id}_{retargeting_id}&cm_id={campaign_id}_{gbid}_{banner_id}_{phrase_id}_{retargeting_id}_{source}_{source_type}_{campaign_type}_{addphrases}_{device_type}_{position_type}_{region_id}&region={region_id}&region_name={region_name},Смесители Hansgrohe бронзового цвета,Покупайте оригинальные смесители от бренда Hansgrohe с гарантией производителя!,,,,,,,
https://hansgrohe-russia.ru/smesiteli/shopby/hg_poverkhnost-shlifovannaya_bronza?v=2#catalog?utm_medium=cpc&utm_source=ya_direct&utm_campaign={campaign_name}|{campaign_id}&utm_term={keyword}&utm_content=k50id|01000000{phrase_id}_{retargeting_id}|cid|{campaign_id}|gid|{gbid}|aid|{ad_id}|adp|{addphrases}|pos|{position_type}{position}|src|{source_type}_{source}|dvc|{device_type}|dop_0&k50id=01000000{phrase_id}_{retargeting_id}&cm_id={campaign_id}_{gbid}_{banner_id}_{phrase_id}_{retargeting_id}_{source}_{source_type}_{campaign_type}_{addphrases}_{device_type}_{position_type}_{region_id}&region={region_id}&region_name={region_name},Смесители Hansgrohe бронзового цвета,Оригинальные смесители Hansgrohe. Бесплатная доставка. Покупайте!,,,,,,,
https://hansgrohe-russia.ru/smesiteli/shopby/hg_poverkhnost-shlifovannaya_bronza?v=3#catalog?utm_medium=cpc&utm_source=ya_direct&utm_campaign={campaign_name}|{campaign_id}&utm_term={keyword}&utm_content=k50id|01000000{phrase_id}_{retargeting_id}|cid|{campaign_id}|gid|{gbid}|aid|{ad_id}|adp|{addphrases}|pos|{position_type}{position}|src|{source_type}_{source}|dvc|{device_type}|dop_0&k50id=01000000{phrase_id}_{retargeting_id}&cm_id={campaign_id}_{gbid}_{banner_id}_{phrase_id}_{retargeting_id}_{source}_{source_type}_{campaign_type}_{addphrases}_{device_type}_{position_type}_{region_id}&region={region_id}&region_name={region_name},Смесители Hansgrohe бронзового цвета,Приобретайте смесители Hansgrohe с официальной гарантией. Доставка 0 руб!,,,,,,,
https://hansgrohe-russia.ru/smesiteli/shopby/hg_poverkhnost-shlifovannaya_bronza?v=4#catalog?utm_medium=cpc&utm_source=ya_direct&utm_campaign={campaign_name}|{campaign_id}&utm_term={keyword}&utm_content=k50id|01000000{phrase_id}_{retargeting_id}|cid|{campaign_id}|gid|{gbid}|aid|{ad_id}|adp|{addphrases}|pos|{position_type}{position}|src|{source_type}_{source}|dvc|{device_type}|dop_0&k50id=01000000{phrase_id}_{retargeting_id}&cm_id={campaign_id}_{gbid}_{banner_id}_{phrase_id}_{retargeting_id}_{source}_{source_type}_{campaign_type}_{addphrases}_{device_type}_{position_type}_{region_id}&region={region_id}&region_name={region_name},Смесители Hansgrohe бронзового цвета,Оригинальные смесители Hansgrohe. Скидка 5% на покупку. Переходите на сайт!,,,,,,,
https://hansgrohe-russia.ru/smesiteli/shopby/hg_upravleniye-rychazhnoe/hg_poverkhnost-hrom-shlifovannyy_chernyy_hrom?v=1#catalog?utm_medium=cpc&utm_source=ya_direct&utm_campaign={campaign_name}|{campaign_id}&utm_term={keyword}&utm_content=k50id|01000000{phrase_id}_{retargeting_id}|cid|{campaign_id}|gid|{gbid}|aid|{ad_id}|adp|{addphrases}|pos|{position_type}{position}|src|{source_type}_{source}|dvc|{device_type}|dop_0&k50id=01000000{phrase_id}_{retargeting_id}&cm_id={campaign_id}_{gbid}_{banner_id}_{phrase_id}_{retargeting_id}_{source}_{source_type}_{campaign_type}_{addphrases}_{device_type}_{position_type}_{region_id}&region={region_id}&region_name={region_name},Однорычажные смесители Hansgrohe хромированные,Покупайте оригинальные смесители от бренда Hansgrohe с гарантией производителя!,,,,,,,
https://hansgrohe-russia.ru/smesiteli/shopby/hg_upravleniye-rychazhnoe/hg_poverkhnost-hrom-shlifovannyy_chernyy_hrom?v=2#catalog?utm_medium=cpc&utm_source=ya_direct&utm_campaign={campaign_name}|{campaign_id}&utm_term={keyword}&utm_content=k50id|01000000{phrase_id}_{retargeting_id}|cid|{campaign_id}|gid|{gbid}|aid|{ad_id}|adp|{addphrases}|pos|{position_type}{position}|src|{source_type}_{source}|dvc|{device_type}|dop_0&k50id=01000000{phrase_id}_{retargeting_id}&cm_id={campaign_id}_{gbid}_{banner_id}_{phrase_id}_{retargeting_id}_{source}_{source_type}_{campaign_type}_{addphrases}_{device_type}_{position_type}_{region_id}&region={region_id}&region_name={region_name},Однорычажные смесители Hansgrohe хромированные,Оригинальные смесители Hansgrohe. Бесплатная доставка. Покупайте!,,,,,,,
https://hansgrohe-russia.ru/smesiteli/shopby/hg_upravleniye-rychazhnoe/hg_poverkhnost-hrom-shlifovannyy_chernyy_hrom?v=3#catalog?utm_medium=cpc&utm_source=ya_direct&utm_campaign={campaign_name}|{campaign_id}&utm_term={keyword}&utm_content=k50id|01000000{phrase_id}_{retargeting_id}|cid|{campaign_id}|gid|{gbid}|aid|{ad_id}|adp|{addphrases}|pos|{position_type}{position}|src|{source_type}_{source}|dvc|{device_type}|dop_0&k50id=01000000{phrase_id}_{retargeting_id}&cm_id={campaign_id}_{gbid}_{banner_id}_{phrase_id}_{retargeting_id}_{source}_{source_type}_{campaign_type}_{addphrases}_{device_type}_{position_type}_{region_id}&region={region_id}&region_name={region_name},Однорычажные смесители Hansgrohe хромированные,Приобретайте смесители Hansgrohe с официальной гарантией. Доставка 0 руб!,,,,,,,
https://hansgrohe-russia.ru/smesiteli/shopby/hg_upravleniye-rychazhnoe/hg_poverkhnost-hrom-shlifovannyy_chernyy_hrom?v=4#catalog?utm_medium=cpc&utm_source=ya_direct&utm_campaign={campaign_name}|{campaign_id}&utm_term={keyword}&utm_content=k50id|01000000{phrase_id}_{retargeting_id}|cid|{campaign_id}|gid|{gbid}|aid|{ad_id}|adp|{addphrases}|pos|{position_type}{position}|src|{source_type}_{source}|dvc|{device_type}|dop_0&k50id=01000000{phrase_id}_{retargeting_id}&cm_id={campaign_id}_{gbid}_{banner_id}_{phrase_id}_{retargeting_id}_{source}_{source_type}_{campaign_type}_{addphrases}_{device_type}_{position_type}_{region_id}&region={region_id}&region_name={region_name},Однорычажные смесители Hansgrohe хромированные,Оригинальные смесители Hansgrohe. Скидка 5% на покупку. Переходите на сайт!,,,,,,,
https://hansgrohe-russia.ru/smesiteli/shopby/hg_upravleniye-rychazhnoe?v=1#catalog?utm_medium=cpc&utm_source=ya_direct&utm_campaign={campaign_name}|{campaign_id}&utm_term={keyword}&utm_content=k50id|01000000{phrase_id}_{retargeting_id}|cid|{campaign_id}|gid|{gbid}|aid|{ad_id}|adp|{addphrases}|pos|{position_type}{position}|src|{source_type}_{source}|dvc|{device_type}|dop_0&k50id=01000000{phrase_id}_{retargeting_id}&cm_id={campaign_id}_{gbid}_{banner_id}_{phrase_id}_{retargeting_id}_{source}_{source_type}_{campaign_type}_{addphrases}_{device_type}_{position_type}_{region_id}&region={region_id}&region_name={region_name},Однорычажные смесители Hansgrohe,Покупайте оригинальные смесители от бренда Hansgrohe с гарантией производителя!,,,,,,,
https://hansgrohe-russia.ru/smesiteli/shopby/hg_upravleniye-rychazhnoe?v=2#catalog?utm_medium=cpc&utm_source=ya_direct&utm_campaign={campaign_name}|{campaign_id}&utm_term={keyword}&utm_content=k50id|01000000{phrase_id}_{retargeting_id}|cid|{campaign_id}|gid|{gbid}|aid|{ad_id}|adp|{addphrases}|pos|{position_type}{position}|src|{source_type}_{source}|dvc|{device_type}|dop_0&k50id=01000000{phrase_id}_{retargeting_id}&cm_id={campaign_id}_{gbid}_{banner_id}_{phrase_id}_{retargeting_id}_{source}_{source_type}_{campaign_type}_{addphrases}_{device_type}_{position_type}_{region_id}&region={region_id}&region_name={region_name},Однорычажные смесители Hansgrohe,Оригинальные смесители Hansgrohe. Бесплатная доставка. Покупайте!,,,,,,,
https://hansgrohe-russia.ru/smesiteli/shopby/hg_upravleniye-rychazhnoe?v=3#catalog?utm_medium=cpc&utm_source=ya_direct&utm_campaign={campaign_name}|{campaign_id}&utm_term={keyword}&utm_content=k50id|01000000{phrase_id}_{retargeting_id}|cid|{campaign_id}|gid|{gbid}|aid|{ad_id}|adp|{addphrases}|pos|{position_type}{position}|src|{source_type}_{source}|dvc|{device_type}|dop_0&k50id=01000000{phrase_id}_{retargeting_id}&cm_id={campaign_id}_{gbid}_{banner_id}_{phrase_id}_{retargeting_id}_{source}_{source_type}_{campaign_type}_{addphrases}_{device_type}_{position_type}_{region_id}&region={region_id}&region_name={region_name},Однорычажные смесители Hansgrohe. Оригинальная продукция,Приобретайте смесители Hansgrohe с официальной гарантией. Доставка 0 руб!,,,,,,,
https://hansgrohe-russia.ru/smesiteli/shopby/hg_upravleniye-rychazhnoe?v=4#catalog?utm_medium=cpc&utm_source=ya_direct&utm_campaign={campaign_name}|{campaign_id}&utm_term={keyword}&utm_content=k50id|01000000{phrase_id}_{retargeting_id}|cid|{campaign_id}|gid|{gbid}|aid|{ad_id}|adp|{addphrases}|pos|{position_type}{position}|src|{source_type}_{source}|dvc|{device_type}|dop_0&k50id=01000000{phrase_id}_{retargeting_id}&cm_id={campaign_id}_{gbid}_{banner_id}_{phrase_id}_{retargeting_id}_{source}_{source_type}_{campaign_type}_{addphrases}_{device_type}_{position_type}_{region_id}&region={region_id}&region_name={region_name},Однорычажные смесители Hansgrohe. Суперцены каждый день!,Оригинальные смесители Hansgrohe. Скидка 5% на покупку. Переходите на сайт!,,,,,,,
https://hansgrohe-russia.ru/smesiteli/smesiteli-dlja-dusha?utm_medium=cpc&utm_source=ya_direct&utm_campaign={campaign_name}|{campaign_id}&utm_term={keyword}&utm_content=k50id|01000000{phrase_id}_{retargeting_id}|cid|{campaign_id}|gid|{gbid}|aid|{ad_id}|adp|{addphrases}|pos|{position_type}{position}|src|{source_type}_{source}|dvc|{device_type}|dop_0&k50id=01000000{phrase_id}_{retargeting_id}&cm_id={campaign_id}_{gbid}_{banner_id}_{phrase_id}_{retargeting_id}_{source}_{source_type}_{campaign_type}_{addphrases}_{device_type}_{position_type}_{region_id}&region={region_id}&region_name={region_name}&v=1,Душевые смесители с тропическим душем Hansgrohe,Покупайте оригинальные смесители от бренда Hansgrohe с гарантией производителя!,,,,,,,
https://hansgrohe-russia.ru/smesiteli/smesiteli-dlja-dusha?utm_medium=cpc&utm_source=ya_direct&utm_campaign={campaign_name}|{campaign_id}&utm_term={keyword}&utm_content=k50id|01000000{phrase_id}_{retargeting_id}|cid|{campaign_id}|gid|{gbid}|aid|{ad_id}|adp|{addphrases}|pos|{position_type}{position}|src|{source_type}_{source}|dvc|{device_type}|dop_0&k50id=01000000{phrase_id}_{retargeting_id}&cm_id={campaign_id}_{gbid}_{banner_id}_{phrase_id}_{retargeting_id}_{source}_{source_type}_{campaign_type}_{addphrases}_{device_type}_{position_type}_{region_id}&region={region_id}&region_name={region_name}&v=2,Душевые смесители с тропическим душем Hansgrohe,Оригинальные смесители Hansgrohe. Бесплатная доставка. Покупайте!,,,,,,,
https://hansgrohe-russia.ru/smesiteli/smesiteli-dlja-dusha?utm_medium=cpc&utm_source=ya_direct&utm_campaign={campaign_name}|{campaign_id}&utm_term={keyword}&utm_content=k50id|01000000{phrase_id}_{retargeting_id}|cid|{campaign_id}|gid|{gbid}|aid|{ad_id}|adp|{addphrases}|pos|{position_type}{position}|src|{source_type}_{source}|dvc|{device_type}|dop_0&k50id=01000000{phrase_id}_{retargeting_id}&cm_id={campaign_id}_{gbid}_{banner_id}_{phrase_id}_{retargeting_id}_{source}_{source_type}_{campaign_type}_{addphrases}_{device_type}_{position_type}_{region_id}&region={region_id}&region_name={region_name}&v=3,Душевые смесители с тропическим душем Hansgrohe,Приобретайте смесители Hansgrohe с официальной гарантией. Доставка 0 руб!,,,,,,,
https://hansgrohe-russia.ru/smesiteli/smesiteli-dlja-dusha?utm_medium=cpc&utm_source=ya_direct&utm_campaign={campaign_name}|{campaign_id}&utm_term={keyword}&utm_content=k50id|01000000{phrase_id}_{retargeting_id}|cid|{campaign_id}|gid|{gbid}|aid|{ad_id}|adp|{addphrases}|pos|{position_type}{position}|src|{source_type}_{source}|dvc|{device_type}|dop_0&k50id=01000000{phrase_id}_{retargeting_id}&cm_id={campaign_id}_{gbid}_{banner_id}_{phrase_id}_{retargeting_id}_{source}_{source_type}_{campaign_type}_{addphrases}_{device_type}_{position_type}_{region_id}&region={region_id}&region_name={region_name}&v=4,Душевые смесители с тропическим душем Hansgrohe,Оригинальные смесители Hansgrohe. Скидка 5% на покупку. Переходите на сайт!,,,,,,,
https://hansgrohe-russia.ru/smesiteli/smesiteli-dlja-dusha?utm_medium=cpc&utm_source=ya_direct&utm_campaign={campaign_name}|{campaign_id}&utm_term={keyword}&utm_content=k50id|01000000{phrase_id}_{retargeting_id}|cid|{campaign_id}|gid|{gbid}|aid|{ad_id}|adp|{addphrases}|pos|{position_type}{position}|src|{source_type}_{source}|dvc|{device_type}|dop_0&k50id=01000000{phrase_id}_{retargeting_id}&cm_id={campaign_id}_{gbid}_{banner_id}_{phrase_id}_{retargeting_id}_{source}_{source_type}_{campaign_type}_{addphrases}_{device_type}_{position_type}_{region_id}&region={region_id}&region_name={region_name}&v=5,Душевые смесители Hansgrohe. Доставка по всей России!,Покупайте оригинальные смесители от бренда Hansgrohe с гарантией производителя!,,,,,,,
https://hansgrohe-russia.ru/smesiteli/smesiteli-dlja-dusha?utm_medium=cpc&utm_source=ya_direct&utm_campaign={campaign_name}|{campaign_id}&utm_term={keyword}&utm_content=k50id|01000000{phrase_id}_{retargeting_id}|cid|{campaign_id}|gid|{gbid}|aid|{ad_id}|adp|{addphrases}|pos|{position_type}{position}|src|{source_type}_{source}|dvc|{device_type}|dop_0&k50id=01000000{phrase_id}_{retargeting_id}&cm_id={campaign_id}_{gbid}_{banner_id}_{phrase_id}_{retargeting_id}_{source}_{source_type}_{campaign_type}_{addphrases}_{device_type}_{position_type}_{region_id}&region={region_id}&region_name={region_name}&v=6,Душевые смесители Hansgrohe,Оригинальные смесители Hansgrohe. Бесплатная доставка. Покупайте!,,,,,,,
https://hansgrohe-russia.ru/smesiteli/smesiteli-dlja-dusha?utm_medium=cpc&utm_source=ya_direct&utm_campaign={campaign_name}|{campaign_id}&utm_term={keyword}&utm_content=k50id|01000000{phrase_id}_{retargeting_id}|cid|{campaign_id}|gid|{gbid}|aid|{ad_id}|adp|{addphrases}|pos|{position_type}{position}|src|{source_type}_{source}|dvc|{device_type}|dop_0&k50id=01000000{phrase_id}_{retargeting_id}&cm_id={campaign_id}_{gbid}_{banner_id}_{phrase_id}_{retargeting_id}_{source}_{source_type}_{campaign_type}_{addphrases}_{device_type}_{position_type}_{region_id}&region={region_id}&region_name={region_name}&v=7,Душевые смесители Hansgrohe. Оригинальная продукция,Приобретайте смесители Hansgrohe с официальной гарантией. Доставка 0 руб!,,,,,,,
https://hansgrohe-russia.ru/smesiteli/smesiteli-dlja-dusha?utm_medium=cpc&utm_source=ya_direct&utm_campaign={campaign_name}|{campaign_id}&utm_term={keyword}&utm_content=k50id|01000000{phrase_id}_{retargeting_id}|cid|{campaign_id}|gid|{gbid}|aid|{ad_id}|adp|{addphrases}|pos|{position_type}{position}|src|{source_type}_{source}|dvc|{device_type}|dop_0&k50id=01000000{phrase_id}_{retargeting_id}&cm_id={campaign_id}_{gbid}_{banner_id}_{phrase_id}_{retargeting_id}_{source}_{source_type}_{campaign_type}_{addphrases}_{device_type}_{position_type}_{region_id}&region={region_id}&region_name={region_name}&v=8,Душевые смесители Hansgrohe. Суперцены каждый день!,Оригинальные смесители Hansgrohe. Скидка 5% на покупку. Переходите на сайт!,,,,,,,
https://hansgrohe-russia.ru/smesiteli/smesiteli-dlja-dusha?utm_medium=cpc&utm_source=ya_direct&utm_campaign={campaign_name}|{campaign_id}&utm_term={keyword}&utm_content=k50id|01000000{phrase_id}_{retargeting_id}|cid|{campaign_id}|gid|{gbid}|aid|{ad_id}|adp|{addphrases}|pos|{position_type}{position}|src|{source_type}_{source}|dvc|{device_type}|dop_0&k50id=01000000{phrase_id}_{retargeting_id}&cm_id={campaign_id}_{gbid}_{banner_id}_{phrase_id}_{retargeting_id}_{source}_{source_type}_{campaign_type}_{addphrases}_{device_type}_{position_type}_{region_id}&region={region_id}&region_name={region_name}&v=9,Краны для душа Hansgrohe. Доставка по всей России!,Покупайте оригинальные смесители от бренда Hansgrohe с гарантией производителя!,,,,,,,
https://hansgrohe-russia.ru/smesiteli/smesiteli-dlja-dusha?utm_medium=cpc&utm_source=ya_direct&utm_campaign={campaign_name}|{campaign_id}&utm_term={keyword}&utm_content=k50id|01000000{phrase_id}_{retargeting_id}|cid|{campaign_id}|gid|{gbid}|aid|{ad_id}|adp|{addphrases}|pos|{position_type}{position}|src|{source_type}_{source}|dvc|{device_type}|dop_0&k50id=01000000{phrase_id}_{retargeting_id}&cm_id={campaign_id}_{gbid}_{banner_id}_{phrase_id}_{retargeting_id}_{source}_{source_type}_{campaign_type}_{addphrases}_{device_type}_{position_type}_{region_id}&region={region_id}&region_name={region_name}&v=10,Краны для душа Hansgrohe. Получайте подарки за покупку!,Оригинальные смесители Hansgrohe. Бесплатная доставка. Покупайте!,,,,,,,
https://hansgrohe-russia.ru/smesiteli/smesiteli-dlja-dusha?utm_medium=cpc&utm_source=ya_direct&utm_campaign={campaign_name}|{campaign_id}&utm_term={keyword}&utm_content=k50id|01000000{phrase_id}_{retargeting_id}|cid|{campaign_id}|gid|{gbid}|aid|{ad_id}|adp|{addphrases}|pos|{position_type}{position}|src|{source_type}_{source}|dvc|{device_type}|dop_0&k50id=01000000{phrase_id}_{retargeting_id}&cm_id={campaign_id}_{gbid}_{banner_id}_{phrase_id}_{retargeting_id}_{source}_{source_type}_{campaign_type}_{addphrases}_{device_type}_{position_type}_{region_id}&region={region_id}&region_name={region_name}&v=11,Краны для душа Hansgrohe. Оригинальная продукция,Приобретайте смесители Hansgrohe с официальной гарантией. Доставка 0 руб!,,,,,,,
https://hansgrohe-russia.ru/smesiteli/smesiteli-dlja-dusha?utm_medium=cpc&utm_source=ya_direct&utm_campaign={campaign_name}|{campaign_id}&utm_term={keyword}&utm_content=k50id|01000000{phrase_id}_{retargeting_id}|cid|{campaign_id}|gid|{gbid}|aid|{ad_id}|adp|{addphrases}|pos|{position_type}{position}|src|{source_type}_{source}|dvc|{device_type}|dop_0&k50id=01000000{phrase_id}_{retargeting_id}&cm_id={campaign_id}_{gbid}_{banner_id}_{phrase_id}_{retargeting_id}_{source}_{source_type}_{campaign_type}_{addphrases}_{device_type}_{position_type}_{region_id}&region={region_id}&region_name={region_name}&v=12,Краны для душа Hansgrohe. Суперцены каждый день!,Оригинальные смесители Hansgrohe. Скидка 5% на покупку. Переходите на сайт!,,,,,,,
https://hansgrohe-russia.ru/smesiteli/smesiteli-dlja-dusha?utm_medium=cpc&utm_source=ya_direct&utm_campaign={campaign_name}|{campaign_id}&utm_term={keyword}&utm_content=k50id|01000000{phrase_id}_{retargeting_id}|cid|{campaign_id}|gid|{gbid}|aid|{ad_id}|adp|{addphrases}|pos|{position_type}{position}|src|{source_type}_{source}|dvc|{device_type}|dop_0&k50id=01000000{phrase_id}_{retargeting_id}&cm_id={campaign_id}_{gbid}_{banner_id}_{phrase_id}_{retargeting_id}_{source}_{source_type}_{campaign_type}_{addphrases}_{device_type}_{position_type}_{region_id}&region={region_id}&region_name={region_name}&v=13,Однорычажные смесители для душа Hansgrohe,Покупайте оригинальные смесители от бренда Hansgrohe с гарантией производителя!,,,,,,,
https://hansgrohe-russia.ru/smesiteli/smesiteli-dlja-dusha?utm_medium=cpc&utm_source=ya_direct&utm_campaign={campaign_name}|{campaign_id}&utm_term={keyword}&utm_content=k50id|01000000{phrase_id}_{retargeting_id}|cid|{campaign_id}|gid|{gbid}|aid|{ad_id}|adp|{addphrases}|pos|{position_type}{position}|src|{source_type}_{source}|dvc|{device_type}|dop_0&k50id=01000000{phrase_id}_{retargeting_id}&cm_id={campaign_id}_{gbid}_{banner_id}_{phrase_id}_{retargeting_id}_{source}_{source_type}_{campaign_type}_{addphrases}_{device_type}_{position_type}_{region_id}&region={region_id}&region_name={region_name}&v=14,Однорычажные смесители для душа Hansgrohe,Оригинальные смесители Hansgrohe. Бесплатная доставка. Покупайте!,,,,,,,
https://hansgrohe-russia.ru/smesiteli/smesiteli-dlja-dusha?utm_medium=cpc&utm_source=ya_direct&utm_campaign={campaign_name}|{campaign_id}&utm_term={keyword}&utm_content=k50id|01000000{phrase_id}_{retargeting_id}|cid|{campaign_id}|gid|{gbid}|aid|{ad_id}|adp|{addphrases}|pos|{position_type}{position}|src|{source_type}_{source}|dvc|{device_type}|dop_0&k50id=01000000{phrase_id}_{retargeting_id}&cm_id={campaign_id}_{gbid}_{banner_id}_{phrase_id}_{retargeting_id}_{source}_{source_type}_{campaign_type}_{addphrases}_{device_type}_{position_type}_{region_id}&region={region_id}&region_name={region_name}&v=15,Однорычажные смесители для душа Hansgrohe,Приобретайте смесители Hansgrohe с официальной гарантией. Доставка 0 руб!,,,,,,,
https://hansgrohe-russia.ru/smesiteli/smesiteli-dlja-dusha?utm_medium=cpc&utm_source=ya_direct&utm_campaign={campaign_name}|{campaign_id}&utm_term={keyword}&utm_content=k50id|01000000{phrase_id}_{retargeting_id}|cid|{campaign_id}|gid|{gbid}|aid|{ad_id}|adp|{addphrases}|pos|{position_type}{position}|src|{source_type}_{source}|dvc|{device_type}|dop_0&k50id=01000000{phrase_id}_{retargeting_id}&cm_id={campaign_id}_{gbid}_{banner_id}_{phrase_id}_{retargeting_id}_{source}_{source_type}_{campaign_type}_{addphrases}_{device_type}_{position_type}_{region_id}&region={region_id}&region_name={region_name}&v=16,Однорычажные смесители для душа Hansgrohe,Оригинальные смесители Hansgrohe. Скидка 5% на покупку. Переходите на сайт!,,,,,,,
https://hansgrohe-russia.ru/smesiteli/smesiteli-dlja-dusha?utm_medium=cpc&utm_source=ya_direct&utm_campaign={campaign_name}|{campaign_id}&utm_term={keyword}&utm_content=k50id|01000000{phrase_id}_{retargeting_id}|cid|{campaign_id}|gid|{gbid}|aid|{ad_id}|adp|{addphrases}|pos|{position_type}{position}|src|{source_type}_{source}|dvc|{device_type}|dop_0&k50id=01000000{phrase_id}_{retargeting_id}&cm_id={campaign_id}_{gbid}_{banner_id}_{phrase_id}_{retargeting_id}_{source}_{source_type}_{campaign_type}_{addphrases}_{device_type}_{position_type}_{region_id}&region={region_id}&region_name={region_name}&v=17,Смесители для душа Hansgrohe. Доставка по всей России!,Покупайте оригинальные смесители от бренда Hansgrohe с гарантией производителя!,,,,,,,
https://hansgrohe-russia.ru/smesiteli/smesiteli-dlja-dusha?utm_medium=cpc&utm_source=ya_direct&utm_campaign={campaign_name}|{campaign_id}&utm_term={keyword}&utm_content=k50id|01000000{phrase_id}_{retargeting_id}|cid|{campaign_id}|gid|{gbid}|aid|{ad_id}|adp|{addphrases}|pos|{position_type}{position}|src|{source_type}_{source}|dvc|{device_type}|dop_0&k50id=01000000{phrase_id}_{retargeting_id}&cm_id={campaign_id}_{gbid}_{banner_id}_{phrase_id}_{retargeting_id}_{source}_{source_type}_{campaign_type}_{addphrases}_{device_type}_{position_type}_{region_id}&region={region_id}&region_name={region_name}&v=18,Смесители для душа Hansgrohe,Оригинальные смесители Hansgrohe. Бесплатная доставка. Покупайте!,,,,,,,
https://hansgrohe-russia.ru/smesiteli/smesiteli-dlja-dusha?utm_medium=cpc&utm_source=ya_direct&utm_campaign={campaign_name}|{campaign_id}&utm_term={keyword}&utm_content=k50id|01000000{phrase_id}_{retargeting_id}|cid|{campaign_id}|gid|{gbid}|aid|{ad_id}|adp|{addphrases}|pos|{position_type}{position}|src|{source_type}_{source}|dvc|{device_type}|dop_0&k50id=01000000{phrase_id}_{retargeting_id}&cm_id={campaign_id}_{gbid}_{banner_id}_{phrase_id}_{retargeting_id}_{source}_{source_type}_{campaign_type}_{addphrases}_{device_type}_{position_type}_{region_id}&region={region_id}&region_name={region_name}&v=19,Смесители для душа Hansgrohe. Оригинальная продукция,Приобретайте смесители Hansgrohe с официальной гарантией. Доставка 0 руб!,,,,,,,
https://hansgrohe-russia.ru/smesiteli/smesiteli-dlja-dusha?utm_medium=cpc&utm_source=ya_direct&utm_campaign={campaign_name}|{campaign_id}&utm_term={keyword}&utm_content=k50id|01000000{phrase_id}_{retargeting_id}|cid|{campaign_id}|gid|{gbid}|aid|{ad_id}|adp|{addphrases}|pos|{position_type}{position}|src|{source_type}_{source}|dvc|{device_type}|dop_0&k50id=01000000{phrase_id}_{retargeting_id}&cm_id={campaign_id}_{gbid}_{banner_id}_{phrase_id}_{retargeting_id}_{source}_{source_type}_{campaign_type}_{addphrases}_{device_type}_{position_type}_{region_id}&region={region_id}&region_name={region_name}&v=20,Смесители для душа Hansgrohe. Суперцены каждый день!,Оригинальные смесители Hansgrohe. Скидка 5% на покупку. Переходите на сайт!,,,,,,,
https://hansgrohe-russia.ru/smesiteli/smesiteli-dlja-dusha?utm_medium=cpc&utm_source=ya_direct&utm_campaign={campaign_name}|{campaign_id}&utm_term={keyword}&utm_content=k50id|01000000{phrase_id}_{retargeting_id}|cid|{campaign_id}|gid|{gbid}|aid|{ad_id}|adp|{addphrases}|pos|{position_type}{position}|src|{source_type}_{source}|dvc|{device_type}|dop_0&k50id=01000000{phrase_id}_{retargeting_id}&cm_id={campaign_id}_{gbid}_{banner_id}_{phrase_id}_{retargeting_id}_{source}_{source_type}_{campaign_type}_{addphrases}_{device_type}_{position_type}_{region_id}&region={region_id}&region_name={region_name}&v=21,Смесители для душевой Hansgrohe,Покупайте оригинальные смесители от бренда Hansgrohe с гарантией производителя!,,,,,,,
https://hansgrohe-russia.ru/smesiteli/smesiteli-dlja-dusha?utm_medium=cpc&utm_source=ya_direct&utm_campaign={campaign_name}|{campaign_id}&utm_term={keyword}&utm_content=k50id|01000000{phrase_id}_{retargeting_id}|cid|{campaign_id}|gid|{gbid}|aid|{ad_id}|adp|{addphrases}|pos|{position_type}{position}|src|{source_type}_{source}|dvc|{device_type}|dop_0&k50id=01000000{phrase_id}_{retargeting_id}&cm_id={campaign_id}_{gbid}_{banner_id}_{phrase_id}_{retargeting_id}_{source}_{source_type}_{campaign_type}_{addphrases}_{device_type}_{position_type}_{region_id}&region={region_id}&region_name={region_name}&v=22,Смесители для душевой Hansgrohe,Оригинальные смесители Hansgrohe. Бесплатная доставка. Покупайте!,,,,,,,
https://hansgrohe-russia.ru/smesiteli/smesiteli-dlja-dusha?utm_medium=cpc&utm_source=ya_direct&utm_campaign={campaign_name}|{campaign_id}&utm_term={keyword}&utm_content=k50id|01000000{phrase_id}_{retargeting_id}|cid|{campaign_id}|gid|{gbid}|aid|{ad_id}|adp|{addphrases}|pos|{position_type}{position}|src|{source_type}_{source}|dvc|{device_type}|dop_0&k50id=01000000{phrase_id}_{retargeting_id}&cm_id={campaign_id}_{gbid}_{banner_id}_{phrase_id}_{retargeting_id}_{source}_{source_type}_{campaign_type}_{addphrases}_{device_type}_{position_type}_{region_id}&region={region_id}&region_name={region_name}&v=23,Смесители для душевой Hansgrohe. Оригинальная продукция,Приобретайте смесители Hansgrohe с официальной гарантией. Доставка 0 руб!,,,,,,,
https://hansgrohe-russia.ru/smesiteli/smesiteli-dlja-dusha?utm_medium=cpc&utm_source=ya_direct&utm_campaign={campaign_name}|{campaign_id}&utm_term={keyword}&utm_content=k50id|01000000{phrase_id}_{retargeting_id}|cid|{campaign_id}|gid|{gbid}|aid|{ad_id}|adp|{addphrases}|pos|{position_type}{position}|src|{source_type}_{source}|dvc|{device_type}|dop_0&k50id=01000000{phrase_id}_{retargeting_id}&cm_id={campaign_id}_{gbid}_{banner_id}_{phrase_id}_{retargeting_id}_{source}_{source_type}_{campaign_type}_{addphrases}_{device_type}_{position_type}_{region_id}&region={region_id}&region_name={region_name}&v=24,Смесители для душевой Hansgrohe. Суперцены каждый день!,Оригинальные смесители Hansgrohe. Скидка 5% на покупку. Переходите на сайт!,,,,,,,
https://hansgrohe-russia.ru/smesiteli/smesiteli-dlja-dusha?utm_medium=cpc&utm_source=ya_direct&utm_campaign={campaign_name}|{campaign_id}&utm_term={keyword}&utm_content=k50id|01000000{phrase_id}_{retargeting_id}|cid|{campaign_id}|gid|{gbid}|aid|{ad_id}|adp|{addphrases}|pos|{position_type}{position}|src|{source_type}_{source}|dvc|{device_type}|dop_0&k50id=01000000{phrase_id}_{retargeting_id}&cm_id={campaign_id}_{gbid}_{banner_id}_{phrase_id}_{retargeting_id}_{source}_{source_type}_{campaign_type}_{addphrases}_{device_type}_{position_type}_{region_id}&region={region_id}&region_name={region_name}&v=25,Смесители с душем Hansgrohe. Доставка по всей России!,Покупайте оригинальные смесители от бренда Hansgrohe с гарантией производителя!,,,,,,,
https://hansgrohe-russia.ru/smesiteli/smesiteli-dlja-dusha?utm_medium=cpc&utm_source=ya_direct&utm_campaign={campaign_name}|{campaign_id}&utm_term={keyword}&utm_content=k50id|01000000{phrase_id}_{retargeting_id}|cid|{campaign_id}|gid|{gbid}|aid|{ad_id}|adp|{addphrases}|pos|{position_type}{position}|src|{source_type}_{source}|dvc|{device_type}|dop_0&k50id=01000000{phrase_id}_{retargeting_id}&cm_id={campaign_id}_{gbid}_{banner_id}_{phrase_id}_{retargeting_id}_{source}_{source_type}_{campaign_type}_{addphrases}_{device_type}_{position_type}_{region_id}&region={region_id}&region_name={region_name}&v=26,Смесители с душем Hansgrohe,Оригинальные смесители Hansgrohe. Бесплатная доставка. Покупайте!,,,,,,,
https://hansgrohe-russia.ru/smesiteli/smesiteli-dlja-dusha?utm_medium=cpc&utm_source=ya_direct&utm_campaign={campaign_name}|{campaign_id}&utm_term={keyword}&utm_content=k50id|01000000{phrase_id}_{retargeting_id}|cid|{campaign_id}|gid|{gbid}|aid|{ad_id}|adp|{addphrases}|pos|{position_type}{position}|src|{source_type}_{source}|dvc|{device_type}|dop_0&k50id=01000000{phrase_id}_{retargeting_id}&cm_id={campaign_id}_{gbid}_{banner_id}_{phrase_id}_{retargeting_id}_{source}_{source_type}_{campaign_type}_{addphrases}_{device_type}_{position_type}_{region_id}&region={region_id}&region_name={region_name}&v=27,Смесители с душем Hansgrohe. Оригинальная продукция,Приобретайте смесители Hansgrohe с официальной гарантией. Доставка 0 руб!,,,,,,,
https://hansgrohe-russia.ru/smesiteli/smesiteli-dlja-dusha?utm_medium=cpc&utm_source=ya_direct&utm_campaign={campaign_name}|{campaign_id}&utm_term={keyword}&utm_content=k50id|01000000{phrase_id}_{retargeting_id}|cid|{campaign_id}|gid|{gbid}|aid|{ad_id}|adp|{addphrases}|pos|{position_type}{position}|src|{source_type}_{source}|dvc|{device_type}|dop_0&k50id=01000000{phrase_id}_{retargeting_id}&cm_id={campaign_id}_{gbid}_{banner_id}_{phrase_id}_{retargeting_id}_{source}_{source_type}_{campaign_type}_{addphrases}_{device_type}_{position_type}_{region_id}&region={region_id}&region_name={region_name}&v=28,Смесители с душем Hansgrohe. Суперцены каждый день!,Оригинальные смесители Hansgrohe. Скидка 5% на покупку. Переходите на сайт!,,,,,,,
https://hansgrohe-russia.ru/smesiteli/smesiteli-dlya-bide?utm_medium=cpc&utm_source=ya_direct&utm_campaign={campaign_name}|{campaign_id}&utm_term={keyword}&utm_content=k50id|01000000{phrase_id}_{retargeting_id}|cid|{campaign_id}|gid|{gbid}|aid|{ad_id}|adp|{addphrases}|pos|{position_type}{position}|src|{source_type}_{source}|dvc|{device_type}|dop_0&k50id=01000000{phrase_id}_{retargeting_id}&cm_id={campaign_id}_{gbid}_{banner_id}_{phrase_id}_{retargeting_id}_{source}_{source_type}_{campaign_type}_{addphrases}_{device_type}_{position_type}_{region_id}&region={region_id}&region_name={region_name}&v=1,Смесители для биде Hansgrohe. Доставка по всей России!,Покупайте оригинальные смесители от бренда Hansgrohe с гарантией производителя!,,,,,,,
https://hansgrohe-russia.ru/smesiteli/smesiteli-dlya-bide?utm_medium=cpc&utm_source=ya_direct&utm_campaign={campaign_name}|{campaign_id}&utm_term={keyword}&utm_content=k50id|01000000{phrase_id}_{retargeting_id}|cid|{campaign_id}|gid|{gbid}|aid|{ad_id}|adp|{addphrases}|pos|{position_type}{position}|src|{source_type}_{source}|dvc|{device_type}|dop_0&k50id=01000000{phrase_id}_{retargeting_id}&cm_id={campaign_id}_{gbid}_{banner_id}_{phrase_id}_{retargeting_id}_{source}_{source_type}_{campaign_type}_{addphrases}_{device_type}_{position_type}_{region_id}&region={region_id}&region_name={region_name}&v=2,Смесители для биде Hansgrohe,Оригинальные смесители Hansgrohe. Бесплатная доставка. Покупайте!,,,,,,,
https://hansgrohe-russia.ru/smesiteli/smesiteli-dlya-bide?utm_medium=cpc&utm_source=ya_direct&utm_campaign={campaign_name}|{campaign_id}&utm_term={keyword}&utm_content=k50id|01000000{phrase_id}_{retargeting_id}|cid|{campaign_id}|gid|{gbid}|aid|{ad_id}|adp|{addphrases}|pos|{position_type}{position}|src|{source_type}_{source}|dvc|{device_type}|dop_0&k50id=01000000{phrase_id}_{retargeting_id}&cm_id={campaign_id}_{gbid}_{banner_id}_{phrase_id}_{retargeting_id}_{source}_{source_type}_{campaign_type}_{addphrases}_{device_type}_{position_type}_{region_id}&region={region_id}&region_name={region_name}&v=3,Смесители для биде Hansgrohe. Оригинальная продукция,Приобретайте смесители Hansgrohe с официальной гарантией. Доставка 0 руб!,,,,,,,
https://hansgrohe-russia.ru/smesiteli/smesiteli-dlya-bide?utm_medium=cpc&utm_source=ya_direct&utm_campaign={campaign_name}|{campaign_id}&utm_term={keyword}&utm_content=k50id|01000000{phrase_id}_{retargeting_id}|cid|{campaign_id}|gid|{gbid}|aid|{ad_id}|adp|{addphrases}|pos|{position_type}{position}|src|{source_type}_{source}|dvc|{device_type}|dop_0&k50id=01000000{phrase_id}_{retargeting_id}&cm_id={campaign_id}_{gbid}_{banner_id}_{phrase_id}_{retargeting_id}_{source}_{source_type}_{campaign_type}_{addphrases}_{device_type}_{position_type}_{region_id}&region={region_id}&region_name={region_name}&v=4,Смесители для биде Hansgrohe. Суперцены каждый день!,Оригинальные смесители Hansgrohe. Скидка 5% на покупку. Переходите на сайт!,,,,,,,
https://hansgrohe-russia.ru/smesiteli/smesiteli-dlya-rakoviny?utm_medium=cpc&utm_source=ya_direct&utm_campaign={campaign_name}|{campaign_id}&utm_term={keyword}&utm_content=k50id|01000000{phrase_id}_{retargeting_id}|cid|{campaign_id}|gid|{gbid}|aid|{ad_id}|adp|{addphrases}|pos|{position_type}{position}|src|{source_type}_{source}|dvc|{device_type}|dop_0&k50id=01000000{phrase_id}_{retargeting_id}&cm_id={campaign_id}_{gbid}_{banner_id}_{phrase_id}_{retargeting_id}_{source}_{source_type}_{campaign_type}_{addphrases}_{device_type}_{position_type}_{region_id}&region={region_id}&region_name={region_name}&v=1,Краны для раковины Hansgrohe. Доставка по всей России!,Покупайте оригинальные смесители от бренда Hansgrohe с гарантией производителя!,,,,,,,
https://hansgrohe-russia.ru/smesiteli/smesiteli-dlya-rakoviny?utm_medium=cpc&utm_source=ya_direct&utm_campaign={campaign_name}|{campaign_id}&utm_term={keyword}&utm_content=k50id|01000000{phrase_id}_{retargeting_id}|cid|{campaign_id}|gid|{gbid}|aid|{ad_id}|adp|{addphrases}|pos|{position_type}{position}|src|{source_type}_{source}|dvc|{device_type}|dop_0&k50id=01000000{phrase_id}_{retargeting_id}&cm_id={campaign_id}_{gbid}_{banner_id}_{phrase_id}_{retargeting_id}_{source}_{source_type}_{campaign_type}_{addphrases}_{device_type}_{position_type}_{region_id}&region={region_id}&region_name={region_name}&v=2,Краны для раковины Hansgrohe,Оригинальные смесители Hansgrohe. Бесплатная доставка. Покупайте!,,,,,,,
https://hansgrohe-russia.ru/smesiteli/smesiteli-dlya-rakoviny?utm_medium=cpc&utm_source=ya_direct&utm_campaign={campaign_name}|{campaign_id}&utm_term={keyword}&utm_content=k50id|01000000{phrase_id}_{retargeting_id}|cid|{campaign_id}|gid|{gbid}|aid|{ad_id}|adp|{addphrases}|pos|{position_type}{position}|src|{source_type}_{source}|dvc|{device_type}|dop_0&k50id=01000000{phrase_id}_{retargeting_id}&cm_id={campaign_id}_{gbid}_{banner_id}_{phrase_id}_{retargeting_id}_{source}_{source_type}_{campaign_type}_{addphrases}_{device_type}_{position_type}_{region_id}&region={region_id}&region_name={region_name}&v=3,Краны для раковины Hansgrohe. Оригинальная продукция,Приобретайте смесители Hansgrohe с официальной гарантией. Доставка 0 руб!,,,,,,,
https://hansgrohe-russia.ru/smesiteli/smesiteli-dlya-rakoviny?utm_medium=cpc&utm_source=ya_direct&utm_campaign={campaign_name}|{campaign_id}&utm_term={keyword}&utm_content=k50id|01000000{phrase_id}_{retargeting_id}|cid|{campaign_id}|gid|{gbid}|aid|{ad_id}|adp|{addphrases}|pos|{position_type}{position}|src|{source_type}_{source}|dvc|{device_type}|dop_0&k50id=01000000{phrase_id}_{retargeting_id}&cm_id={campaign_id}_{gbid}_{banner_id}_{phrase_id}_{retargeting_id}_{source}_{source_type}_{campaign_type}_{addphrases}_{device_type}_{position_type}_{region_id}&region={region_id}&region_name={region_name}&v=4,Краны для раковины Hansgrohe. Суперцены каждый день!,Оригинальные смесители Hansgrohe. Скидка 5% на покупку. Переходите на сайт!,,,,,,,
https://hansgrohe-russia.ru/smesiteli/smesiteli-dlya-rakoviny?utm_medium=cpc&utm_source=ya_direct&utm_campaign={campaign_name}|{campaign_id}&utm_term={keyword}&utm_content=k50id|01000000{phrase_id}_{retargeting_id}|cid|{campaign_id}|gid|{gbid}|aid|{ad_id}|adp|{addphrases}|pos|{position_type}{position}|src|{source_type}_{source}|dvc|{device_type}|dop_0&k50id=01000000{phrase_id}_{retargeting_id}&cm_id={campaign_id}_{gbid}_{banner_id}_{phrase_id}_{retargeting_id}_{source}_{source_type}_{campaign_type}_{addphrases}_{device_type}_{position_type}_{region_id}&region={region_id}&region_name={region_name}&v=5,Смесители для накладной раковины Hansgrohe,Покупайте оригинальные смесители от бренда Hansgrohe с гарантией производителя!,,,,,,,
https://hansgrohe-russia.ru/smesiteli/smesiteli-dlya-rakoviny?utm_medium=cpc&utm_source=ya_direct&utm_campaign={campaign_name}|{campaign_id}&utm_term={keyword}&utm_content=k50id|01000000{phrase_id}_{retargeting_id}|cid|{campaign_id}|gid|{gbid}|aid|{ad_id}|adp|{addphrases}|pos|{position_type}{position}|src|{source_type}_{source}|dvc|{device_type}|dop_0&k50id=01000000{phrase_id}_{retargeting_id}&cm_id={campaign_id}_{gbid}_{banner_id}_{phrase_id}_{retargeting_id}_{source}_{source_type}_{campaign_type}_{addphrases}_{device_type}_{position_type}_{region_id}&region={region_id}&region_name={region_name}&v=6,Смесители для накладной раковины Hansgrohe,Оригинальные смесители Hansgrohe. Бесплатная доставка. Покупайте!,,,,,,,
https://hansgrohe-russia.ru/smesiteli/smesiteli-dlya-rakoviny?utm_medium=cpc&utm_source=ya_direct&utm_campaign={campaign_name}|{campaign_id}&utm_term={keyword}&utm_content=k50id|01000000{phrase_id}_{retargeting_id}|cid|{campaign_id}|gid|{gbid}|aid|{ad_id}|adp|{addphrases}|pos|{position_type}{position}|src|{source_type}_{source}|dvc|{device_type}|dop_0&k50id=01000000{phrase_id}_{retargeting_id}&cm_id={campaign_id}_{gbid}_{banner_id}_{phrase_id}_{retargeting_id}_{source}_{source_type}_{campaign_type}_{addphrases}_{device_type}_{position_type}_{region_id}&region={region_id}&region_name={region_name}&v=7,Смесители для накладной раковины Hansgrohe,Приобретайте смесители Hansgrohe с официальной гарантией. Доставка 0 руб!,,,,,,,
https://hansgrohe-russia.ru/smesiteli/smesiteli-dlya-rakoviny?utm_medium=cpc&utm_source=ya_direct&utm_campaign={campaign_name}|{campaign_id}&utm_term={keyword}&utm_content=k50id|01000000{phrase_id}_{retargeting_id}|cid|{campaign_id}|gid|{gbid}|aid|{ad_id}|adp|{addphrases}|pos|{position_type}{position}|src|{source_type}_{source}|dvc|{device_type}|dop_0&k50id=01000000{phrase_id}_{retargeting_id}&cm_id={campaign_id}_{gbid}_{banner_id}_{phrase_id}_{retargeting_id}_{source}_{source_type}_{campaign_type}_{addphrases}_{device_type}_{position_type}_{region_id}&region={region_id}&region_name={region_name}&v=8,Смесители для накладной раковины Hansgrohe,Оригинальные смесители Hansgrohe. Скидка 5% на покупку. Переходите на сайт!,,,,,,,
https://hansgrohe-russia.ru/smesiteli/smesiteli-dlya-rakoviny?utm_medium=cpc&utm_source=ya_direct&utm_campaign={campaign_name}|{campaign_id}&utm_term={keyword}&utm_content=k50id|01000000{phrase_id}_{retargeting_id}|cid|{campaign_id}|gid|{gbid}|aid|{ad_id}|adp|{addphrases}|pos|{position_type}{position}|src|{source_type}_{source}|dvc|{device_type}|dop_0&k50id=01000000{phrase_id}_{retargeting_id}&cm_id={campaign_id}_{gbid}_{banner_id}_{phrase_id}_{retargeting_id}_{source}_{source_type}_{campaign_type}_{addphrases}_{device_type}_{position_type}_{region_id}&region={region_id}&region_name={region_name}&v=9,Смесители для раковины в ванной Hansgrohe,Покупайте оригинальные смесители от бренда Hansgrohe с гарантией производителя!,,,,,,,
https://hansgrohe-russia.ru/smesiteli/smesiteli-dlya-rakoviny?utm_medium=cpc&utm_source=ya_direct&utm_campaign={campaign_name}|{campaign_id}&utm_term={keyword}&utm_content=k50id|01000000{phrase_id}_{retargeting_id}|cid|{campaign_id}|gid|{gbid}|aid|{ad_id}|adp|{addphrases}|pos|{position_type}{position}|src|{source_type}_{source}|dvc|{device_type}|dop_0&k50id=01000000{phrase_id}_{retargeting_id}&cm_id={campaign_id}_{gbid}_{banner_id}_{phrase_id}_{retargeting_id}_{source}_{source_type}_{campaign_type}_{addphrases}_{device_type}_{position_type}_{region_id}&region={region_id}&region_name={region_name}&v=10,Смесители для раковины в ванной Hansgrohe,Оригинальные смесители Hansgrohe. Бесплатная доставка. Покупайте!,,,,,,,
https://hansgrohe-russia.ru/smesiteli/smesiteli-dlya-rakoviny?utm_medium=cpc&utm_source=ya_direct&utm_campaign={campaign_name}|{campaign_id}&utm_term={keyword}&utm_content=k50id|01000000{phrase_id}_{retargeting_id}|cid|{campaign_id}|gid|{gbid}|aid|{ad_id}|adp|{addphrases}|pos|{position_type}{position}|src|{source_type}_{source}|dvc|{device_type}|dop_0&k50id=01000000{phrase_id}_{retargeting_id}&cm_id={campaign_id}_{gbid}_{banner_id}_{phrase_id}_{retargeting_id}_{source}_{source_type}_{campaign_type}_{addphrases}_{device_type}_{position_type}_{region_id}&region={region_id}&region_name={region_name}&v=11,Смесители для раковины в ванной Hansgrohe,Приобретайте смесители Hansgrohe с официальной гарантией. Доставка 0 руб!,,,,,,,
https://hansgrohe-russia.ru/smesiteli/smesiteli-dlya-rakoviny?utm_medium=cpc&utm_source=ya_direct&utm_campaign={campaign_name}|{campaign_id}&utm_term={keyword}&utm_content=k50id|01000000{phrase_id}_{retargeting_id}|cid|{campaign_id}|gid|{gbid}|aid|{ad_id}|adp|{addphrases}|pos|{position_type}{position}|src|{source_type}_{source}|dvc|{device_type}|dop_0&k50id=01000000{phrase_id}_{retargeting_id}&cm_id={campaign_id}_{gbid}_{banner_id}_{phrase_id}_{retargeting_id}_{source}_{source_type}_{campaign_type}_{addphrases}_{device_type}_{position_type}_{region_id}&region={region_id}&region_name={region_name}&v=12,Смесители для раковины в ванной Hansgrohe,Оригинальные смесители Hansgrohe. Скидка 5% на покупку. Переходите на сайт!,,,,,,,
https://hansgrohe-russia.ru/smesiteli/smesiteli-dlya-rakoviny?utm_medium=cpc&utm_source=ya_direct&utm_campaign={campaign_name}|{campaign_id}&utm_term={keyword}&utm_content=k50id|01000000{phrase_id}_{retargeting_id}|cid|{campaign_id}|gid|{gbid}|aid|{ad_id}|adp|{addphrases}|pos|{position_type}{position}|src|{source_type}_{source}|dvc|{device_type}|dop_0&k50id=01000000{phrase_id}_{retargeting_id}&cm_id={campaign_id}_{gbid}_{banner_id}_{phrase_id}_{retargeting_id}_{source}_{source_type}_{campaign_type}_{addphrases}_{device_type}_{position_type}_{region_id}&region={region_id}&region_name={region_name}&v=13,Смесители для раковины с высоким изливом Hansgrohe,Покупайте оригинальные смесители от бренда Hansgrohe с гарантией производителя!,,,,,,,
https://hansgrohe-russia.ru/smesiteli/smesiteli-dlya-rakoviny?utm_medium=cpc&utm_source=ya_direct&utm_campaign={campaign_name}|{campaign_id}&utm_term={keyword}&utm_content=k50id|01000000{phrase_id}_{retargeting_id}|cid|{campaign_id}|gid|{gbid}|aid|{ad_id}|adp|{addphrases}|pos|{position_type}{position}|src|{source_type}_{source}|dvc|{device_type}|dop_0&k50id=01000000{phrase_id}_{retargeting_id}&cm_id={campaign_id}_{gbid}_{banner_id}_{phrase_id}_{retargeting_id}_{source}_{source_type}_{campaign_type}_{addphrases}_{device_type}_{position_type}_{region_id}&region={region_id}&region_name={region_name}&v=14,Смесители для раковины с высоким изливом Hansgrohe,Оригинальные смесители Hansgrohe. Бесплатная доставка. Покупайте!,,,,,,,
https://hansgrohe-russia.ru/smesiteli/smesiteli-dlya-rakoviny?utm_medium=cpc&utm_source=ya_direct&utm_campaign={campaign_name}|{campaign_id}&utm_term={keyword}&utm_content=k50id|01000000{phrase_id}_{retargeting_id}|cid|{campaign_id}|gid|{gbid}|aid|{ad_id}|adp|{addphrases}|pos|{position_type}{position}|src|{source_type}_{source}|dvc|{device_type}|dop_0&k50id=01000000{phrase_id}_{retargeting_id}&cm_id={campaign_id}_{gbid}_{banner_id}_{phrase_id}_{retargeting_id}_{source}_{source_type}_{campaign_type}_{addphrases}_{device_type}_{position_type}_{region_id}&region={region_id}&region_name={region_name}&v=15,Смесители для раковины с высоким изливом Hansgrohe,Приобретайте смесители Hansgrohe с официальной гарантией. Доставка 0 руб!,,,,,,,
https://hansgrohe-russia.ru/smesiteli/smesiteli-dlya-rakoviny?utm_medium=cpc&utm_source=ya_direct&utm_campaign={campaign_name}|{campaign_id}&utm_term={keyword}&utm_content=k50id|01000000{phrase_id}_{retargeting_id}|cid|{campaign_id}|gid|{gbid}|aid|{ad_id}|adp|{addphrases}|pos|{position_type}{position}|src|{source_type}_{source}|dvc|{device_type}|dop_0&k50id=01000000{phrase_id}_{retargeting_id}&cm_id={campaign_id}_{gbid}_{banner_id}_{phrase_id}_{retargeting_id}_{source}_{source_type}_{campaign_type}_{addphrases}_{device_type}_{position_type}_{region_id}&region={region_id}&region_name={region_name}&v=16,Смесители для раковины с высоким изливом Hansgrohe,Оригинальные смесители Hansgrohe. Скидка 5% на покупку. Переходите на сайт!,,,,,,,
https://hansgrohe-russia.ru/smesiteli/smesiteli-dlya-rakoviny?utm_medium=cpc&utm_source=ya_direct&utm_campaign={campaign_name}|{campaign_id}&utm_term={keyword}&utm_content=k50id|01000000{phrase_id}_{retargeting_id}|cid|{campaign_id}|gid|{gbid}|aid|{ad_id}|adp|{addphrases}|pos|{position_type}{position}|src|{source_type}_{source}|dvc|{device_type}|dop_0&k50id=01000000{phrase_id}_{retargeting_id}&cm_id={campaign_id}_{gbid}_{banner_id}_{phrase_id}_{retargeting_id}_{source}_{source_type}_{campaign_type}_{addphrases}_{device_type}_{position_type}_{region_id}&region={region_id}&region_name={region_name}&v=17,Смесители для раковины Hansgrohe,Покупайте оригинальные смесители от бренда Hansgrohe с гарантией производителя!,,,,,,,
https://hansgrohe-russia.ru/smesiteli/smesiteli-dlya-rakoviny?utm_medium=cpc&utm_source=ya_direct&utm_campaign={campaign_name}|{campaign_id}&utm_term={keyword}&utm_content=k50id|01000000{phrase_id}_{retargeting_id}|cid|{campaign_id}|gid|{gbid}|aid|{ad_id}|adp|{addphrases}|pos|{position_type}{position}|src|{source_type}_{source}|dvc|{device_type}|dop_0&k50id=01000000{phrase_id}_{retargeting_id}&cm_id={campaign_id}_{gbid}_{banner_id}_{phrase_id}_{retargeting_id}_{source}_{source_type}_{campaign_type}_{addphrases}_{device_type}_{position_type}_{region_id}&region={region_id}&region_name={region_name}&v=18,Смесители для раковины Hansgrohe,Оригинальные смесители Hansgrohe. Бесплатная доставка. Покупайте!,,,,,,,
https://hansgrohe-russia.ru/smesiteli/smesiteli-dlya-rakoviny?utm_medium=cpc&utm_source=ya_direct&utm_campaign={campaign_name}|{campaign_id}&utm_term={keyword}&utm_content=k50id|01000000{phrase_id}_{retargeting_id}|cid|{campaign_id}|gid|{gbid}|aid|{ad_id}|adp|{addphrases}|pos|{position_type}{position}|src|{source_type}_{source}|dvc|{device_type}|dop_0&k50id=01000000{phrase_id}_{retargeting_id}&cm_id={campaign_id}_{gbid}_{banner_id}_{phrase_id}_{retargeting_id}_{source}_{source_type}_{campaign_type}_{addphrases}_{device_type}_{position_type}_{region_id}&region={region_id}&region_name={region_name}&v=19,Смесители для раковины Hansgrohe. Оригинальная продукция,Приобретайте смесители Hansgrohe с официальной гарантией. Доставка 0 руб!,,,,,,,
https://hansgrohe-russia.ru/smesiteli/smesiteli-dlya-rakoviny?utm_medium=cpc&utm_source=ya_direct&utm_campaign={campaign_name}|{campaign_id}&utm_term={keyword}&utm_content=k50id|01000000{phrase_id}_{retargeting_id}|cid|{campaign_id}|gid|{gbid}|aid|{ad_id}|adp|{addphrases}|pos|{position_type}{position}|src|{source_type}_{source}|dvc|{device_type}|dop_0&k50id=01000000{phrase_id}_{retargeting_id}&cm_id={campaign_id}_{gbid}_{banner_id}_{phrase_id}_{retargeting_id}_{source}_{source_type}_{campaign_type}_{addphrases}_{device_type}_{position_type}_{region_id}&region={region_id}&region_name={region_name}&v=20,Смесители для раковины Hansgrohe. Суперцены каждый день!,Оригинальные смесители Hansgrohe. Скидка 5% на покупку. Переходите на сайт!,,,,,,,
https://hansgrohe-russia.ru/smesiteli/smesiteli-dlya-rakoviny?utm_medium=cpc&utm_source=ya_direct&utm_campaign={campaign_name}|{campaign_id}&utm_term={keyword}&utm_content=k50id|01000000{phrase_id}_{retargeting_id}|cid|{campaign_id}|gid|{gbid}|aid|{ad_id}|adp|{addphrases}|pos|{position_type}{position}|src|{source_type}_{source}|dvc|{device_type}|dop_0&k50id=01000000{phrase_id}_{retargeting_id}&cm_id={campaign_id}_{gbid}_{banner_id}_{phrase_id}_{retargeting_id}_{source}_{source_type}_{campaign_type}_{addphrases}_{device_type}_{position_type}_{region_id}&region={region_id}&region_name={region_name}&v=21,Смесители для раковины Hansgrohe E2,Покупайте оригинальные смесители от бренда Hansgrohe с гарантией производителя!,,,,,,,
https://hansgrohe-russia.ru/smesiteli/smesiteli-dlya-rakoviny?utm_medium=cpc&utm_source=ya_direct&utm_campaign={campaign_name}|{campaign_id}&utm_term={keyword}&utm_content=k50id|01000000{phrase_id}_{retargeting_id}|cid|{campaign_id}|gid|{gbid}|aid|{ad_id}|adp|{addphrases}|pos|{position_type}{position}|src|{source_type}_{source}|dvc|{device_type}|dop_0&k50id=01000000{phrase_id}_{retargeting_id}&cm_id={campaign_id}_{gbid}_{banner_id}_{phrase_id}_{retargeting_id}_{source}_{source_type}_{campaign_type}_{addphrases}_{device_type}_{position_type}_{region_id}&region={region_id}&region_name={region_name}&v=22,Смесители для раковины Hansgrohe E2,Оригинальные смесители Hansgrohe. Бесплатная доставка. Покупайте!,,,,,,,
https://hansgrohe-russia.ru/smesiteli/smesiteli-dlya-rakoviny?utm_medium=cpc&utm_source=ya_direct&utm_campaign={campaign_name}|{campaign_id}&utm_term={keyword}&utm_content=k50id|01000000{phrase_id}_{retargeting_id}|cid|{campaign_id}|gid|{gbid}|aid|{ad_id}|adp|{addphrases}|pos|{position_type}{position}|src|{source_type}_{source}|dvc|{device_type}|dop_0&k50id=01000000{phrase_id}_{retargeting_id}&cm_id={campaign_id}_{gbid}_{banner_id}_{phrase_id}_{retargeting_id}_{source}_{source_type}_{campaign_type}_{addphrases}_{device_type}_{position_type}_{region_id}&region={region_id}&region_name={region_name}&v=23,Смесители для раковины Hansgrohe E2,Приобретайте смесители Hansgrohe с официальной гарантией. Доставка 0 руб!,,,,,,,
https://hansgrohe-russia.ru/smesiteli/smesiteli-dlya-rakoviny?utm_medium=cpc&utm_source=ya_direct&utm_campaign={campaign_name}|{campaign_id}&utm_term={keyword}&utm_content=k50id|01000000{phrase_id}_{retargeting_id}|cid|{campaign_id}|gid|{gbid}|aid|{ad_id}|adp|{addphrases}|pos|{position_type}{position}|src|{source_type}_{source}|dvc|{device_type}|dop_0&k50id=01000000{phrase_id}_{retargeting_id}&cm_id={campaign_id}_{gbid}_{banner_id}_{phrase_id}_{retargeting_id}_{source}_{source_type}_{campaign_type}_{addphrases}_{device_type}_{position_type}_{region_id}&region={region_id}&region_name={region_name}&v=24,Смесители для раковины Hansgrohe E2,Оригинальные смесители Hansgrohe. Скидка 5% на покупку. Переходите на сайт!,,,,,,,
https://hansgrohe-russia.ru/smesiteli/smesiteli-dlya-rakoviny?utm_medium=cpc&utm_source=ya_direct&utm_campaign={campaign_name}|{campaign_id}&utm_term={keyword}&utm_content=k50id|01000000{phrase_id}_{retargeting_id}|cid|{campaign_id}|gid|{gbid}|aid|{ad_id}|adp|{addphrases}|pos|{position_type}{position}|src|{source_type}_{source}|dvc|{device_type}|dop_0&k50id=01000000{phrase_id}_{retargeting_id}&cm_id={campaign_id}_{gbid}_{banner_id}_{phrase_id}_{retargeting_id}_{source}_{source_type}_{campaign_type}_{addphrases}_{device_type}_{position_type}_{region_id}&region={region_id}&region_name={region_name}&v=25,Смесители для раковины Hansgrohe Select,Покупайте оригинальные смесители от бренда Hansgrohe с гарантией производителя!,,,,,,,
https://hansgrohe-russia.ru/smesiteli/smesiteli-dlya-rakoviny?utm_medium=cpc&utm_source=ya_direct&utm_campaign={campaign_name}|{campaign_id}&utm_term={keyword}&utm_content=k50id|01000000{phrase_id}_{retargeting_id}|cid|{campaign_id}|gid|{gbid}|aid|{ad_id}|adp|{addphrases}|pos|{position_type}{position}|src|{source_type}_{source}|dvc|{device_type}|dop_0&k50id=01000000{phrase_id}_{retargeting_id}&cm_id={campaign_id}_{gbid}_{banner_id}_{phrase_id}_{retargeting_id}_{source}_{source_type}_{campaign_type}_{addphrases}_{device_type}_{position_type}_{region_id}&region={region_id}&region_name={region_name}&v=26,Смесители для раковины Hansgrohe Select,Оригинальные смесители Hansgrohe. Бесплатная доставка. Покупайте!,,,,,,,
https://hansgrohe-russia.ru/smesiteli/smesiteli-dlya-rakoviny?utm_medium=cpc&utm_source=ya_direct&utm_campaign={campaign_name}|{campaign_id}&utm_term={keyword}&utm_content=k50id|01000000{phrase_id}_{retargeting_id}|cid|{campaign_id}|gid|{gbid}|aid|{ad_id}|adp|{addphrases}|pos|{position_type}{position}|src|{source_type}_{source}|dvc|{device_type}|dop_0&k50id=01000000{phrase_id}_{retargeting_id}&cm_id={campaign_id}_{gbid}_{banner_id}_{phrase_id}_{retargeting_id}_{source}_{source_type}_{campaign_type}_{addphrases}_{device_type}_{position_type}_{region_id}&region={region_id}&region_name={region_name}&v=27,Смесители для раковины Hansgrohe Select,Приобретайте смесители Hansgrohe с официальной гарантией. Доставка 0 руб!,,,,,,,
https://hansgrohe-russia.ru/smesiteli/smesiteli-dlya-rakoviny?utm_medium=cpc&utm_source=ya_direct&utm_campaign={campaign_name}|{campaign_id}&utm_term={keyword}&utm_content=k50id|01000000{phrase_id}_{retargeting_id}|cid|{campaign_id}|gid|{gbid}|aid|{ad_id}|adp|{addphrases}|pos|{position_type}{position}|src|{source_type}_{source}|dvc|{device_type}|dop_0&k50id=01000000{phrase_id}_{retargeting_id}&cm_id={campaign_id}_{gbid}_{banner_id}_{phrase_id}_{retargeting_id}_{source}_{source_type}_{campaign_type}_{addphrases}_{device_type}_{position_type}_{region_id}&region={region_id}&region_name={region_name}&v=28,Смесители для раковины Hansgrohe Select,Оригинальные смесители Hansgrohe. Скидка 5% на покупку. Переходите на сайт!,,,,,,,
https://hansgrohe-russia.ru/smesiteli/smesiteli-dlya-rakoviny?utm_medium=cpc&utm_source=ya_direct&utm_campaign={campaign_name}|{campaign_id}&utm_term={keyword}&utm_content=k50id|01000000{phrase_id}_{retargeting_id}|cid|{campaign_id}|gid|{gbid}|aid|{ad_id}|adp|{addphrases}|pos|{position_type}{position}|src|{source_type}_{source}|dvc|{device_type}|dop_0&k50id=01000000{phrase_id}_{retargeting_id}&cm_id={campaign_id}_{gbid}_{banner_id}_{phrase_id}_{retargeting_id}_{source}_{source_type}_{campaign_type}_{addphrases}_{device_type}_{position_type}_{region_id}&region={region_id}&region_name={region_name}&v=29,Смесители для умывальника Hansgrohe,Покупайте оригинальные смесители от бренда Hansgrohe с гарантией производителя!,,,,,,,
https://hansgrohe-russia.ru/smesiteli/smesiteli-dlya-rakoviny?utm_medium=cpc&utm_source=ya_direct&utm_campaign={campaign_name}|{campaign_id}&utm_term={keyword}&utm_content=k50id|01000000{phrase_id}_{retargeting_id}|cid|{campaign_id}|gid|{gbid}|aid|{ad_id}|adp|{addphrases}|pos|{position_type}{position}|src|{source_type}_{source}|dvc|{device_type}|dop_0&k50id=01000000{phrase_id}_{retargeting_id}&cm_id={campaign_id}_{gbid}_{banner_id}_{phrase_id}_{retargeting_id}_{source}_{source_type}_{campaign_type}_{addphrases}_{device_type}_{position_type}_{region_id}&region={region_id}&region_name={region_name}&v=30,Смесители для умывальника Hansgrohe,Оригинальные смесители Hansgrohe. Бесплатная доставка. Покупайте!,,,,,,,
https://hansgrohe-russia.ru/smesiteli/smesiteli-dlya-rakoviny?utm_medium=cpc&utm_source=ya_direct&utm_campaign={campaign_name}|{campaign_id}&utm_term={keyword}&utm_content=k50id|01000000{phrase_id}_{retargeting_id}|cid|{campaign_id}|gid|{gbid}|aid|{ad_id}|adp|{addphrases}|pos|{position_type}{position}|src|{source_type}_{source}|dvc|{device_type}|dop_0&k50id=01000000{phrase_id}_{retargeting_id}&cm_id={campaign_id}_{gbid}_{banner_id}_{phrase_id}_{retargeting_id}_{source}_{source_type}_{campaign_type}_{addphrases}_{device_type}_{position_type}_{region_id}&region={region_id}&region_name={region_name}&v=31,Смесители для умывальника Hansgrohe,Приобретайте смесители Hansgrohe с официальной гарантией. Доставка 0 руб!,,,,,,,
https://hansgrohe-russia.ru/smesiteli/smesiteli-dlya-rakoviny?utm_medium=cpc&utm_source=ya_direct&utm_campaign={campaign_name}|{campaign_id}&utm_term={keyword}&utm_content=k50id|01000000{phrase_id}_{retargeting_id}|cid|{campaign_id}|gid|{gbid}|aid|{ad_id}|adp|{addphrases}|pos|{position_type}{position}|src|{source_type}_{source}|dvc|{device_type}|dop_0&k50id=01000000{phrase_id}_{retargeting_id}&cm_id={campaign_id}_{gbid}_{banner_id}_{phrase_id}_{retargeting_id}_{source}_{source_type}_{campaign_type}_{addphrases}_{device_type}_{position_type}_{region_id}&region={region_id}&region_name={region_name}&v=32,Смесители для умывальника Hansgrohe,Оригинальные смесители Hansgrohe. Скидка 5% на покупку. Переходите на сайт!,,,,,,,
https://hansgrohe-russia.ru/smesiteli/smesiteli-dlya-rakoviny/shopby/hg_montazh-nastennyy?v=1#catalog?utm_medium=cpc&utm_source=ya_direct&utm_campaign={campaign_name}|{campaign_id}&utm_term={keyword}&utm_content=k50id|01000000{phrase_id}_{retargeting_id}|cid|{campaign_id}|gid|{gbid}|aid|{ad_id}|adp|{addphrases}|pos|{position_type}{position}|src|{source_type}_{source}|dvc|{device_type}|dop_0&k50id=01000000{phrase_id}_{retargeting_id}&cm_id={campaign_id}_{gbid}_{banner_id}_{phrase_id}_{retargeting_id}_{source}_{source_type}_{campaign_type}_{addphrases}_{device_type}_{position_type}_{region_id}&region={region_id}&region_name={region_name},Настенные смесители для раковины Hansgrohe,Покупайте оригинальные смесители от бренда Hansgrohe с гарантией производителя!,,,,,,,
https://hansgrohe-russia.ru/smesiteli/smesiteli-dlya-rakoviny/shopby/hg_montazh-nastennyy?v=2#catalog?utm_medium=cpc&utm_source=ya_direct&utm_campaign={campaign_name}|{campaign_id}&utm_term={keyword}&utm_content=k50id|01000000{phrase_id}_{retargeting_id}|cid|{campaign_id}|gid|{gbid}|aid|{ad_id}|adp|{addphrases}|pos|{position_type}{position}|src|{source_type}_{source}|dvc|{device_type}|dop_0&k50id=01000000{phrase_id}_{retargeting_id}&cm_id={campaign_id}_{gbid}_{banner_id}_{phrase_id}_{retargeting_id}_{source}_{source_type}_{campaign_type}_{addphrases}_{device_type}_{position_type}_{region_id}&region={region_id}&region_name={region_name},Настенные смесители для раковины Hansgrohe,Оригинальные смесители Hansgrohe. Бесплатная доставка. Покупайте!,,,,,,,
https://hansgrohe-russia.ru/smesiteli/smesiteli-dlya-rakoviny/shopby/hg_montazh-nastennyy?v=3#catalog?utm_medium=cpc&utm_source=ya_direct&utm_campaign={campaign_name}|{campaign_id}&utm_term={keyword}&utm_content=k50id|01000000{phrase_id}_{retargeting_id}|cid|{campaign_id}|gid|{gbid}|aid|{ad_id}|adp|{addphrases}|pos|{position_type}{position}|src|{source_type}_{source}|dvc|{device_type}|dop_0&k50id=01000000{phrase_id}_{retargeting_id}&cm_id={campaign_id}_{gbid}_{banner_id}_{phrase_id}_{retargeting_id}_{source}_{source_type}_{campaign_type}_{addphrases}_{device_type}_{position_type}_{region_id}&region={region_id}&region_name={region_name},Настенные смесители для раковины Hansgrohe,Приобретайте смесители Hansgrohe с официальной гарантией. Доставка 0 руб!,,,,,,,
https://hansgrohe-russia.ru/smesiteli/smesiteli-dlya-rakoviny/shopby/hg_montazh-nastennyy?v=4#catalog?utm_medium=cpc&utm_source=ya_direct&utm_campaign={campaign_name}|{campaign_id}&utm_term={keyword}&utm_content=k50id|01000000{phrase_id}_{retargeting_id}|cid|{campaign_id}|gid|{gbid}|aid|{ad_id}|adp|{addphrases}|pos|{position_type}{position}|src|{source_type}_{source}|dvc|{device_type}|dop_0&k50id=01000000{phrase_id}_{retargeting_id}&cm_id={campaign_id}_{gbid}_{banner_id}_{phrase_id}_{retargeting_id}_{source}_{source_type}_{campaign_type}_{addphrases}_{device_type}_{position_type}_{region_id}&region={region_id}&region_name={region_name},Настенные смесители для раковины Hansgrohe,Оригинальные смесители Hansgrohe. Скидка 5% на покупку. Переходите на сайт!,,,,,,,
https://hansgrohe-russia.ru/smesiteli/smesiteli-dlya-rakoviny/shopby/hg_poverkhnost-matovyy_belyy?v=1#catalog?utm_medium=cpc&utm_source=ya_direct&utm_campaign={campaign_name}|{campaign_id}&utm_term={keyword}&utm_content=k50id|01000000{phrase_id}_{retargeting_id}|cid|{campaign_id}|gid|{gbid}|aid|{ad_id}|adp|{addphrases}|pos|{position_type}{position}|src|{source_type}_{source}|dvc|{device_type}|dop_0&k50id=01000000{phrase_id}_{retargeting_id}&cm_id={campaign_id}_{gbid}_{banner_id}_{phrase_id}_{retargeting_id}_{source}_{source_type}_{campaign_type}_{addphrases}_{device_type}_{position_type}_{region_id}&region={region_id}&region_name={region_name},Смесители для раковины Hansgrohe белого цвета,Покупайте оригинальные смесители от бренда Hansgrohe с гарантией производителя!,,,,,,,
https://hansgrohe-russia.ru/smesiteli/smesiteli-dlya-rakoviny/shopby/hg_poverkhnost-matovyy_belyy?v=2#catalog?utm_medium=cpc&utm_source=ya_direct&utm_campaign={campaign_name}|{campaign_id}&utm_term={keyword}&utm_content=k50id|01000000{phrase_id}_{retargeting_id}|cid|{campaign_id}|gid|{gbid}|aid|{ad_id}|adp|{addphrases}|pos|{position_type}{position}|src|{source_type}_{source}|dvc|{device_type}|dop_0&k50id=01000000{phrase_id}_{retargeting_id}&cm_id={campaign_id}_{gbid}_{banner_id}_{phrase_id}_{retargeting_id}_{source}_{source_type}_{campaign_type}_{addphrases}_{device_type}_{position_type}_{region_id}&region={region_id}&region_name={region_name},Смесители для раковины Hansgrohe белого цвета,Оригинальные смесители Hansgrohe. Бесплатная доставка. Покупайте!,,,,,,,
https://hansgrohe-russia.ru/smesiteli/smesiteli-dlya-rakoviny/shopby/hg_poverkhnost-matovyy_belyy?v=3#catalog?utm_medium=cpc&utm_source=ya_direct&utm_campaign={campaign_name}|{campaign_id}&utm_term={keyword}&utm_content=k50id|01000000{phrase_id}_{retargeting_id}|cid|{campaign_id}|gid|{gbid}|aid|{ad_id}|adp|{addphrases}|pos|{position_type}{position}|src|{source_type}_{source}|dvc|{device_type}|dop_0&k50id=01000000{phrase_id}_{retargeting_id}&cm_id={campaign_id}_{gbid}_{banner_id}_{phrase_id}_{retargeting_id}_{source}_{source_type}_{campaign_type}_{addphrases}_{device_type}_{position_type}_{region_id}&region={region_id}&region_name={region_name},Смесители для раковины Hansgrohe белого цвета,Приобретайте смесители Hansgrohe с официальной гарантией. Доставка 0 руб!,,,,,,,
https://hansgrohe-russia.ru/smesiteli/smesiteli-dlya-rakoviny/shopby/hg_poverkhnost-matovyy_belyy?v=4#catalog?utm_medium=cpc&utm_source=ya_direct&utm_campaign={campaign_name}|{campaign_id}&utm_term={keyword}&utm_content=k50id|01000000{phrase_id}_{retargeting_id}|cid|{campaign_id}|gid|{gbid}|aid|{ad_id}|adp|{addphrases}|pos|{position_type}{position}|src|{source_type}_{source}|dvc|{device_type}|dop_0&k50id=01000000{phrase_id}_{retargeting_id}&cm_id={campaign_id}_{gbid}_{banner_id}_{phrase_id}_{retargeting_id}_{source}_{source_type}_{campaign_type}_{addphrases}_{device_type}_{position_type}_{region_id}&region={region_id}&region_name={region_name},Смесители для раковины Hansgrohe белого цвета,Оригинальные смесители Hansgrohe. Скидка 5% на покупку. Переходите на сайт!,,,,,,,
https://hansgrohe-russia.ru/smesiteli/smesiteli-dlya-rakoviny/shopby/hg_poverkhnost-matovyy_belyy?v=5#catalog?utm_medium=cpc&utm_source=ya_direct&utm_campaign={campaign_name}|{campaign_id}&utm_term={keyword}&utm_content=k50id|01000000{phrase_id}_{retargeting_id}|cid|{campaign_id}|gid|{gbid}|aid|{ad_id}|adp|{addphrases}|pos|{position_type}{position}|src|{source_type}_{source}|dvc|{device_type}|dop_0&k50id=01000000{phrase_id}_{retargeting_id}&cm_id={campaign_id}_{gbid}_{banner_id}_{phrase_id}_{retargeting_id}_{source}_{source_type}_{campaign_type}_{addphrases}_{device_type}_{position_type}_{region_id}&region={region_id}&region_name={region_name},Смесители для раковины Hansgrohe цвета белый мат,Покупайте оригинальные смесители от бренда Hansgrohe с гарантией производителя!,,,,,,,
https://hansgrohe-russia.ru/smesiteli/smesiteli-dlya-rakoviny/shopby/hg_poverkhnost-matovyy_belyy?v=6#catalog?utm_medium=cpc&utm_source=ya_direct&utm_campaign={campaign_name}|{campaign_id}&utm_term={keyword}&utm_content=k50id|01000000{phrase_id}_{retargeting_id}|cid|{campaign_id}|gid|{gbid}|aid|{ad_id}|adp|{addphrases}|pos|{position_type}{position}|src|{source_type}_{source}|dvc|{device_type}|dop_0&k50id=01000000{phrase_id}_{retargeting_id}&cm_id={campaign_id}_{gbid}_{banner_id}_{phrase_id}_{retargeting_id}_{source}_{source_type}_{campaign_type}_{addphrases}_{device_type}_{position_type}_{region_id}&region={region_id}&region_name={region_name},Смесители для раковины Hansgrohe цвета белый мат,Оригинальные смесители Hansgrohe. Бесплатная доставка. Покупайте!,,,,,,,
https://hansgrohe-russia.ru/smesiteli/smesiteli-dlya-rakoviny/shopby/hg_poverkhnost-matovyy_belyy?v=7#catalog?utm_medium=cpc&utm_source=ya_direct&utm_campaign={campaign_name}|{campaign_id}&utm_term={keyword}&utm_content=k50id|01000000{phrase_id}_{retargeting_id}|cid|{campaign_id}|gid|{gbid}|aid|{ad_id}|adp|{addphrases}|pos|{position_type}{position}|src|{source_type}_{source}|dvc|{device_type}|dop_0&k50id=01000000{phrase_id}_{retargeting_id}&cm_id={campaign_id}_{gbid}_{banner_id}_{phrase_id}_{retargeting_id}_{source}_{source_type}_{campaign_type}_{addphrases}_{device_type}_{position_type}_{region_id}&region={region_id}&region_name={region_name},Смесители для раковины Hansgrohe цвета белый мат,Приобретайте смесители Hansgrohe с официальной гарантией. Доставка 0 руб!,,,,,,,
https://hansgrohe-russia.ru/smesiteli/smesiteli-dlya-rakoviny/shopby/hg_poverkhnost-matovyy_belyy?v=8#catalog?utm_medium=cpc&utm_source=ya_direct&utm_campaign={campaign_name}|{campaign_id}&utm_term={keyword}&utm_content=k50id|01000000{phrase_id}_{retargeting_id}|cid|{campaign_id}|gid|{gbid}|aid|{ad_id}|adp|{addphrases}|pos|{position_type}{position}|src|{source_type}_{source}|dvc|{device_type}|dop_0&k50id=01000000{phrase_id}_{retargeting_id}&cm_id={campaign_id}_{gbid}_{banner_id}_{phrase_id}_{retargeting_id}_{source}_{source_type}_{campaign_type}_{addphrases}_{device_type}_{position_type}_{region_id}&region={region_id}&region_name={region_name},Смесители для раковины Hansgrohe цвета белый мат,Оригинальные смесители Hansgrohe. Скидка 5% на покупку. Переходите на сайт!,,,,,,,
https://hansgrohe-russia.ru/smesiteli/smesiteli-dlya-rakoviny/shopby/hg_poverkhnost-matovyy_chernyy-shlifovannyy_chernyy_hrom?v=1#catalog?utm_medium=cpc&utm_source=ya_direct&utm_campaign={campaign_name}|{campaign_id}&utm_term={keyword}&utm_content=k50id|01000000{phrase_id}_{retargeting_id}|cid|{campaign_id}|gid|{gbid}|aid|{ad_id}|adp|{addphrases}|pos|{position_type}{position}|src|{source_type}_{source}|dvc|{device_type}|dop_0&k50id=01000000{phrase_id}_{retargeting_id}&cm_id={campaign_id}_{gbid}_{banner_id}_{phrase_id}_{retargeting_id}_{source}_{source_type}_{campaign_type}_{addphrases}_{device_type}_{position_type}_{region_id}&region={region_id}&region_name={region_name},Смесители для раковины Hansgrohe черного цвета,Покупайте оригинальные смесители от бренда Hansgrohe с гарантией производителя!,,,,,,,
https://hansgrohe-russia.ru/smesiteli/smesiteli-dlya-rakoviny/shopby/hg_poverkhnost-matovyy_chernyy-shlifovannyy_chernyy_hrom?v=2#catalog?utm_medium=cpc&utm_source=ya_direct&utm_campaign={campaign_name}|{campaign_id}&utm_term={keyword}&utm_content=k50id|01000000{phrase_id}_{retargeting_id}|cid|{campaign_id}|gid|{gbid}|aid|{ad_id}|adp|{addphrases}|pos|{position_type}{position}|src|{source_type}_{source}|dvc|{device_type}|dop_0&k50id=01000000{phrase_id}_{retargeting_id}&cm_id={campaign_id}_{gbid}_{banner_id}_{phrase_id}_{retargeting_id}_{source}_{source_type}_{campaign_type}_{addphrases}_{device_type}_{position_type}_{region_id}&region={region_id}&region_name={region_name},Смесители для раковины Hansgrohe черного цвета,Оригинальные смесители Hansgrohe. Бесплатная доставка. Покупайте!,,,,,,,
https://hansgrohe-russia.ru/smesiteli/smesiteli-dlya-rakoviny/shopby/hg_poverkhnost-matovyy_chernyy-shlifovannyy_chernyy_hrom?v=3#catalog?utm_medium=cpc&utm_source=ya_direct&utm_campaign={campaign_name}|{campaign_id}&utm_term={keyword}&utm_content=k50id|01000000{phrase_id}_{retargeting_id}|cid|{campaign_id}|gid|{gbid}|aid|{ad_id}|adp|{addphrases}|pos|{position_type}{position}|src|{source_type}_{source}|dvc|{device_type}|dop_0&k50id=01000000{phrase_id}_{retargeting_id}&cm_id={campaign_id}_{gbid}_{banner_id}_{phrase_id}_{retargeting_id}_{source}_{source_type}_{campaign_type}_{addphrases}_{device_type}_{position_type}_{region_id}&region={region_id}&region_name={region_name},Смесители для раковины Hansgrohe черного цвета,Приобретайте смесители Hansgrohe с официальной гарантией. Доставка 0 руб!,,,,,,,
https://hansgrohe-russia.ru/smesiteli/smesiteli-dlya-rakoviny/shopby/hg_poverkhnost-matovyy_chernyy-shlifovannyy_chernyy_hrom?v=4#catalog?utm_medium=cpc&utm_source=ya_direct&utm_campaign={campaign_name}|{campaign_id}&utm_term={keyword}&utm_content=k50id|01000000{phrase_id}_{retargeting_id}|cid|{campaign_id}|gid|{gbid}|aid|{ad_id}|adp|{addphrases}|pos|{position_type}{position}|src|{source_type}_{source}|dvc|{device_type}|dop_0&k50id=01000000{phrase_id}_{retargeting_id}&cm_id={campaign_id}_{gbid}_{banner_id}_{phrase_id}_{retargeting_id}_{source}_{source_type}_{campaign_type}_{addphrases}_{device_type}_{position_type}_{region_id}&region={region_id}&region_name={region_name},Смесители для раковины Hansgrohe черного цвета,Оригинальные смесители Hansgrohe. Скидка 5% на покупку. Переходите на сайт!,,,,,,,
https://hansgrohe-russia.ru/smesiteli/smesiteli-dlya-rakoviny/shopby/hg_poverkhnost-matovyy_chernyy?v=1#catalog?utm_medium=cpc&utm_source=ya_direct&utm_campaign={campaign_name}|{campaign_id}&utm_term={keyword}&utm_content=k50id|01000000{phrase_id}_{retargeting_id}|cid|{campaign_id}|gid|{gbid}|aid|{ad_id}|adp|{addphrases}|pos|{position_type}{position}|src|{source_type}_{source}|dvc|{device_type}|dop_0&k50id=01000000{phrase_id}_{retargeting_id}&cm_id={campaign_id}_{gbid}_{banner_id}_{phrase_id}_{retargeting_id}_{source}_{source_type}_{campaign_type}_{addphrases}_{device_type}_{position_type}_{region_id}&region={region_id}&region_name={region_name},Смесители для раковины Hansgrohe цвета черный мат,Покупайте оригинальные смесители от бренда Hansgrohe с гарантией производителя!,,,,,,,
https://hansgrohe-russia.ru/smesiteli/smesiteli-dlya-rakoviny/shopby/hg_poverkhnost-matovyy_chernyy?v=2#catalog?utm_medium=cpc&utm_source=ya_direct&utm_campaign={campaign_name}|{campaign_id}&utm_term={keyword}&utm_content=k50id|01000000{phrase_id}_{retargeting_id}|cid|{campaign_id}|gid|{gbid}|aid|{ad_id}|adp|{addphrases}|pos|{position_type}{position}|src|{source_type}_{source}|dvc|{device_type}|dop_0&k50id=01000000{phrase_id}_{retargeting_id}&cm_id={campaign_id}_{gbid}_{banner_id}_{phrase_id}_{retargeting_id}_{source}_{source_type}_{campaign_type}_{addphrases}_{device_type}_{position_type}_{region_id}&region={region_id}&region_name={region_name},Смесители для раковины Hansgrohe цвета черный мат,Оригинальные смесители Hansgrohe. Бесплатная доставка. Покупайте!,,,,,,,
https://hansgrohe-russia.ru/smesiteli/smesiteli-dlya-rakoviny/shopby/hg_poverkhnost-matovyy_chernyy?v=3#catalog?utm_medium=cpc&utm_source=ya_direct&utm_campaign={campaign_name}|{campaign_id}&utm_term={keyword}&utm_content=k50id|01000000{phrase_id}_{retargeting_id}|cid|{campaign_id}|gid|{gbid}|aid|{ad_id}|adp|{addphrases}|pos|{position_type}{position}|src|{source_type}_{source}|dvc|{device_type}|dop_0&k50id=01000000{phrase_id}_{retargeting_id}&cm_id={campaign_id}_{gbid}_{banner_id}_{phrase_id}_{retargeting_id}_{source}_{source_type}_{campaign_type}_{addphrases}_{device_type}_{position_type}_{region_id}&region={region_id}&region_name={region_name},Смесители для раковины Hansgrohe цвета черный мат,Приобретайте смесители Hansgrohe с официальной гарантией. Доставка 0 руб!,,,,,,,
https://hansgrohe-russia.ru/smesiteli/smesiteli-dlya-rakoviny/shopby/hg_poverkhnost-matovyy_chernyy?v=4#catalog?utm_medium=cpc&utm_source=ya_direct&utm_campaign={campaign_name}|{campaign_id}&utm_term={keyword}&utm_content=k50id|01000000{phrase_id}_{retargeting_id}|cid|{campaign_id}|gid|{gbid}|aid|{ad_id}|adp|{addphrases}|pos|{position_type}{position}|src|{source_type}_{source}|dvc|{device_type}|dop_0&k50id=01000000{phrase_id}_{retargeting_id}&cm_id={campaign_id}_{gbid}_{banner_id}_{phrase_id}_{retargeting_id}_{source}_{source_type}_{campaign_type}_{addphrases}_{device_type}_{position_type}_{region_id}&region={region_id}&region_name={region_name},Смесители для раковины Hansgrohe цвета черный мат,Оригинальные смесители Hansgrohe. Скидка 5% на покупку. Переходите на сайт!,,,,,,,
https://hansgrohe-russia.ru/smesiteli/smesiteli-dlya-rakoviny/shopby/hg_poverkhnost-shlifovannyy_chernyy_hrom-hrom_pod_zoloto-hrom?v=1#catalog?utm_medium=cpc&utm_source=ya_direct&utm_campaign={campaign_name}|{campaign_id}&utm_term={keyword}&utm_content=k50id|01000000{phrase_id}_{retargeting_id}|cid|{campaign_id}|gid|{gbid}|aid|{ad_id}|adp|{addphrases}|pos|{position_type}{position}|src|{source_type}_{source}|dvc|{device_type}|dop_0&k50id=01000000{phrase_id}_{retargeting_id}&cm_id={campaign_id}_{gbid}_{banner_id}_{phrase_id}_{retargeting_id}_{source}_{source_type}_{campaign_type}_{addphrases}_{device_type}_{position_type}_{region_id}&region={region_id}&region_name={region_name},Смесители для раковины Hansgrohe хромированные,Покупайте оригинальные смесители от бренда Hansgrohe с гарантией производителя!,,,,,,,
https://hansgrohe-russia.ru/smesiteli/smesiteli-dlya-rakoviny/shopby/hg_poverkhnost-shlifovannyy_chernyy_hrom-hrom_pod_zoloto-hrom?v=2#catalog?utm_medium=cpc&utm_source=ya_direct&utm_campaign={campaign_name}|{campaign_id}&utm_term={keyword}&utm_content=k50id|01000000{phrase_id}_{retargeting_id}|cid|{campaign_id}|gid|{gbid}|aid|{ad_id}|adp|{addphrases}|pos|{position_type}{position}|src|{source_type}_{source}|dvc|{device_type}|dop_0&k50id=01000000{phrase_id}_{retargeting_id}&cm_id={campaign_id}_{gbid}_{banner_id}_{phrase_id}_{retargeting_id}_{source}_{source_type}_{campaign_type}_{addphrases}_{device_type}_{position_type}_{region_id}&region={region_id}&region_name={region_name},Смесители для раковины Hansgrohe хромированные,Оригинальные смесители Hansgrohe. Бесплатная доставка. Покупайте!,,,,,,,
https://hansgrohe-russia.ru/smesiteli/smesiteli-dlya-rakoviny/shopby/hg_poverkhnost-shlifovannyy_chernyy_hrom-hrom_pod_zoloto-hrom?v=3#catalog?utm_medium=cpc&utm_source=ya_direct&utm_campaign={campaign_name}|{campaign_id}&utm_term={keyword}&utm_content=k50id|01000000{phrase_id}_{retargeting_id}|cid|{campaign_id}|gid|{gbid}|aid|{ad_id}|adp|{addphrases}|pos|{position_type}{position}|src|{source_type}_{source}|dvc|{device_type}|dop_0&k50id=01000000{phrase_id}_{retargeting_id}&cm_id={campaign_id}_{gbid}_{banner_id}_{phrase_id}_{retargeting_id}_{source}_{source_type}_{campaign_type}_{addphrases}_{device_type}_{position_type}_{region_id}&region={region_id}&region_name={region_name},Смесители для раковины Hansgrohe хромированные,Приобретайте смесители Hansgrohe с официальной гарантией. Доставка 0 руб!,,,,,,,
https://hansgrohe-russia.ru/smesiteli/smesiteli-dlya-rakoviny/shopby/hg_poverkhnost-shlifovannyy_chernyy_hrom-hrom_pod_zoloto-hrom?v=4#catalog?utm_medium=cpc&utm_source=ya_direct&utm_campaign={campaign_name}|{campaign_id}&utm_term={keyword}&utm_content=k50id|01000000{phrase_id}_{retargeting_id}|cid|{campaign_id}|gid|{gbid}|aid|{ad_id}|adp|{addphrases}|pos|{position_type}{position}|src|{source_type}_{source}|dvc|{device_type}|dop_0&k50id=01000000{phrase_id}_{retargeting_id}&cm_id={campaign_id}_{gbid}_{banner_id}_{phrase_id}_{retargeting_id}_{source}_{source_type}_{campaign_type}_{addphrases}_{device_type}_{position_type}_{region_id}&region={region_id}&region_name={region_name},Смесители для раковины Hansgrohe хромированные,Оригинальные смесители Hansgrohe. Скидка 5% на покупку. Переходите на сайт!,,,,,,,
https://hansgrohe-russia.ru/smesiteli/smesiteli-dlya-rakoviny/shopby/hg_upravleniye-dzhoystik-rychazhnoe?v=1#catalog?utm_medium=cpc&utm_source=ya_direct&utm_campaign={campaign_name}|{campaign_id}&utm_term={keyword}&utm_content=k50id|01000000{phrase_id}_{retargeting_id}|cid|{campaign_id}|gid|{gbid}|aid|{ad_id}|adp|{addphrases}|pos|{position_type}{position}|src|{source_type}_{source}|dvc|{device_type}|dop_0&k50id=01000000{phrase_id}_{retargeting_id}&cm_id={campaign_id}_{gbid}_{banner_id}_{phrase_id}_{retargeting_id}_{source}_{source_type}_{campaign_type}_{addphrases}_{device_type}_{position_type}_{region_id}&region={region_id}&region_name={region_name},Однорычажные смесители для раковины Hansgrohe,Покупайте оригинальные смесители от бренда Hansgrohe с гарантией производителя!,,,,,,,
https://hansgrohe-russia.ru/smesiteli/smesiteli-dlya-rakoviny/shopby/hg_upravleniye-dzhoystik-rychazhnoe?v=2#catalog?utm_medium=cpc&utm_source=ya_direct&utm_campaign={campaign_name}|{campaign_id}&utm_term={keyword}&utm_content=k50id|01000000{phrase_id}_{retargeting_id}|cid|{campaign_id}|gid|{gbid}|aid|{ad_id}|adp|{addphrases}|pos|{position_type}{position}|src|{source_type}_{source}|dvc|{device_type}|dop_0&k50id=01000000{phrase_id}_{retargeting_id}&cm_id={campaign_id}_{gbid}_{banner_id}_{phrase_id}_{retargeting_id}_{source}_{source_type}_{campaign_type}_{addphrases}_{device_type}_{position_type}_{region_id}&region={region_id}&region_name={region_name},Однорычажные смесители для раковины Hansgrohe,Оригинальные смесители Hansgrohe. Бесплатная доставка. Покупайте!,,,,,,,
https://hansgrohe-russia.ru/smesiteli/smesiteli-dlya-rakoviny/shopby/hg_upravleniye-dzhoystik-rychazhnoe?v=3#catalog?utm_medium=cpc&utm_source=ya_direct&utm_campaign={campaign_name}|{campaign_id}&utm_term={keyword}&utm_content=k50id|01000000{phrase_id}_{retargeting_id}|cid|{campaign_id}|gid|{gbid}|aid|{ad_id}|adp|{addphrases}|pos|{position_type}{position}|src|{source_type}_{source}|dvc|{device_type}|dop_0&k50id=01000000{phrase_id}_{retargeting_id}&cm_id={campaign_id}_{gbid}_{banner_id}_{phrase_id}_{retargeting_id}_{source}_{source_type}_{campaign_type}_{addphrases}_{device_type}_{position_type}_{region_id}&region={region_id}&region_name={region_name},Однорычажные смесители для раковины Hansgrohe,Приобретайте смесители Hansgrohe с официальной гарантией. Доставка 0 руб!,,,,,,,
https://hansgrohe-russia.ru/smesiteli/smesiteli-dlya-rakoviny/shopby/hg_upravleniye-dzhoystik-rychazhnoe?v=4#catalog?utm_medium=cpc&utm_source=ya_direct&utm_campaign={campaign_name}|{campaign_id}&utm_term={keyword}&utm_content=k50id|01000000{phrase_id}_{retargeting_id}|cid|{campaign_id}|gid|{gbid}|aid|{ad_id}|adp|{addphrases}|pos|{position_type}{position}|src|{source_type}_{source}|dvc|{device_type}|dop_0&k50id=01000000{phrase_id}_{retargeting_id}&cm_id={campaign_id}_{gbid}_{banner_id}_{phrase_id}_{retargeting_id}_{source}_{source_type}_{campaign_type}_{addphrases}_{device_type}_{position_type}_{region_id}&region={region_id}&region_name={region_name},Однорычажные смесители для раковины Hansgrohe,Оригинальные смесители Hansgrohe. Скидка 5% на покупку. Переходите на сайт!,,,,,,,
https://hansgrohe-russia.ru/smesiteli/smesiteli-dlya-vanny?utm_medium=cpc&utm_source=ya_direct&utm_campaign={campaign_name}|{campaign_id}&utm_term={keyword}&utm_content=k50id|01000000{phrase_id}_{retargeting_id}|cid|{campaign_id}|gid|{gbid}|aid|{ad_id}|adp|{addphrases}|pos|{position_type}{position}|src|{source_type}_{source}|dvc|{device_type}|dop_0&k50id=01000000{phrase_id}_{retargeting_id}&cm_id={campaign_id}_{gbid}_{banner_id}_{phrase_id}_{retargeting_id}_{source}_{source_type}_{campaign_type}_{addphrases}_{device_type}_{position_type}_{region_id}&region={region_id}&region_name={region_name}&v=1,Комплект смесителей для ванны Hansgrohe,Покупайте оригинальные смесители от бренда Hansgrohe с гарантией производителя!,,,,,,,
https://hansgrohe-russia.ru/smesiteli/smesiteli-dlya-vanny?utm_medium=cpc&utm_source=ya_direct&utm_campaign={campaign_name}|{campaign_id}&utm_term={keyword}&utm_content=k50id|01000000{phrase_id}_{retargeting_id}|cid|{campaign_id}|gid|{gbid}|aid|{ad_id}|adp|{addphrases}|pos|{position_type}{position}|src|{source_type}_{source}|dvc|{device_type}|dop_0&k50id=01000000{phrase_id}_{retargeting_id}&cm_id={campaign_id}_{gbid}_{banner_id}_{phrase_id}_{retargeting_id}_{source}_{source_type}_{campaign_type}_{addphrases}_{device_type}_{position_type}_{region_id}&region={region_id}&region_name={region_name}&v=2,Комплект смесителей для ванны Hansgrohe,Оригинальные смесители Hansgrohe. Бесплатная доставка. Покупайте!,,,,,,,
https://hansgrohe-russia.ru/smesiteli/smesiteli-dlya-vanny?utm_medium=cpc&utm_source=ya_direct&utm_campaign={campaign_name}|{campaign_id}&utm_term={keyword}&utm_content=k50id|01000000{phrase_id}_{retargeting_id}|cid|{campaign_id}|gid|{gbid}|aid|{ad_id}|adp|{addphrases}|pos|{position_type}{position}|src|{source_type}_{source}|dvc|{device_type}|dop_0&k50id=01000000{phrase_id}_{retargeting_id}&cm_id={campaign_id}_{gbid}_{banner_id}_{phrase_id}_{retargeting_id}_{source}_{source_type}_{campaign_type}_{addphrases}_{device_type}_{position_type}_{region_id}&region={region_id}&region_name={region_name}&v=3,Комплект смесителей для ванны Hansgrohe,Приобретайте смесители Hansgrohe с официальной гарантией. Доставка 0 руб!,,,,,,,
https://hansgrohe-russia.ru/smesiteli/smesiteli-dlya-vanny?utm_medium=cpc&utm_source=ya_direct&utm_campaign={campaign_name}|{campaign_id}&utm_term={keyword}&utm_content=k50id|01000000{phrase_id}_{retargeting_id}|cid|{campaign_id}|gid|{gbid}|aid|{ad_id}|adp|{addphrases}|pos|{position_type}{position}|src|{source_type}_{source}|dvc|{device_type}|dop_0&k50id=01000000{phrase_id}_{retargeting_id}&cm_id={campaign_id}_{gbid}_{banner_id}_{phrase_id}_{retargeting_id}_{source}_{source_type}_{campaign_type}_{addphrases}_{device_type}_{position_type}_{region_id}&region={region_id}&region_name={region_name}&v=4,Комплект смесителей для ванны Hansgrohe,Оригинальные смесители Hansgrohe. Скидка 5% на покупку. Переходите на сайт!,,,,,,,
https://hansgrohe-russia.ru/smesiteli/smesiteli-dlya-vanny?utm_medium=cpc&utm_source=ya_direct&utm_campaign={campaign_name}|{campaign_id}&utm_term={keyword}&utm_content=k50id|01000000{phrase_id}_{retargeting_id}|cid|{campaign_id}|gid|{gbid}|aid|{ad_id}|adp|{addphrases}|pos|{position_type}{position}|src|{source_type}_{source}|dvc|{device_type}|dop_0&k50id=01000000{phrase_id}_{retargeting_id}&cm_id={campaign_id}_{gbid}_{banner_id}_{phrase_id}_{retargeting_id}_{source}_{source_type}_{campaign_type}_{addphrases}_{device_type}_{position_type}_{region_id}&region={region_id}&region_name={region_name}&v=5,Краны для ванной Hansgrohe. Доставка по всей России!,Покупайте оригинальные смесители от бренда Hansgrohe с гарантией производителя!,,,,,,,
https://hansgrohe-russia.ru/smesiteli/smesiteli-dlya-vanny?utm_medium=cpc&utm_source=ya_direct&utm_campaign={campaign_name}|{campaign_id}&utm_term={keyword}&utm_content=k50id|01000000{phrase_id}_{retargeting_id}|cid|{campaign_id}|gid|{gbid}|aid|{ad_id}|adp|{addphrases}|pos|{position_type}{position}|src|{source_type}_{source}|dvc|{device_type}|dop_0&k50id=01000000{phrase_id}_{retargeting_id}&cm_id={campaign_id}_{gbid}_{banner_id}_{phrase_id}_{retargeting_id}_{source}_{source_type}_{campaign_type}_{addphrases}_{device_type}_{position_type}_{region_id}&region={region_id}&region_name={region_name}&v=6,Краны для ванной Hansgrohe,Оригинальные смесители Hansgrohe. Бесплатная доставка. Покупайте!,,,,,,,
https://hansgrohe-russia.ru/smesiteli/smesiteli-dlya-vanny?utm_medium=cpc&utm_source=ya_direct&utm_campaign={campaign_name}|{campaign_id}&utm_term={keyword}&utm_content=k50id|01000000{phrase_id}_{retargeting_id}|cid|{campaign_id}|gid|{gbid}|aid|{ad_id}|adp|{addphrases}|pos|{position_type}{position}|src|{source_type}_{source}|dvc|{device_type}|dop_0&k50id=01000000{phrase_id}_{retargeting_id}&cm_id={campaign_id}_{gbid}_{banner_id}_{phrase_id}_{retargeting_id}_{source}_{source_type}_{campaign_type}_{addphrases}_{device_type}_{position_type}_{region_id}&region={region_id}&region_name={region_name}&v=7,Краны для ванной Hansgrohe. Оригинальная продукция,Приобретайте смесители Hansgrohe с официальной гарантией. Доставка 0 руб!,,,,,,,
https://hansgrohe-russia.ru/smesiteli/smesiteli-dlya-vanny?utm_medium=cpc&utm_source=ya_direct&utm_campaign={campaign_name}|{campaign_id}&utm_term={keyword}&utm_content=k50id|01000000{phrase_id}_{retargeting_id}|cid|{campaign_id}|gid|{gbid}|aid|{ad_id}|adp|{addphrases}|pos|{position_type}{position}|src|{source_type}_{source}|dvc|{device_type}|dop_0&k50id=01000000{phrase_id}_{retargeting_id}&cm_id={campaign_id}_{gbid}_{banner_id}_{phrase_id}_{retargeting_id}_{source}_{source_type}_{campaign_type}_{addphrases}_{device_type}_{position_type}_{region_id}&region={region_id}&region_name={region_name}&v=8,Краны для ванной Hansgrohe. Суперцены каждый день!,Оригинальные смесители Hansgrohe. Скидка 5% на покупку. Переходите на сайт!,,,,,,,
https://hansgrohe-russia.ru/smesiteli/smesiteli-dlya-vanny?utm_medium=cpc&utm_source=ya_direct&utm_campaign={campaign_name}|{campaign_id}&utm_term={keyword}&utm_content=k50id|01000000{phrase_id}_{retargeting_id}|cid|{campaign_id}|gid|{gbid}|aid|{ad_id}|adp|{addphrases}|pos|{position_type}{position}|src|{source_type}_{source}|dvc|{device_type}|dop_0&k50id=01000000{phrase_id}_{retargeting_id}&cm_id={campaign_id}_{gbid}_{banner_id}_{phrase_id}_{retargeting_id}_{source}_{source_type}_{campaign_type}_{addphrases}_{device_type}_{position_type}_{region_id}&region={region_id}&region_name={region_name}&v=9,Набор смесителей для ванны Hansgrohe,Покупайте оригинальные смесители от бренда Hansgrohe с гарантией производителя!,,,,,,,
https://hansgrohe-russia.ru/smesiteli/smesiteli-dlya-vanny?utm_medium=cpc&utm_source=ya_direct&utm_campaign={campaign_name}|{campaign_id}&utm_term={keyword}&utm_content=k50id|01000000{phrase_id}_{retargeting_id}|cid|{campaign_id}|gid|{gbid}|aid|{ad_id}|adp|{addphrases}|pos|{position_type}{position}|src|{source_type}_{source}|dvc|{device_type}|dop_0&k50id=01000000{phrase_id}_{retargeting_id}&cm_id={campaign_id}_{gbid}_{banner_id}_{phrase_id}_{retargeting_id}_{source}_{source_type}_{campaign_type}_{addphrases}_{device_type}_{position_type}_{region_id}&region={region_id}&region_name={region_name}&v=10,Набор смесителей для ванны Hansgrohe,Оригинальные смесители Hansgrohe. Бесплатная доставка. Покупайте!,,,,,,,
https://hansgrohe-russia.ru/smesiteli/smesiteli-dlya-vanny?utm_medium=cpc&utm_source=ya_direct&utm_campaign={campaign_name}|{campaign_id}&utm_term={keyword}&utm_content=k50id|01000000{phrase_id}_{retargeting_id}|cid|{campaign_id}|gid|{gbid}|aid|{ad_id}|adp|{addphrases}|pos|{position_type}{position}|src|{source_type}_{source}|dvc|{device_type}|dop_0&k50id=01000000{phrase_id}_{retargeting_id}&cm_id={campaign_id}_{gbid}_{banner_id}_{phrase_id}_{retargeting_id}_{source}_{source_type}_{campaign_type}_{addphrases}_{device_type}_{position_type}_{region_id}&region={region_id}&region_name={region_name}&v=11,Набор смесителей для ванны Hansgrohe,Приобретайте смесители Hansgrohe с официальной гарантией. Доставка 0 руб!,,,,,,,
https://hansgrohe-russia.ru/smesiteli/smesiteli-dlya-vanny?utm_medium=cpc&utm_source=ya_direct&utm_campaign={campaign_name}|{campaign_id}&utm_term={keyword}&utm_content=k50id|01000000{phrase_id}_{retargeting_id}|cid|{campaign_id}|gid|{gbid}|aid|{ad_id}|adp|{addphrases}|pos|{position_type}{position}|src|{source_type}_{source}|dvc|{device_type}|dop_0&k50id=01000000{phrase_id}_{retargeting_id}&cm_id={campaign_id}_{gbid}_{banner_id}_{phrase_id}_{retargeting_id}_{source}_{source_type}_{campaign_type}_{addphrases}_{device_type}_{position_type}_{region_id}&region={region_id}&region_name={region_name}&v=12,Набор смесителей для ванны Hansgrohe,Оригинальные смесители Hansgrohe. Скидка 5% на покупку. Переходите на сайт!,,,,,,,
https://hansgrohe-russia.ru/smesiteli/smesiteli-dlya-vanny?utm_medium=cpc&utm_source=ya_direct&utm_campaign={campaign_name}|{campaign_id}&utm_term={keyword}&utm_content=k50id|01000000{phrase_id}_{retargeting_id}|cid|{campaign_id}|gid|{gbid}|aid|{ad_id}|adp|{addphrases}|pos|{position_type}{position}|src|{source_type}_{source}|dvc|{device_type}|dop_0&k50id=01000000{phrase_id}_{retargeting_id}&cm_id={campaign_id}_{gbid}_{banner_id}_{phrase_id}_{retargeting_id}_{source}_{source_type}_{campaign_type}_{addphrases}_{device_type}_{position_type}_{region_id}&region={region_id}&region_name={region_name}&v=13,Однорычажные смесители для ванны Hansgrohe,Покупайте оригинальные смесители от бренда Hansgrohe с гарантией производителя!,,,,,,,
https://hansgrohe-russia.ru/smesiteli/smesiteli-dlya-vanny?utm_medium=cpc&utm_source=ya_direct&utm_campaign={campaign_name}|{campaign_id}&utm_term={keyword}&utm_content=k50id|01000000{phrase_id}_{retargeting_id}|cid|{campaign_id}|gid|{gbid}|aid|{ad_id}|adp|{addphrases}|pos|{position_type}{position}|src|{source_type}_{source}|dvc|{device_type}|dop_0&k50id=01000000{phrase_id}_{retargeting_id}&cm_id={campaign_id}_{gbid}_{banner_id}_{phrase_id}_{retargeting_id}_{source}_{source_type}_{campaign_type}_{addphrases}_{device_type}_{position_type}_{region_id}&region={region_id}&region_name={region_name}&v=14,Однорычажные смесители для ванны Hansgrohe,Оригинальные смесители Hansgrohe. Бесплатная доставка. Покупайте!,,,,,,,
https://hansgrohe-russia.ru/smesiteli/smesiteli-dlya-vanny?utm_medium=cpc&utm_source=ya_direct&utm_campaign={campaign_name}|{campaign_id}&utm_term={keyword}&utm_content=k50id|01000000{phrase_id}_{retargeting_id}|cid|{campaign_id}|gid|{gbid}|aid|{ad_id}|adp|{addphrases}|pos|{position_type}{position}|src|{source_type}_{source}|dvc|{device_type}|dop_0&k50id=01000000{phrase_id}_{retargeting_id}&cm_id={campaign_id}_{gbid}_{banner_id}_{phrase_id}_{retargeting_id}_{source}_{source_type}_{campaign_type}_{addphrases}_{device_type}_{position_type}_{region_id}&region={region_id}&region_name={region_name}&v=15,Однорычажные смесители для ванны Hansgrohe,Приобретайте смесители Hansgrohe с официальной гарантией. Доставка 0 руб!,,,,,,,
https://hansgrohe-russia.ru/smesiteli/smesiteli-dlya-vanny?utm_medium=cpc&utm_source=ya_direct&utm_campaign={campaign_name}|{campaign_id}&utm_term={keyword}&utm_content=k50id|01000000{phrase_id}_{retargeting_id}|cid|{campaign_id}|gid|{gbid}|aid|{ad_id}|adp|{addphrases}|pos|{position_type}{position}|src|{source_type}_{source}|dvc|{device_type}|dop_0&k50id=01000000{phrase_id}_{retargeting_id}&cm_id={campaign_id}_{gbid}_{banner_id}_{phrase_id}_{retargeting_id}_{source}_{source_type}_{campaign_type}_{addphrases}_{device_type}_{position_type}_{region_id}&region={region_id}&region_name={region_name}&v=16,Однорычажные смесители для ванны Hansgrohe,Оригинальные смесители Hansgrohe. Скидка 5% на покупку. Переходите на сайт!,,,,,,,
https://hansgrohe-russia.ru/smesiteli/smesiteli-dlya-vanny?utm_medium=cpc&utm_source=ya_direct&utm_campaign={campaign_name}|{campaign_id}&utm_term={keyword}&utm_content=k50id|01000000{phrase_id}_{retargeting_id}|cid|{campaign_id}|gid|{gbid}|aid|{ad_id}|adp|{addphrases}|pos|{position_type}{position}|src|{source_type}_{source}|dvc|{device_type}|dop_0&k50id=01000000{phrase_id}_{retargeting_id}&cm_id={campaign_id}_{gbid}_{banner_id}_{phrase_id}_{retargeting_id}_{source}_{source_type}_{campaign_type}_{addphrases}_{device_type}_{position_type}_{region_id}&region={region_id}&region_name={region_name}&v=17,Смесители для ванны с длинным изливом Hansgrhoe,Покупайте оригинальные смесители от бренда Hansgrohe с гарантией производителя!,,,,,,,
https://hansgrohe-russia.ru/smesiteli/smesiteli-dlya-vanny?utm_medium=cpc&utm_source=ya_direct&utm_campaign={campaign_name}|{campaign_id}&utm_term={keyword}&utm_content=k50id|01000000{phrase_id}_{retargeting_id}|cid|{campaign_id}|gid|{gbid}|aid|{ad_id}|adp|{addphrases}|pos|{position_type}{position}|src|{source_type}_{source}|dvc|{device_type}|dop_0&k50id=01000000{phrase_id}_{retargeting_id}&cm_id={campaign_id}_{gbid}_{banner_id}_{phrase_id}_{retargeting_id}_{source}_{source_type}_{campaign_type}_{addphrases}_{device_type}_{position_type}_{region_id}&region={region_id}&region_name={region_name}&v=18,Смесители для ванны с длинным изливом Hansgrhoe,Оригинальные смесители Hansgrohe. Бесплатная доставка. Покупайте!,,,,,,,
https://hansgrohe-russia.ru/smesiteli/smesiteli-dlya-vanny?utm_medium=cpc&utm_source=ya_direct&utm_campaign={campaign_name}|{campaign_id}&utm_term={keyword}&utm_content=k50id|01000000{phrase_id}_{retargeting_id}|cid|{campaign_id}|gid|{gbid}|aid|{ad_id}|adp|{addphrases}|pos|{position_type}{position}|src|{source_type}_{source}|dvc|{device_type}|dop_0&k50id=01000000{phrase_id}_{retargeting_id}&cm_id={campaign_id}_{gbid}_{banner_id}_{phrase_id}_{retargeting_id}_{source}_{source_type}_{campaign_type}_{addphrases}_{device_type}_{position_type}_{region_id}&region={region_id}&region_name={region_name}&v=19,Смесители для ванны с длинным изливом Hansgrhoe,Приобретайте смесители Hansgrohe с официальной гарантией. Доставка 0 руб!,,,,,,,
https://hansgrohe-russia.ru/smesiteli/smesiteli-dlya-vanny?utm_medium=cpc&utm_source=ya_direct&utm_campaign={campaign_name}|{campaign_id}&utm_term={keyword}&utm_content=k50id|01000000{phrase_id}_{retargeting_id}|cid|{campaign_id}|gid|{gbid}|aid|{ad_id}|adp|{addphrases}|pos|{position_type}{position}|src|{source_type}_{source}|dvc|{device_type}|dop_0&k50id=01000000{phrase_id}_{retargeting_id}&cm_id={campaign_id}_{gbid}_{banner_id}_{phrase_id}_{retargeting_id}_{source}_{source_type}_{campaign_type}_{addphrases}_{device_type}_{position_type}_{region_id}&region={region_id}&region_name={region_name}&v=20,Смесители для ванны с длинным изливом Hansgrhoe,Оригинальные смесители Hansgrohe. Скидка 5% на покупку. Переходите на сайт!,,,,,,,
https://hansgrohe-russia.ru/smesiteli/smesiteli-dlya-vanny?utm_medium=cpc&utm_source=ya_direct&utm_campaign={campaign_name}|{campaign_id}&utm_term={keyword}&utm_content=k50id|01000000{phrase_id}_{retargeting_id}|cid|{campaign_id}|gid|{gbid}|aid|{ad_id}|adp|{addphrases}|pos|{position_type}{position}|src|{source_type}_{source}|dvc|{device_type}|dop_0&k50id=01000000{phrase_id}_{retargeting_id}&cm_id={campaign_id}_{gbid}_{banner_id}_{phrase_id}_{retargeting_id}_{source}_{source_type}_{campaign_type}_{addphrases}_{device_type}_{position_type}_{region_id}&region={region_id}&region_name={region_name}&v=21,Смесители для ванны с длинным изливом Hansgrohe,Покупайте оригинальные смесители от бренда Hansgrohe с гарантией производителя!,,,,,,,
https://hansgrohe-russia.ru/smesiteli/smesiteli-dlya-vanny?utm_medium=cpc&utm_source=ya_direct&utm_campaign={campaign_name}|{campaign_id}&utm_term={keyword}&utm_content=k50id|01000000{phrase_id}_{retargeting_id}|cid|{campaign_id}|gid|{gbid}|aid|{ad_id}|adp|{addphrases}|pos|{position_type}{position}|src|{source_type}_{source}|dvc|{device_type}|dop_0&k50id=01000000{phrase_id}_{retargeting_id}&cm_id={campaign_id}_{gbid}_{banner_id}_{phrase_id}_{retargeting_id}_{source}_{source_type}_{campaign_type}_{addphrases}_{device_type}_{position_type}_{region_id}&region={region_id}&region_name={region_name}&v=22,Смесители для ванны с длинным изливом Hansgrohe,Оригинальные смесители Hansgrohe. Бесплатная доставка. Покупайте!,,,,,,,
https://hansgrohe-russia.ru/smesiteli/smesiteli-dlya-vanny?utm_medium=cpc&utm_source=ya_direct&utm_campaign={campaign_name}|{campaign_id}&utm_term={keyword}&utm_content=k50id|01000000{phrase_id}_{retargeting_id}|cid|{campaign_id}|gid|{gbid}|aid|{ad_id}|adp|{addphrases}|pos|{position_type}{position}|src|{source_type}_{source}|dvc|{device_type}|dop_0&k50id=01000000{phrase_id}_{retargeting_id}&cm_id={campaign_id}_{gbid}_{banner_id}_{phrase_id}_{retargeting_id}_{source}_{source_type}_{campaign_type}_{addphrases}_{device_type}_{position_type}_{region_id}&region={region_id}&region_name={region_name}&v=23,Смесители для ванны с длинным изливом Hansgrohe,Приобретайте смесители Hansgrohe с официальной гарантией. Доставка 0 руб!,,,,,,,
https://hansgrohe-russia.ru/smesiteli/smesiteli-dlya-vanny?utm_medium=cpc&utm_source=ya_direct&utm_campaign={campaign_name}|{campaign_id}&utm_term={keyword}&utm_content=k50id|01000000{phrase_id}_{retargeting_id}|cid|{campaign_id}|gid|{gbid}|aid|{ad_id}|adp|{addphrases}|pos|{position_type}{position}|src|{source_type}_{source}|dvc|{device_type}|dop_0&k50id=01000000{phrase_id}_{retargeting_id}&cm_id={campaign_id}_{gbid}_{banner_id}_{phrase_id}_{retargeting_id}_{source}_{source_type}_{campaign_type}_{addphrases}_{device_type}_{position_type}_{region_id}&region={region_id}&region_name={region_name}&v=24,Смесители для ванны с длинным изливом Hansgrohe,Оригинальные смесители Hansgrohe. Скидка 5% на покупку. Переходите на сайт!,,,,,,,
https://hansgrohe-russia.ru/smesiteli/smesiteli-dlya-vanny?utm_medium=cpc&utm_source=ya_direct&utm_campaign={campaign_name}|{campaign_id}&utm_term={keyword}&utm_content=k50id|01000000{phrase_id}_{retargeting_id}|cid|{campaign_id}|gid|{gbid}|aid|{ad_id}|adp|{addphrases}|pos|{position_type}{position}|src|{source_type}_{source}|dvc|{device_type}|dop_0&k50id=01000000{phrase_id}_{retargeting_id}&cm_id={campaign_id}_{gbid}_{banner_id}_{phrase_id}_{retargeting_id}_{source}_{source_type}_{campaign_type}_{addphrases}_{device_type}_{position_type}_{region_id}&region={region_id}&region_name={region_name}&v=25,Смесители для ванны с душем Hansgrohe,Покупайте оригинальные смесители от бренда Hansgrohe с гарантией производителя!,,,,,,,
https://hansgrohe-russia.ru/smesiteli/smesiteli-dlya-vanny?utm_medium=cpc&utm_source=ya_direct&utm_campaign={campaign_name}|{campaign_id}&utm_term={keyword}&utm_content=k50id|01000000{phrase_id}_{retargeting_id}|cid|{campaign_id}|gid|{gbid}|aid|{ad_id}|adp|{addphrases}|pos|{position_type}{position}|src|{source_type}_{source}|dvc|{device_type}|dop_0&k50id=01000000{phrase_id}_{retargeting_id}&cm_id={campaign_id}_{gbid}_{banner_id}_{phrase_id}_{retargeting_id}_{source}_{source_type}_{campaign_type}_{addphrases}_{device_type}_{position_type}_{region_id}&region={region_id}&region_name={region_name}&v=26,Смесители для ванны с душем Hansgrohe,Оригинальные смесители Hansgrohe. Бесплатная доставка. Покупайте!,,,,,,,
https://hansgrohe-russia.ru/smesiteli/smesiteli-dlya-vanny?utm_medium=cpc&utm_source=ya_direct&utm_campaign={campaign_name}|{campaign_id}&utm_term={keyword}&utm_content=k50id|01000000{phrase_id}_{retargeting_id}|cid|{campaign_id}|gid|{gbid}|aid|{ad_id}|adp|{addphrases}|pos|{position_type}{position}|src|{source_type}_{source}|dvc|{device_type}|dop_0&k50id=01000000{phrase_id}_{retargeting_id}&cm_id={campaign_id}_{gbid}_{banner_id}_{phrase_id}_{retargeting_id}_{source}_{source_type}_{campaign_type}_{addphrases}_{device_type}_{position_type}_{region_id}&region={region_id}&region_name={region_name}&v=27,Смесители для ванны с душем Hansgrohe,Приобретайте смесители Hansgrohe с официальной гарантией. Доставка 0 руб!,,,,,,,
https://hansgrohe-russia.ru/smesiteli/smesiteli-dlya-vanny?utm_medium=cpc&utm_source=ya_direct&utm_campaign={campaign_name}|{campaign_id}&utm_term={keyword}&utm_content=k50id|01000000{phrase_id}_{retargeting_id}|cid|{campaign_id}|gid|{gbid}|aid|{ad_id}|adp|{addphrases}|pos|{position_type}{position}|src|{source_type}_{source}|dvc|{device_type}|dop_0&k50id=01000000{phrase_id}_{retargeting_id}&cm_id={campaign_id}_{gbid}_{banner_id}_{phrase_id}_{retargeting_id}_{source}_{source_type}_{campaign_type}_{addphrases}_{device_type}_{position_type}_{region_id}&region={region_id}&region_name={region_name}&v=28,Смесители для ванны с душем Hansgrohe,Оригинальные смесители Hansgrohe. Скидка 5% на покупку. Переходите на сайт!,,,,,,,
https://hansgrohe-russia.ru/smesiteli/smesiteli-dlya-vanny?utm_medium=cpc&utm_source=ya_direct&utm_campaign={campaign_name}|{campaign_id}&utm_term={keyword}&utm_content=k50id|01000000{phrase_id}_{retargeting_id}|cid|{campaign_id}|gid|{gbid}|aid|{ad_id}|adp|{addphrases}|pos|{position_type}{position}|src|{source_type}_{source}|dvc|{device_type}|dop_0&k50id=01000000{phrase_id}_{retargeting_id}&cm_id={campaign_id}_{gbid}_{banner_id}_{phrase_id}_{retargeting_id}_{source}_{source_type}_{campaign_type}_{addphrases}_{device_type}_{position_type}_{region_id}&region={region_id}&region_name={region_name}&v=29,Смесители для ванны с изливом Hansgrhoe,Покупайте оригинальные смесители от бренда Hansgrohe с гарантией производителя!,,,,,,,
https://hansgrohe-russia.ru/smesiteli/smesiteli-dlya-vanny?utm_medium=cpc&utm_source=ya_direct&utm_campaign={campaign_name}|{campaign_id}&utm_term={keyword}&utm_content=k50id|01000000{phrase_id}_{retargeting_id}|cid|{campaign_id}|gid|{gbid}|aid|{ad_id}|adp|{addphrases}|pos|{position_type}{position}|src|{source_type}_{source}|dvc|{device_type}|dop_0&k50id=01000000{phrase_id}_{retargeting_id}&cm_id={campaign_id}_{gbid}_{banner_id}_{phrase_id}_{retargeting_id}_{source}_{source_type}_{campaign_type}_{addphrases}_{device_type}_{position_type}_{region_id}&region={region_id}&region_name={region_name}&v=30,Смесители для ванны с изливом Hansgrhoe,Оригинальные смесители Hansgrohe. Бесплатная доставка. Покупайте!,,,,,,,
https://hansgrohe-russia.ru/smesiteli/smesiteli-dlya-vanny?utm_medium=cpc&utm_source=ya_direct&utm_campaign={campaign_name}|{campaign_id}&utm_term={keyword}&utm_content=k50id|01000000{phrase_id}_{retargeting_id}|cid|{campaign_id}|gid|{gbid}|aid|{ad_id}|adp|{addphrases}|pos|{position_type}{position}|src|{source_type}_{source}|dvc|{device_type}|dop_0&k50id=01000000{phrase_id}_{retargeting_id}&cm_id={campaign_id}_{gbid}_{banner_id}_{phrase_id}_{retargeting_id}_{source}_{source_type}_{campaign_type}_{addphrases}_{device_type}_{position_type}_{region_id}&region={region_id}&region_name={region_name}&v=31,Смесители для ванны с изливом Hansgrhoe,Приобретайте смесители Hansgrohe с официальной гарантией. Доставка 0 руб!,,,,,,,
https://hansgrohe-russia.ru/smesiteli/smesiteli-dlya-vanny?utm_medium=cpc&utm_source=ya_direct&utm_campaign={campaign_name}|{campaign_id}&utm_term={keyword}&utm_content=k50id|01000000{phrase_id}_{retargeting_id}|cid|{campaign_id}|gid|{gbid}|aid|{ad_id}|adp|{addphrases}|pos|{position_type}{position}|src|{source_type}_{source}|dvc|{device_type}|dop_0&k50id=01000000{phrase_id}_{retargeting_id}&cm_id={campaign_id}_{gbid}_{banner_id}_{phrase_id}_{retargeting_id}_{source}_{source_type}_{campaign_type}_{addphrases}_{device_type}_{position_type}_{region_id}&region={region_id}&region_name={region_name}&v=32,Смесители для ванны с изливом Hansgrhoe,Оригинальные смесители Hansgrohe. Скидка 5% на покупку. Переходите на сайт!,,,,,,,
https://hansgrohe-russia.ru/smesiteli/smesiteli-dlya-vanny?utm_medium=cpc&utm_source=ya_direct&utm_campaign={campaign_name}|{campaign_id}&utm_term={keyword}&utm_content=k50id|01000000{phrase_id}_{retargeting_id}|cid|{campaign_id}|gid|{gbid}|aid|{ad_id}|adp|{addphrases}|pos|{position_type}{position}|src|{source_type}_{source}|dvc|{device_type}|dop_0&k50id=01000000{phrase_id}_{retargeting_id}&cm_id={campaign_id}_{gbid}_{banner_id}_{phrase_id}_{retargeting_id}_{source}_{source_type}_{campaign_type}_{addphrases}_{device_type}_{position_type}_{region_id}&region={region_id}&region_name={region_name}&v=33,Смесители для ванны Hansgrohe. Доставка по всей России!,Покупайте оригинальные смесители от бренда Hansgrohe с гарантией производителя!,,,,,,,
https://hansgrohe-russia.ru/smesiteli/smesiteli-dlya-vanny?utm_medium=cpc&utm_source=ya_direct&utm_campaign={campaign_name}|{campaign_id}&utm_term={keyword}&utm_content=k50id|01000000{phrase_id}_{retargeting_id}|cid|{campaign_id}|gid|{gbid}|aid|{ad_id}|adp|{addphrases}|pos|{position_type}{position}|src|{source_type}_{source}|dvc|{device_type}|dop_0&k50id=01000000{phrase_id}_{retargeting_id}&cm_id={campaign_id}_{gbid}_{banner_id}_{phrase_id}_{retargeting_id}_{source}_{source_type}_{campaign_type}_{addphrases}_{device_type}_{position_type}_{region_id}&region={region_id}&region_name={region_name}&v=34,Смесители для ванны Hansgrohe,Оригинальные смесители Hansgrohe. Бесплатная доставка. Покупайте!,,,,,,,
https://hansgrohe-russia.ru/smesiteli/smesiteli-dlya-vanny?utm_medium=cpc&utm_source=ya_direct&utm_campaign={campaign_name}|{campaign_id}&utm_term={keyword}&utm_content=k50id|01000000{phrase_id}_{retargeting_id}|cid|{campaign_id}|gid|{gbid}|aid|{ad_id}|adp|{addphrases}|pos|{position_type}{position}|src|{source_type}_{source}|dvc|{device_type}|dop_0&k50id=01000000{phrase_id}_{retargeting_id}&cm_id={campaign_id}_{gbid}_{banner_id}_{phrase_id}_{retargeting_id}_{source}_{source_type}_{campaign_type}_{addphrases}_{device_type}_{position_type}_{region_id}&region={region_id}&region_name={region_name}&v=35,Смесители для ванны Hansgrohe. Оригинальная продукция,Приобретайте смесители Hansgrohe с официальной гарантией. Доставка 0 руб!,,,,,,,
https://hansgrohe-russia.ru/smesiteli/smesiteli-dlya-vanny?utm_medium=cpc&utm_source=ya_direct&utm_campaign={campaign_name}|{campaign_id}&utm_term={keyword}&utm_content=k50id|01000000{phrase_id}_{retargeting_id}|cid|{campaign_id}|gid|{gbid}|aid|{ad_id}|adp|{addphrases}|pos|{position_type}{position}|src|{source_type}_{source}|dvc|{device_type}|dop_0&k50id=01000000{phrase_id}_{retargeting_id}&cm_id={campaign_id}_{gbid}_{banner_id}_{phrase_id}_{retargeting_id}_{source}_{source_type}_{campaign_type}_{addphrases}_{device_type}_{position_type}_{region_id}&region={region_id}&region_name={region_name}&v=36,Смесители для ванны Hansgrohe. Суперцены каждый день!,Оригинальные смесители Hansgrohe. Скидка 5% на покупку. Переходите на сайт!,,,,,,,
https://hansgrohe-russia.ru/smesiteli/smesiteli-dlya-vanny?utm_medium=cpc&utm_source=ya_direct&utm_campaign={campaign_name}|{campaign_id}&utm_term={keyword}&utm_content=k50id|01000000{phrase_id}_{retargeting_id}|cid|{campaign_id}|gid|{gbid}|aid|{ad_id}|adp|{addphrases}|pos|{position_type}{position}|src|{source_type}_{source}|dvc|{device_type}|dop_0&k50id=01000000{phrase_id}_{retargeting_id}&cm_id={campaign_id}_{gbid}_{banner_id}_{phrase_id}_{retargeting_id}_{source}_{source_type}_{campaign_type}_{addphrases}_{device_type}_{position_type}_{region_id}&region={region_id}&region_name={region_name}&v=37,Смесители с изливом для ванны Hansgrohe,Покупайте оригинальные смесители от бренда Hansgrohe с гарантией производителя!,,,,,,,
https://hansgrohe-russia.ru/smesiteli/smesiteli-dlya-vanny?utm_medium=cpc&utm_source=ya_direct&utm_campaign={campaign_name}|{campaign_id}&utm_term={keyword}&utm_content=k50id|01000000{phrase_id}_{retargeting_id}|cid|{campaign_id}|gid|{gbid}|aid|{ad_id}|adp|{addphrases}|pos|{position_type}{position}|src|{source_type}_{source}|dvc|{device_type}|dop_0&k50id=01000000{phrase_id}_{retargeting_id}&cm_id={campaign_id}_{gbid}_{banner_id}_{phrase_id}_{retargeting_id}_{source}_{source_type}_{campaign_type}_{addphrases}_{device_type}_{position_type}_{region_id}&region={region_id}&region_name={region_name}&v=38,Смесители с изливом для ванны Hansgrohe,Оригинальные смесители Hansgrohe. Бесплатная доставка. Покупайте!,,,,,,,
https://hansgrohe-russia.ru/smesiteli/smesiteli-dlya-vanny?utm_medium=cpc&utm_source=ya_direct&utm_campaign={campaign_name}|{campaign_id}&utm_term={keyword}&utm_content=k50id|01000000{phrase_id}_{retargeting_id}|cid|{campaign_id}|gid|{gbid}|aid|{ad_id}|adp|{addphrases}|pos|{position_type}{position}|src|{source_type}_{source}|dvc|{device_type}|dop_0&k50id=01000000{phrase_id}_{retargeting_id}&cm_id={campaign_id}_{gbid}_{banner_id}_{phrase_id}_{retargeting_id}_{source}_{source_type}_{campaign_type}_{addphrases}_{device_type}_{position_type}_{region_id}&region={region_id}&region_name={region_name}&v=39,Смесители с изливом для ванны Hansgrohe,Приобретайте смесители Hansgrohe с официальной гарантией. Доставка 0 руб!,,,,,,,
https://hansgrohe-russia.ru/smesiteli/smesiteli-dlya-vanny?utm_medium=cpc&utm_source=ya_direct&utm_campaign={campaign_name}|{campaign_id}&utm_term={keyword}&utm_content=k50id|01000000{phrase_id}_{retargeting_id}|cid|{campaign_id}|gid|{gbid}|aid|{ad_id}|adp|{addphrases}|pos|{position_type}{position}|src|{source_type}_{source}|dvc|{device_type}|dop_0&k50id=01000000{phrase_id}_{retargeting_id}&cm_id={campaign_id}_{gbid}_{banner_id}_{phrase_id}_{retargeting_id}_{source}_{source_type}_{campaign_type}_{addphrases}_{device_type}_{position_type}_{region_id}&region={region_id}&region_name={region_name}&v=40,Смесители с изливом для ванны Hansgrohe,Оригинальные смесители Hansgrohe. Скидка 5% на покупку. Переходите на сайт!,,,,,,,
https://hansgrohe-russia.ru/smesiteli/smesiteli-dlya-vanny?utm_medium=cpc&utm_source=ya_direct&utm_campaign={campaign_name}|{campaign_id}&utm_term={keyword}&utm_content=k50id|01000000{phrase_id}_{retargeting_id}|cid|{campaign_id}|gid|{gbid}|aid|{ad_id}|adp|{addphrases}|pos|{position_type}{position}|src|{source_type}_{source}|dvc|{device_type}|dop_0&k50id=01000000{phrase_id}_{retargeting_id}&cm_id={campaign_id}_{gbid}_{banner_id}_{phrase_id}_{retargeting_id}_{source}_{source_type}_{campaign_type}_{addphrases}_{device_type}_{position_type}_{region_id}&region={region_id}&region_name={region_name}&v=41,Смесители с изливом для душа Hansgrohe,Покупайте оригинальные смесители от бренда Hansgrohe с гарантией производителя!,,,,,,,
https://hansgrohe-russia.ru/smesiteli/smesiteli-dlya-vanny?utm_medium=cpc&utm_source=ya_direct&utm_campaign={campaign_name}|{campaign_id}&utm_term={keyword}&utm_content=k50id|01000000{phrase_id}_{retargeting_id}|cid|{campaign_id}|gid|{gbid}|aid|{ad_id}|adp|{addphrases}|pos|{position_type}{position}|src|{source_type}_{source}|dvc|{device_type}|dop_0&k50id=01000000{phrase_id}_{retargeting_id}&cm_id={campaign_id}_{gbid}_{banner_id}_{phrase_id}_{retargeting_id}_{source}_{source_type}_{campaign_type}_{addphrases}_{device_type}_{position_type}_{region_id}&region={region_id}&region_name={region_name}&v=42,Смесители с изливом для душа Hansgrohe,Оригинальные смесители Hansgrohe. Бесплатная доставка. Покупайте!,,,,,,,
https://hansgrohe-russia.ru/smesiteli/smesiteli-dlya-vanny?utm_medium=cpc&utm_source=ya_direct&utm_campaign={campaign_name}|{campaign_id}&utm_term={keyword}&utm_content=k50id|01000000{phrase_id}_{retargeting_id}|cid|{campaign_id}|gid|{gbid}|aid|{ad_id}|adp|{addphrases}|pos|{position_type}{position}|src|{source_type}_{source}|dvc|{device_type}|dop_0&k50id=01000000{phrase_id}_{retargeting_id}&cm_id={campaign_id}_{gbid}_{banner_id}_{phrase_id}_{retargeting_id}_{source}_{source_type}_{campaign_type}_{addphrases}_{device_type}_{position_type}_{region_id}&region={region_id}&region_name={region_name}&v=43,Смесители с изливом для душа Hansgrohe,Приобретайте смесители Hansgrohe с официальной гарантией. Доставка 0 руб!,,,,,,,
https://hansgrohe-russia.ru/smesiteli/smesiteli-dlya-vanny?utm_medium=cpc&utm_source=ya_direct&utm_campaign={campaign_name}|{campaign_id}&utm_term={keyword}&utm_content=k50id|01000000{phrase_id}_{retargeting_id}|cid|{campaign_id}|gid|{gbid}|aid|{ad_id}|adp|{addphrases}|pos|{position_type}{position}|src|{source_type}_{source}|dvc|{device_type}|dop_0&k50id=01000000{phrase_id}_{retargeting_id}&cm_id={campaign_id}_{gbid}_{banner_id}_{phrase_id}_{retargeting_id}_{source}_{source_type}_{campaign_type}_{addphrases}_{device_type}_{position_type}_{region_id}&region={region_id}&region_name={region_name}&v=44,Смесители с изливом для душа Hansgrohe,Оригинальные смесители Hansgrohe. Скидка 5% на покупку. Переходите на сайт!,,,,,,,
https://hansgrohe-russia.ru/smesiteli/smesiteli-dlya-vanny/shopby/hg_kollektsii-focus?v=1#catalog?utm_medium=cpc&utm_source=ya_direct&utm_campaign={campaign_name}|{campaign_id}&utm_term={keyword}&utm_content=k50id|01000000{phrase_id}_{retargeting_id}|cid|{campaign_id}|gid|{gbid}|aid|{ad_id}|adp|{addphrases}|pos|{position_type}{position}|src|{source_type}_{source}|dvc|{device_type}|dop_0&k50id=01000000{phrase_id}_{retargeting_id}&cm_id={campaign_id}_{gbid}_{banner_id}_{phrase_id}_{retargeting_id}_{source}_{source_type}_{campaign_type}_{addphrases}_{device_type}_{position_type}_{region_id}&region={region_id}&region_name={region_name},Смесители для ванны с душем Hansgrohe Focus,Покупайте оригинальные смесители от бренда Hansgrohe с гарантией производителя!,,,,,,,
https://hansgrohe-russia.ru/smesiteli/smesiteli-dlya-vanny/shopby/hg_kollektsii-focus?v=2#catalog?utm_medium=cpc&utm_source=ya_direct&utm_campaign={campaign_name}|{campaign_id}&utm_term={keyword}&utm_content=k50id|01000000{phrase_id}_{retargeting_id}|cid|{campaign_id}|gid|{gbid}|aid|{ad_id}|adp|{addphrases}|pos|{position_type}{position}|src|{source_type}_{source}|dvc|{device_type}|dop_0&k50id=01000000{phrase_id}_{retargeting_id}&cm_id={campaign_id}_{gbid}_{banner_id}_{phrase_id}_{retargeting_id}_{source}_{source_type}_{campaign_type}_{addphrases}_{device_type}_{position_type}_{region_id}&region={region_id}&region_name={region_name},Смесители для ванны с душем Hansgrohe Focus,Оригинальные смесители Hansgrohe. Бесплатная доставка. Покупайте!,,,,,,,
https://hansgrohe-russia.ru/smesiteli/smesiteli-dlya-vanny/shopby/hg_kollektsii-focus?v=3#catalog?utm_medium=cpc&utm_source=ya_direct&utm_campaign={campaign_name}|{campaign_id}&utm_term={keyword}&utm_content=k50id|01000000{phrase_id}_{retargeting_id}|cid|{campaign_id}|gid|{gbid}|aid|{ad_id}|adp|{addphrases}|pos|{position_type}{position}|src|{source_type}_{source}|dvc|{device_type}|dop_0&k50id=01000000{phrase_id}_{retargeting_id}&cm_id={campaign_id}_{gbid}_{banner_id}_{phrase_id}_{retargeting_id}_{source}_{source_type}_{campaign_type}_{addphrases}_{device_type}_{position_type}_{region_id}&region={region_id}&region_name={region_name},Смесители для ванны с душем Hansgrohe Focus,Приобретайте смесители Hansgrohe с официальной гарантией. Доставка 0 руб!,,,,,,,
https://hansgrohe-russia.ru/smesiteli/smesiteli-dlya-vanny/shopby/hg_kollektsii-focus?v=4#catalog?utm_medium=cpc&utm_source=ya_direct&utm_campaign={campaign_name}|{campaign_id}&utm_term={keyword}&utm_content=k50id|01000000{phrase_id}_{retargeting_id}|cid|{campaign_id}|gid|{gbid}|aid|{ad_id}|adp|{addphrases}|pos|{position_type}{position}|src|{source_type}_{source}|dvc|{device_type}|dop_0&k50id=01000000{phrase_id}_{retargeting_id}&cm_id={campaign_id}_{gbid}_{banner_id}_{phrase_id}_{retargeting_id}_{source}_{source_type}_{campaign_type}_{addphrases}_{device_type}_{position_type}_{region_id}&region={region_id}&region_name={region_name},Смесители для ванны с душем Hansgrohe Focus,Оригинальные смесители Hansgrohe. Скидка 5% на покупку. Переходите на сайт!,,,,,,,
https://hansgrohe-russia.ru/smesiteli/smesiteli-dlya-vanny/shopby/hg_poverkhnost-matovyy_belyy?v=1#catalog?utm_medium=cpc&utm_source=ya_direct&utm_campaign={campaign_name}|{campaign_id}&utm_term={keyword}&utm_content=k50id|01000000{phrase_id}_{retargeting_id}|cid|{campaign_id}|gid|{gbid}|aid|{ad_id}|adp|{addphrases}|pos|{position_type}{position}|src|{source_type}_{source}|dvc|{device_type}|dop_0&k50id=01000000{phrase_id}_{retargeting_id}&cm_id={campaign_id}_{gbid}_{banner_id}_{phrase_id}_{retargeting_id}_{source}_{source_type}_{campaign_type}_{addphrases}_{device_type}_{position_type}_{region_id}&region={region_id}&region_name={region_name},Смесители для ванны Hansgrohe белого цвета,Покупайте оригинальные смесители от бренда Hansgrohe с гарантией производителя!,,,,,,,
https://hansgrohe-russia.ru/smesiteli/smesiteli-dlya-vanny/shopby/hg_poverkhnost-matovyy_belyy?v=2#catalog?utm_medium=cpc&utm_source=ya_direct&utm_campaign={campaign_name}|{campaign_id}&utm_term={keyword}&utm_content=k50id|01000000{phrase_id}_{retargeting_id}|cid|{campaign_id}|gid|{gbid}|aid|{ad_id}|adp|{addphrases}|pos|{position_type}{position}|src|{source_type}_{source}|dvc|{device_type}|dop_0&k50id=01000000{phrase_id}_{retargeting_id}&cm_id={campaign_id}_{gbid}_{banner_id}_{phrase_id}_{retargeting_id}_{source}_{source_type}_{campaign_type}_{addphrases}_{device_type}_{position_type}_{region_id}&region={region_id}&region_name={region_name},Смесители для ванны Hansgrohe белого цвета,Оригинальные смесители Hansgrohe. Бесплатная доставка. Покупайте!,,,,,,,
https://hansgrohe-russia.ru/smesiteli/smesiteli-dlya-vanny/shopby/hg_poverkhnost-matovyy_belyy?v=3#catalog?utm_medium=cpc&utm_source=ya_direct&utm_campaign={campaign_name}|{campaign_id}&utm_term={keyword}&utm_content=k50id|01000000{phrase_id}_{retargeting_id}|cid|{campaign_id}|gid|{gbid}|aid|{ad_id}|adp|{addphrases}|pos|{position_type}{position}|src|{source_type}_{source}|dvc|{device_type}|dop_0&k50id=01000000{phrase_id}_{retargeting_id}&cm_id={campaign_id}_{gbid}_{banner_id}_{phrase_id}_{retargeting_id}_{source}_{source_type}_{campaign_type}_{addphrases}_{device_type}_{position_type}_{region_id}&region={region_id}&region_name={region_name},Смесители для ванны Hansgrohe белого цвета,Приобретайте смесители Hansgrohe с официальной гарантией. Доставка 0 руб!,,,,,,,
https://hansgrohe-russia.ru/smesiteli/smesiteli-dlya-vanny/shopby/hg_poverkhnost-matovyy_belyy?v=4#catalog?utm_medium=cpc&utm_source=ya_direct&utm_campaign={campaign_name}|{campaign_id}&utm_term={keyword}&utm_content=k50id|01000000{phrase_id}_{retargeting_id}|cid|{campaign_id}|gid|{gbid}|aid|{ad_id}|adp|{addphrases}|pos|{position_type}{position}|src|{source_type}_{source}|dvc|{device_type}|dop_0&k50id=01000000{phrase_id}_{retargeting_id}&cm_id={campaign_id}_{gbid}_{banner_id}_{phrase_id}_{retargeting_id}_{source}_{source_type}_{campaign_type}_{addphrases}_{device_type}_{position_type}_{region_id}&region={region_id}&region_name={region_name},Смесители для ванны Hansgrohe белого цвета,Оригинальные смесители Hansgrohe. Скидка 5% на покупку. Переходите на сайт!,,,,,,,
https://hansgrohe-russia.ru/smesiteli/smesiteli-dlya-vanny/shopby/hg_poverkhnost-matovyy_chernyy?utm_medium=cpc&utm_source=ya_direct&utm_campaign={campaign_name}|{campaign_id}&utm_term={keyword}&utm_content=k50id|01000000{phrase_id}_{retargeting_id}|cid|{campaign_id}|gid|{gbid}|aid|{ad_id}|adp|{addphrases}|pos|{position_type}{position}|src|{source_type}_{source}|dvc|{device_type}|dop_0&k50id=01000000{phrase_id}_{retargeting_id}&cm_id={campaign_id}_{gbid}_{banner_id}_{phrase_id}_{retargeting_id}_{source}_{source_type}_{campaign_type}_{addphrases}_{device_type}_{position_type}_{region_id}&region={region_id}&region_name={region_name}&v=1,Смесители для ванны Hansgrohe цвета черный мат,Покупайте оригинальные смесители от бренда Hansgrohe с гарантией производителя!,,,,,,,
https://hansgrohe-russia.ru/smesiteli/smesiteli-dlya-vanny/shopby/hg_poverkhnost-matovyy_chernyy?utm_medium=cpc&utm_source=ya_direct&utm_campaign={campaign_name}|{campaign_id}&utm_term={keyword}&utm_content=k50id|01000000{phrase_id}_{retargeting_id}|cid|{campaign_id}|gid|{gbid}|aid|{ad_id}|adp|{addphrases}|pos|{position_type}{position}|src|{source_type}_{source}|dvc|{device_type}|dop_0&k50id=01000000{phrase_id}_{retargeting_id}&cm_id={campaign_id}_{gbid}_{banner_id}_{phrase_id}_{retargeting_id}_{source}_{source_type}_{campaign_type}_{addphrases}_{device_type}_{position_type}_{region_id}&region={region_id}&region_name={region_name}&v=2,Смесители для ванны Hansgrohe цвета черный мат,Оригинальные смесители Hansgrohe. Бесплатная доставка. Покупайте!,,,,,,,
https://hansgrohe-russia.ru/smesiteli/smesiteli-dlya-vanny/shopby/hg_poverkhnost-matovyy_chernyy?utm_medium=cpc&utm_source=ya_direct&utm_campaign={campaign_name}|{campaign_id}&utm_term={keyword}&utm_content=k50id|01000000{phrase_id}_{retargeting_id}|cid|{campaign_id}|gid|{gbid}|aid|{ad_id}|adp|{addphrases}|pos|{position_type}{position}|src|{source_type}_{source}|dvc|{device_type}|dop_0&k50id=01000000{phrase_id}_{retargeting_id}&cm_id={campaign_id}_{gbid}_{banner_id}_{phrase_id}_{retargeting_id}_{source}_{source_type}_{campaign_type}_{addphrases}_{device_type}_{position_type}_{region_id}&region={region_id}&region_name={region_name}&v=3,Смесители для ванны Hansgrohe цвета черный мат,Приобретайте смесители Hansgrohe с официальной гарантией. Доставка 0 руб!,,,,,,,
https://hansgrohe-russia.ru/smesiteli/smesiteli-dlya-vanny/shopby/hg_poverkhnost-matovyy_chernyy?utm_medium=cpc&utm_source=ya_direct&utm_campaign={campaign_name}|{campaign_id}&utm_term={keyword}&utm_content=k50id|01000000{phrase_id}_{retargeting_id}|cid|{campaign_id}|gid|{gbid}|aid|{ad_id}|adp|{addphrases}|pos|{position_type}{position}|src|{source_type}_{source}|dvc|{device_type}|dop_0&k50id=01000000{phrase_id}_{retargeting_id}&cm_id={campaign_id}_{gbid}_{banner_id}_{phrase_id}_{retargeting_id}_{source}_{source_type}_{campaign_type}_{addphrases}_{device_type}_{position_type}_{region_id}&region={region_id}&region_name={region_name}&v=4,Смесители для ванны Hansgrohe цвета черный мат,Оригинальные смесители Hansgrohe. Скидка 5% на покупку. Переходите на сайт!,,,,,,,
https://hansgrohe-russia.ru/smesiteli/smesiteli-dlya-vanny/shopby/hg_poverkhnost-matovyy_chernyy-shlifovannyy_chernyy_hrom?v=1#catalog?utm_medium=cpc&utm_source=ya_direct&utm_campaign={campaign_name}|{campaign_id}&utm_term={keyword}&utm_content=k50id|01000000{phrase_id}_{retargeting_id}|cid|{campaign_id}|gid|{gbid}|aid|{ad_id}|adp|{addphrases}|pos|{position_type}{position}|src|{source_type}_{source}|dvc|{device_type}|dop_0&k50id=01000000{phrase_id}_{retargeting_id}&cm_id={campaign_id}_{gbid}_{banner_id}_{phrase_id}_{retargeting_id}_{source}_{source_type}_{campaign_type}_{addphrases}_{device_type}_{position_type}_{region_id}&region={region_id}&region_name={region_name},Смесители для ванны Hansgrohe черного цвета,Покупайте оригинальные смесители от бренда Hansgrohe с гарантией производителя!,,,,,,,
https://hansgrohe-russia.ru/smesiteli/smesiteli-dlya-vanny/shopby/hg_poverkhnost-matovyy_chernyy-shlifovannyy_chernyy_hrom?v=2#catalog?utm_medium=cpc&utm_source=ya_direct&utm_campaign={campaign_name}|{campaign_id}&utm_term={keyword}&utm_content=k50id|01000000{phrase_id}_{retargeting_id}|cid|{campaign_id}|gid|{gbid}|aid|{ad_id}|adp|{addphrases}|pos|{position_type}{position}|src|{source_type}_{source}|dvc|{device_type}|dop_0&k50id=01000000{phrase_id}_{retargeting_id}&cm_id={campaign_id}_{gbid}_{banner_id}_{phrase_id}_{retargeting_id}_{source}_{source_type}_{campaign_type}_{addphrases}_{device_type}_{position_type}_{region_id}&region={region_id}&region_name={region_name},Смесители для ванны Hansgrohe черного цвета,Оригинальные смесители Hansgrohe. Бесплатная доставка. Покупайте!,,,,,,,
https://hansgrohe-russia.ru/smesiteli/smesiteli-dlya-vanny/shopby/hg_poverkhnost-matovyy_chernyy-shlifovannyy_chernyy_hrom?v=3#catalog?utm_medium=cpc&utm_source=ya_direct&utm_campaign={campaign_name}|{campaign_id}&utm_term={keyword}&utm_content=k50id|01000000{phrase_id}_{retargeting_id}|cid|{campaign_id}|gid|{gbid}|aid|{ad_id}|adp|{addphrases}|pos|{position_type}{position}|src|{source_type}_{source}|dvc|{device_type}|dop_0&k50id=01000000{phrase_id}_{retargeting_id}&cm_id={campaign_id}_{gbid}_{banner_id}_{phrase_id}_{retargeting_id}_{source}_{source_type}_{campaign_type}_{addphrases}_{device_type}_{position_type}_{region_id}&region={region_id}&region_name={region_name},Смесители для ванны Hansgrohe черного цвета,Приобретайте смесители Hansgrohe с официальной гарантией. Доставка 0 руб!,,,,,,,
https://hansgrohe-russia.ru/smesiteli/smesiteli-dlya-vanny/shopby/hg_poverkhnost-matovyy_chernyy-shlifovannyy_chernyy_hrom?v=4#catalog?utm_medium=cpc&utm_source=ya_direct&utm_campaign={campaign_name}|{campaign_id}&utm_term={keyword}&utm_content=k50id|01000000{phrase_id}_{retargeting_id}|cid|{campaign_id}|gid|{gbid}|aid|{ad_id}|adp|{addphrases}|pos|{position_type}{position}|src|{source_type}_{source}|dvc|{device_type}|dop_0&k50id=01000000{phrase_id}_{retargeting_id}&cm_id={campaign_id}_{gbid}_{banner_id}_{phrase_id}_{retargeting_id}_{source}_{source_type}_{campaign_type}_{addphrases}_{device_type}_{position_type}_{region_id}&region={region_id}&region_name={region_name},Смесители для ванны Hansgrohe черного цвета,Оригинальные смесители Hansgrohe. Скидка 5% на покупку. Переходите на сайт!,,,,,,,
https://hansgrohe-russia.ru/smesiteli/smesiteli-na-bort-vanny?utm_medium=cpc&utm_source=ya_direct&utm_campaign={campaign_name}|{campaign_id}&utm_term={keyword}&utm_content=k50id|01000000{phrase_id}_{retargeting_id}|cid|{campaign_id}|gid|{gbid}|aid|{ad_id}|adp|{addphrases}|pos|{position_type}{position}|src|{source_type}_{source}|dvc|{device_type}|dop_0&k50id=01000000{phrase_id}_{retargeting_id}&cm_id={campaign_id}_{gbid}_{banner_id}_{phrase_id}_{retargeting_id}_{source}_{source_type}_{campaign_type}_{addphrases}_{device_type}_{position_type}_{region_id}&region={region_id}&region_name={region_name}&v=1,Смесители на борт ванны Hansgrohe,Покупайте оригинальные смесители от бренда Hansgrohe с гарантией производителя!,,,,,,,
https://hansgrohe-russia.ru/smesiteli/smesiteli-na-bort-vanny?utm_medium=cpc&utm_source=ya_direct&utm_campaign={campaign_name}|{campaign_id}&utm_term={keyword}&utm_content=k50id|01000000{phrase_id}_{retargeting_id}|cid|{campaign_id}|gid|{gbid}|aid|{ad_id}|adp|{addphrases}|pos|{position_type}{position}|src|{source_type}_{source}|dvc|{device_type}|dop_0&k50id=01000000{phrase_id}_{retargeting_id}&cm_id={campaign_id}_{gbid}_{banner_id}_{phrase_id}_{retargeting_id}_{source}_{source_type}_{campaign_type}_{addphrases}_{device_type}_{position_type}_{region_id}&region={region_id}&region_name={region_name}&v=2,Смесители на борт ванны Hansgrohe,Оригинальные смесители Hansgrohe. Бесплатная доставка. Покупайте!,,,,,,,
https://hansgrohe-russia.ru/smesiteli/smesiteli-na-bort-vanny?utm_medium=cpc&utm_source=ya_direct&utm_campaign={campaign_name}|{campaign_id}&utm_term={keyword}&utm_content=k50id|01000000{phrase_id}_{retargeting_id}|cid|{campaign_id}|gid|{gbid}|aid|{ad_id}|adp|{addphrases}|pos|{position_type}{position}|src|{source_type}_{source}|dvc|{device_type}|dop_0&k50id=01000000{phrase_id}_{retargeting_id}&cm_id={campaign_id}_{gbid}_{banner_id}_{phrase_id}_{retargeting_id}_{source}_{source_type}_{campaign_type}_{addphrases}_{device_type}_{position_type}_{region_id}&region={region_id}&region_name={region_name}&v=3,Смесители на борт ванны Hansgrohe,Приобретайте смесители Hansgrohe с официальной гарантией. Доставка 0 руб!,,,,,,,
https://hansgrohe-russia.ru/smesiteli/smesiteli-na-bort-vanny?utm_medium=cpc&utm_source=ya_direct&utm_campaign={campaign_name}|{campaign_id}&utm_term={keyword}&utm_content=k50id|01000000{phrase_id}_{retargeting_id}|cid|{campaign_id}|gid|{gbid}|aid|{ad_id}|adp|{addphrases}|pos|{position_type}{position}|src|{source_type}_{source}|dvc|{device_type}|dop_0&k50id=01000000{phrase_id}_{retargeting_id}&cm_id={campaign_id}_{gbid}_{banner_id}_{phrase_id}_{retargeting_id}_{source}_{source_type}_{campaign_type}_{addphrases}_{device_type}_{position_type}_{region_id}&region={region_id}&region_name={region_name}&v=4,Смесители на борт ванны Hansgrohe,Оригинальные смесители Hansgrohe. Скидка 5% на покупку. Переходите на сайт!,,,,,,,
https://hansgrohe-russia.ru/smesiteli/smesiteli-na-bort-vanny/shopby/hg_poverkhnost-matovyy_chernyy-shlifovannyy_chernyy_hrom?v=1#catalog?utm_medium=cpc&utm_source=ya_direct&utm_campaign={campaign_name}|{campaign_id}&utm_term={keyword}&utm_content=k50id|01000000{phrase_id}_{retargeting_id}|cid|{campaign_id}|gid|{gbid}|aid|{ad_id}|adp|{addphrases}|pos|{position_type}{position}|src|{source_type}_{source}|dvc|{device_type}|dop_0&k50id=01000000{phrase_id}_{retargeting_id}&cm_id={campaign_id}_{gbid}_{banner_id}_{phrase_id}_{retargeting_id}_{source}_{source_type}_{campaign_type}_{addphrases}_{device_type}_{position_type}_{region_id}&region={region_id}&region_name={region_name},Смесители на борт ванны Hansgrohe черного цвета,Покупайте оригинальные смесители от бренда Hansgrohe с гарантией производителя!,,,,,,,
https://hansgrohe-russia.ru/smesiteli/smesiteli-na-bort-vanny/shopby/hg_poverkhnost-matovyy_chernyy-shlifovannyy_chernyy_hrom?v=2#catalog?utm_medium=cpc&utm_source=ya_direct&utm_campaign={campaign_name}|{campaign_id}&utm_term={keyword}&utm_content=k50id|01000000{phrase_id}_{retargeting_id}|cid|{campaign_id}|gid|{gbid}|aid|{ad_id}|adp|{addphrases}|pos|{position_type}{position}|src|{source_type}_{source}|dvc|{device_type}|dop_0&k50id=01000000{phrase_id}_{retargeting_id}&cm_id={campaign_id}_{gbid}_{banner_id}_{phrase_id}_{retargeting_id}_{source}_{source_type}_{campaign_type}_{addphrases}_{device_type}_{position_type}_{region_id}&region={region_id}&region_name={region_name},Смесители на борт ванны Hansgrohe черного цвета,Оригинальные смесители Hansgrohe. Бесплатная доставка. Покупайте!,,,,,,,
https://hansgrohe-russia.ru/smesiteli/smesiteli-na-bort-vanny/shopby/hg_poverkhnost-matovyy_chernyy-shlifovannyy_chernyy_hrom?v=3#catalog?utm_medium=cpc&utm_source=ya_direct&utm_campaign={campaign_name}|{campaign_id}&utm_term={keyword}&utm_content=k50id|01000000{phrase_id}_{retargeting_id}|cid|{campaign_id}|gid|{gbid}|aid|{ad_id}|adp|{addphrases}|pos|{position_type}{position}|src|{source_type}_{source}|dvc|{device_type}|dop_0&k50id=01000000{phrase_id}_{retargeting_id}&cm_id={campaign_id}_{gbid}_{banner_id}_{phrase_id}_{retargeting_id}_{source}_{source_type}_{campaign_type}_{addphrases}_{device_type}_{position_type}_{region_id}&region={region_id}&region_name={region_name},Смесители на борт ванны Hansgrohe черного цвета,Приобретайте смесители Hansgrohe с официальной гарантией. Доставка 0 руб!,,,,,,,
https://hansgrohe-russia.ru/smesiteli/smesiteli-na-bort-vanny/shopby/hg_poverkhnost-matovyy_chernyy-shlifovannyy_chernyy_hrom?v=4#catalog?utm_medium=cpc&utm_source=ya_direct&utm_campaign={campaign_name}|{campaign_id}&utm_term={keyword}&utm_content=k50id|01000000{phrase_id}_{retargeting_id}|cid|{campaign_id}|gid|{gbid}|aid|{ad_id}|adp|{addphrases}|pos|{position_type}{position}|src|{source_type}_{source}|dvc|{device_type}|dop_0&k50id=01000000{phrase_id}_{retargeting_id}&cm_id={campaign_id}_{gbid}_{banner_id}_{phrase_id}_{retargeting_id}_{source}_{source_type}_{campaign_type}_{addphrases}_{device_type}_{position_type}_{region_id}&region={region_id}&region_name={region_name},Смесители на борт ванны Hansgrohe черного цвета,Оригинальные смесители Hansgrohe. Скидка 5% на покупку. Переходите на сайт!,,,,,,,
https://hansgrohe-russia.ru/smesiteli/termostaticheskie-smesiteli-dlya-dusha?utm_medium=cpc&utm_source=ya_direct&utm_campaign={campaign_name}|{campaign_id}&utm_term={keyword}&utm_content=k50id|01000000{phrase_id}_{retargeting_id}|cid|{campaign_id}|gid|{gbid}|aid|{ad_id}|adp|{addphrases}|pos|{position_type}{position}|src|{source_type}_{source}|dvc|{device_type}|dop_0&k50id=01000000{phrase_id}_{retargeting_id}&cm_id={campaign_id}_{gbid}_{banner_id}_{phrase_id}_{retargeting_id}_{source}_{source_type}_{campaign_type}_{addphrases}_{device_type}_{position_type}_{region_id}&region={region_id}&region_name={region_name}&v=1,Душ с термостатом Hansgrohe. Доставка по всей России!,Покупайте оригинальные смесители от бренда Hansgrohe с гарантией производителя!,,,,,,,
https://hansgrohe-russia.ru/smesiteli/termostaticheskie-smesiteli-dlya-dusha?utm_medium=cpc&utm_source=ya_direct&utm_campaign={campaign_name}|{campaign_id}&utm_term={keyword}&utm_content=k50id|01000000{phrase_id}_{retargeting_id}|cid|{campaign_id}|gid|{gbid}|aid|{ad_id}|adp|{addphrases}|pos|{position_type}{position}|src|{source_type}_{source}|dvc|{device_type}|dop_0&k50id=01000000{phrase_id}_{retargeting_id}&cm_id={campaign_id}_{gbid}_{banner_id}_{phrase_id}_{retargeting_id}_{source}_{source_type}_{campaign_type}_{addphrases}_{device_type}_{position_type}_{region_id}&region={region_id}&region_name={region_name}&v=2,Душ с термостатом Hansgrohe,Оригинальные смесители Hansgrohe. Бесплатная доставка. Покупайте!,,,,,,,
https://hansgrohe-russia.ru/smesiteli/termostaticheskie-smesiteli-dlya-dusha?utm_medium=cpc&utm_source=ya_direct&utm_campaign={campaign_name}|{campaign_id}&utm_term={keyword}&utm_content=k50id|01000000{phrase_id}_{retargeting_id}|cid|{campaign_id}|gid|{gbid}|aid|{ad_id}|adp|{addphrases}|pos|{position_type}{position}|src|{source_type}_{source}|dvc|{device_type}|dop_0&k50id=01000000{phrase_id}_{retargeting_id}&cm_id={campaign_id}_{gbid}_{banner_id}_{phrase_id}_{retargeting_id}_{source}_{source_type}_{campaign_type}_{addphrases}_{device_type}_{position_type}_{region_id}&region={region_id}&region_name={region_name}&v=3,Душ с термостатом Hansgrohe. Оригинальная продукция,Приобретайте смесители Hansgrohe с официальной гарантией. Доставка 0 руб!,,,,,,,
https://hansgrohe-russia.ru/smesiteli/termostaticheskie-smesiteli-dlya-dusha?utm_medium=cpc&utm_source=ya_direct&utm_campaign={campaign_name}|{campaign_id}&utm_term={keyword}&utm_content=k50id|01000000{phrase_id}_{retargeting_id}|cid|{campaign_id}|gid|{gbid}|aid|{ad_id}|adp|{addphrases}|pos|{position_type}{position}|src|{source_type}_{source}|dvc|{device_type}|dop_0&k50id=01000000{phrase_id}_{retargeting_id}&cm_id={campaign_id}_{gbid}_{banner_id}_{phrase_id}_{retargeting_id}_{source}_{source_type}_{campaign_type}_{addphrases}_{device_type}_{position_type}_{region_id}&region={region_id}&region_name={region_name}&v=4,Душ с термостатом Hansgrohe. Суперцены каждый день!,Оригинальные смесители Hansgrohe. Скидка 5% на покупку. Переходите на сайт!,,,,,,,
https://hansgrohe-russia.ru/smesiteli/termostaticheskie-smesiteli-dlya-dusha?utm_medium=cpc&utm_source=ya_direct&utm_campaign={campaign_name}|{campaign_id}&utm_term={keyword}&utm_content=k50id|01000000{phrase_id}_{retargeting_id}|cid|{campaign_id}|gid|{gbid}|aid|{ad_id}|adp|{addphrases}|pos|{position_type}{position}|src|{source_type}_{source}|dvc|{device_type}|dop_0&k50id=01000000{phrase_id}_{retargeting_id}&cm_id={campaign_id}_{gbid}_{banner_id}_{phrase_id}_{retargeting_id}_{source}_{source_type}_{campaign_type}_{addphrases}_{device_type}_{position_type}_{region_id}&region={region_id}&region_name={region_name}&v=5,Души с термостатом Hansgrohe. Доставка по всей России!,Покупайте оригинальные смесители от бренда Hansgrohe с гарантией производителя!,,,,,,,
https://hansgrohe-russia.ru/smesiteli/termostaticheskie-smesiteli-dlya-dusha?utm_medium=cpc&utm_source=ya_direct&utm_campaign={campaign_name}|{campaign_id}&utm_term={keyword}&utm_content=k50id|01000000{phrase_id}_{retargeting_id}|cid|{campaign_id}|gid|{gbid}|aid|{ad_id}|adp|{addphrases}|pos|{position_type}{position}|src|{source_type}_{source}|dvc|{device_type}|dop_0&k50id=01000000{phrase_id}_{retargeting_id}&cm_id={campaign_id}_{gbid}_{banner_id}_{phrase_id}_{retargeting_id}_{source}_{source_type}_{campaign_type}_{addphrases}_{device_type}_{position_type}_{region_id}&region={region_id}&region_name={region_name}&v=6,Души с термостатом Hansgrohe,Оригинальные смесители Hansgrohe. Бесплатная доставка. Покупайте!,,,,,,,
https://hansgrohe-russia.ru/smesiteli/termostaticheskie-smesiteli-dlya-dusha?utm_medium=cpc&utm_source=ya_direct&utm_campaign={campaign_name}|{campaign_id}&utm_term={keyword}&utm_content=k50id|01000000{phrase_id}_{retargeting_id}|cid|{campaign_id}|gid|{gbid}|aid|{ad_id}|adp|{addphrases}|pos|{position_type}{position}|src|{source_type}_{source}|dvc|{device_type}|dop_0&k50id=01000000{phrase_id}_{retargeting_id}&cm_id={campaign_id}_{gbid}_{banner_id}_{phrase_id}_{retargeting_id}_{source}_{source_type}_{campaign_type}_{addphrases}_{device_type}_{position_type}_{region_id}&region={region_id}&region_name={region_name}&v=7,Души с термостатом Hansgrohe. Оригинальная продукция,Приобретайте смесители Hansgrohe с официальной гарантией. Доставка 0 руб!,,,,,,,
https://hansgrohe-russia.ru/smesiteli/termostaticheskie-smesiteli-dlya-dusha?utm_medium=cpc&utm_source=ya_direct&utm_campaign={campaign_name}|{campaign_id}&utm_term={keyword}&utm_content=k50id|01000000{phrase_id}_{retargeting_id}|cid|{campaign_id}|gid|{gbid}|aid|{ad_id}|adp|{addphrases}|pos|{position_type}{position}|src|{source_type}_{source}|dvc|{device_type}|dop_0&k50id=01000000{phrase_id}_{retargeting_id}&cm_id={campaign_id}_{gbid}_{banner_id}_{phrase_id}_{retargeting_id}_{source}_{source_type}_{campaign_type}_{addphrases}_{device_type}_{position_type}_{region_id}&region={region_id}&region_name={region_name}&v=8,Души с термостатом Hansgrohe. Суперцены каждый день!,Оригинальные смесители Hansgrohe. Скидка 5% на покупку. Переходите на сайт!,,,,,,,
https://hansgrohe-russia.ru/smesiteli/termostaticheskie-smesiteli-dlya-dusha?utm_medium=cpc&utm_source=ya_direct&utm_campaign={campaign_name}|{campaign_id}&utm_term={keyword}&utm_content=k50id|01000000{phrase_id}_{retargeting_id}|cid|{campaign_id}|gid|{gbid}|aid|{ad_id}|adp|{addphrases}|pos|{position_type}{position}|src|{source_type}_{source}|dvc|{device_type}|dop_0&k50id=01000000{phrase_id}_{retargeting_id}&cm_id={campaign_id}_{gbid}_{banner_id}_{phrase_id}_{retargeting_id}_{source}_{source_type}_{campaign_type}_{addphrases}_{device_type}_{position_type}_{region_id}&region={region_id}&region_name={region_name}&v=9,Термостатические смесители для душа Hansgrohe,Покупайте оригинальные смесители от бренда Hansgrohe с гарантией производителя!,,,,,,,
https://hansgrohe-russia.ru/smesiteli/termostaticheskie-smesiteli-dlya-dusha?utm_medium=cpc&utm_source=ya_direct&utm_campaign={campaign_name}|{campaign_id}&utm_term={keyword}&utm_content=k50id|01000000{phrase_id}_{retargeting_id}|cid|{campaign_id}|gid|{gbid}|aid|{ad_id}|adp|{addphrases}|pos|{position_type}{position}|src|{source_type}_{source}|dvc|{device_type}|dop_0&k50id=01000000{phrase_id}_{retargeting_id}&cm_id={campaign_id}_{gbid}_{banner_id}_{phrase_id}_{retargeting_id}_{source}_{source_type}_{campaign_type}_{addphrases}_{device_type}_{position_type}_{region_id}&region={region_id}&region_name={region_name}&v=10,Термостатические смесители для душа Hansgrohe,Оригинальные смесители Hansgrohe. Бесплатная доставка. Покупайте!,,,,,,,
https://hansgrohe-russia.ru/smesiteli/termostaticheskie-smesiteli-dlya-dusha?utm_medium=cpc&utm_source=ya_direct&utm_campaign={campaign_name}|{campaign_id}&utm_term={keyword}&utm_content=k50id|01000000{phrase_id}_{retargeting_id}|cid|{campaign_id}|gid|{gbid}|aid|{ad_id}|adp|{addphrases}|pos|{position_type}{position}|src|{source_type}_{source}|dvc|{device_type}|dop_0&k50id=01000000{phrase_id}_{retargeting_id}&cm_id={campaign_id}_{gbid}_{banner_id}_{phrase_id}_{retargeting_id}_{source}_{source_type}_{campaign_type}_{addphrases}_{device_type}_{position_type}_{region_id}&region={region_id}&region_name={region_name}&v=11,Термостатические смесители для душа Hansgrohe,Приобретайте смесители Hansgrohe с официальной гарантией. Доставка 0 руб!,,,,,,,
https://hansgrohe-russia.ru/smesiteli/termostaticheskie-smesiteli-dlya-dusha?utm_medium=cpc&utm_source=ya_direct&utm_campaign={campaign_name}|{campaign_id}&utm_term={keyword}&utm_content=k50id|01000000{phrase_id}_{retargeting_id}|cid|{campaign_id}|gid|{gbid}|aid|{ad_id}|adp|{addphrases}|pos|{position_type}{position}|src|{source_type}_{source}|dvc|{device_type}|dop_0&k50id=01000000{phrase_id}_{retargeting_id}&cm_id={campaign_id}_{gbid}_{banner_id}_{phrase_id}_{retargeting_id}_{source}_{source_type}_{campaign_type}_{addphrases}_{device_type}_{position_type}_{region_id}&region={region_id}&region_name={region_name}&v=12,Термостатические смесители для душа Hansgrohe,Оригинальные смесители Hansgrohe. Скидка 5% на покупку. Переходите на сайт!,,,,,,,
https://hansgrohe-russia.ru/smesiteli/termostaticheskie-smesiteli-dlya-vanny?utm_medium=cpc&utm_source=ya_direct&utm_campaign={campaign_name}|{campaign_id}&utm_term={keyword}&utm_content=k50id|01000000{phrase_id}_{retargeting_id}|cid|{campaign_id}|gid|{gbid}|aid|{ad_id}|adp|{addphrases}|pos|{position_type}{position}|src|{source_type}_{source}|dvc|{device_type}|dop_0&k50id=01000000{phrase_id}_{retargeting_id}&cm_id={campaign_id}_{gbid}_{banner_id}_{phrase_id}_{retargeting_id}_{source}_{source_type}_{campaign_type}_{addphrases}_{device_type}_{position_type}_{region_id}&region={region_id}&region_name={region_name}&v=1,Смесители для ванны с термостатом Hansgrohe,Покупайте оригинальные смесители от бренда Hansgrohe с гарантией производителя!,,,,,,,
https://hansgrohe-russia.ru/smesiteli/termostaticheskie-smesiteli-dlya-vanny?utm_medium=cpc&utm_source=ya_direct&utm_campaign={campaign_name}|{campaign_id}&utm_term={keyword}&utm_content=k50id|01000000{phrase_id}_{retargeting_id}|cid|{campaign_id}|gid|{gbid}|aid|{ad_id}|adp|{addphrases}|pos|{position_type}{position}|src|{source_type}_{source}|dvc|{device_type}|dop_0&k50id=01000000{phrase_id}_{retargeting_id}&cm_id={campaign_id}_{gbid}_{banner_id}_{phrase_id}_{retargeting_id}_{source}_{source_type}_{campaign_type}_{addphrases}_{device_type}_{position_type}_{region_id}&region={region_id}&region_name={region_name}&v=2,Смесители для ванны с термостатом Hansgrohe,Оригинальные смесители Hansgrohe. Бесплатная доставка. Покупайте!,,,,,,,
https://hansgrohe-russia.ru/smesiteli/termostaticheskie-smesiteli-dlya-vanny?utm_medium=cpc&utm_source=ya_direct&utm_campaign={campaign_name}|{campaign_id}&utm_term={keyword}&utm_content=k50id|01000000{phrase_id}_{retargeting_id}|cid|{campaign_id}|gid|{gbid}|aid|{ad_id}|adp|{addphrases}|pos|{position_type}{position}|src|{source_type}_{source}|dvc|{device_type}|dop_0&k50id=01000000{phrase_id}_{retargeting_id}&cm_id={campaign_id}_{gbid}_{banner_id}_{phrase_id}_{retargeting_id}_{source}_{source_type}_{campaign_type}_{addphrases}_{device_type}_{position_type}_{region_id}&region={region_id}&region_name={region_name}&v=3,Смесители для ванны с термостатом Hansgrohe,Приобретайте смесители Hansgrohe с официальной гарантией. Доставка 0 руб!,,,,,,,
https://hansgrohe-russia.ru/smesiteli/termostaticheskie-smesiteli-dlya-vanny?utm_medium=cpc&utm_source=ya_direct&utm_campaign={campaign_name}|{campaign_id}&utm_term={keyword}&utm_content=k50id|01000000{phrase_id}_{retargeting_id}|cid|{campaign_id}|gid|{gbid}|aid|{ad_id}|adp|{addphrases}|pos|{position_type}{position}|src|{source_type}_{source}|dvc|{device_type}|dop_0&k50id=01000000{phrase_id}_{retargeting_id}&cm_id={campaign_id}_{gbid}_{banner_id}_{phrase_id}_{retargeting_id}_{source}_{source_type}_{campaign_type}_{addphrases}_{device_type}_{position_type}_{region_id}&region={region_id}&region_name={region_name}&v=4,Смесители для ванны с термостатом Hansgrohe,Оригинальные смесители Hansgrohe. Скидка 5% на покупку. Переходите на сайт!,,,,,,,
https://hansgrohe-russia.ru/smesiteli/termostaticheskie-smesiteli-dlya-vanny?utm_medium=cpc&utm_source=ya_direct&utm_campaign={campaign_name}|{campaign_id}&utm_term={keyword}&utm_content=k50id|01000000{phrase_id}_{retargeting_id}|cid|{campaign_id}|gid|{gbid}|aid|{ad_id}|adp|{addphrases}|pos|{position_type}{position}|src|{source_type}_{source}|dvc|{device_type}|dop_0&k50id=01000000{phrase_id}_{retargeting_id}&cm_id={campaign_id}_{gbid}_{banner_id}_{phrase_id}_{retargeting_id}_{source}_{source_type}_{campaign_type}_{addphrases}_{device_type}_{position_type}_{region_id}&region={region_id}&region_name={region_name}&v=5,Термостатические смесители для ванны Hansgrohe,Покупайте оригинальные смесители от бренда Hansgrohe с гарантией производителя!,,,,,,,
https://hansgrohe-russia.ru/smesiteli/termostaticheskie-smesiteli-dlya-vanny?utm_medium=cpc&utm_source=ya_direct&utm_campaign={campaign_name}|{campaign_id}&utm_term={keyword}&utm_content=k50id|01000000{phrase_id}_{retargeting_id}|cid|{campaign_id}|gid|{gbid}|aid|{ad_id}|adp|{addphrases}|pos|{position_type}{position}|src|{source_type}_{source}|dvc|{device_type}|dop_0&k50id=01000000{phrase_id}_{retargeting_id}&cm_id={campaign_id}_{gbid}_{banner_id}_{phrase_id}_{retargeting_id}_{source}_{source_type}_{campaign_type}_{addphrases}_{device_type}_{position_type}_{region_id}&region={region_id}&region_name={region_name}&v=6,Термостатические смесители для ванны Hansgrohe,Оригинальные смесители Hansgrohe. Бесплатная доставка. Покупайте!,,,,,,,
https://hansgrohe-russia.ru/smesiteli/termostaticheskie-smesiteli-dlya-vanny?utm_medium=cpc&utm_source=ya_direct&utm_campaign={campaign_name}|{campaign_id}&utm_term={keyword}&utm_content=k50id|01000000{phrase_id}_{retargeting_id}|cid|{campaign_id}|gid|{gbid}|aid|{ad_id}|adp|{addphrases}|pos|{position_type}{position}|src|{source_type}_{source}|dvc|{device_type}|dop_0&k50id=01000000{phrase_id}_{retargeting_id}&cm_id={campaign_id}_{gbid}_{banner_id}_{phrase_id}_{retargeting_id}_{source}_{source_type}_{campaign_type}_{addphrases}_{device_type}_{position_type}_{region_id}&region={region_id}&region_name={region_name}&v=7,Термостатические смесители для ванны Hansgrohe,Приобретайте смесители Hansgrohe с официальной гарантией. Доставка 0 руб!,,,,,,,
https://hansgrohe-russia.ru/smesiteli/termostaticheskie-smesiteli-dlya-vanny?utm_medium=cpc&utm_source=ya_direct&utm_campaign={campaign_name}|{campaign_id}&utm_term={keyword}&utm_content=k50id|01000000{phrase_id}_{retargeting_id}|cid|{campaign_id}|gid|{gbid}|aid|{ad_id}|adp|{addphrases}|pos|{position_type}{position}|src|{source_type}_{source}|dvc|{device_type}|dop_0&k50id=01000000{phrase_id}_{retargeting_id}&cm_id={campaign_id}_{gbid}_{banner_id}_{phrase_id}_{retargeting_id}_{source}_{source_type}_{campaign_type}_{addphrases}_{device_type}_{position_type}_{region_id}&region={region_id}&region_name={region_name}&v=8,Термостатические смесители для ванны Hansgrohe,Оригинальные смесители Hansgrohe. Скидка 5% на покупку. Переходите на сайт!,,,,,,,
https://hansgrohe-russia.ru/vstraivaemyy-montazh/vstraivaemye-smesiteli-i-termostaty-dlya-dusha?utm_medium=cpc&utm_source=ya_direct&utm_campaign={campaign_name}|{campaign_id}&utm_term={keyword}&utm_content=k50id|01000000{phrase_id}_{retargeting_id}|cid|{campaign_id}|gid|{gbid}|aid|{ad_id}|adp|{addphrases}|pos|{position_type}{position}|src|{source_type}_{source}|dvc|{device_type}|dop_0&k50id=01000000{phrase_id}_{retargeting_id}&cm_id={campaign_id}_{gbid}_{banner_id}_{phrase_id}_{retargeting_id}_{source}_{source_type}_{campaign_type}_{addphrases}_{device_type}_{position_type}_{region_id}&region={region_id}&region_name={region_name}&v=1,Смесители для душа c термостатом Hansgrohe,Покупайте оригинальные смесители от бренда Hansgrohe с гарантией производителя!,,,,,,,
https://hansgrohe-russia.ru/vstraivaemyy-montazh/vstraivaemye-smesiteli-i-termostaty-dlya-dusha?utm_medium=cpc&utm_source=ya_direct&utm_campaign={campaign_name}|{campaign_id}&utm_term={keyword}&utm_content=k50id|01000000{phrase_id}_{retargeting_id}|cid|{campaign_id}|gid|{gbid}|aid|{ad_id}|adp|{addphrases}|pos|{position_type}{position}|src|{source_type}_{source}|dvc|{device_type}|dop_0&k50id=01000000{phrase_id}_{retargeting_id}&cm_id={campaign_id}_{gbid}_{banner_id}_{phrase_id}_{retargeting_id}_{source}_{source_type}_{campaign_type}_{addphrases}_{device_type}_{position_type}_{region_id}&region={region_id}&region_name={region_name}&v=2,Смесители для душа c термостатом Hansgrohe,Оригинальные смесители Hansgrohe. Бесплатная доставка. Покупайте!,,,,,,,
https://hansgrohe-russia.ru/vstraivaemyy-montazh/vstraivaemye-smesiteli-i-termostaty-dlya-dusha?utm_medium=cpc&utm_source=ya_direct&utm_campaign={campaign_name}|{campaign_id}&utm_term={keyword}&utm_content=k50id|01000000{phrase_id}_{retargeting_id}|cid|{campaign_id}|gid|{gbid}|aid|{ad_id}|adp|{addphrases}|pos|{position_type}{position}|src|{source_type}_{source}|dvc|{device_type}|dop_0&k50id=01000000{phrase_id}_{retargeting_id}&cm_id={campaign_id}_{gbid}_{banner_id}_{phrase_id}_{retargeting_id}_{source}_{source_type}_{campaign_type}_{addphrases}_{device_type}_{position_type}_{region_id}&region={region_id}&region_name={region_name}&v=3,Смесители для душа c термостатом Hansgrohe,Приобретайте смесители Hansgrohe с официальной гарантией. Доставка 0 руб!,,,,,,,
https://hansgrohe-russia.ru/vstraivaemyy-montazh/vstraivaemye-smesiteli-i-termostaty-dlya-dusha?utm_medium=cpc&utm_source=ya_direct&utm_campaign={campaign_name}|{campaign_id}&utm_term={keyword}&utm_content=k50id|01000000{phrase_id}_{retargeting_id}|cid|{campaign_id}|gid|{gbid}|aid|{ad_id}|adp|{addphrases}|pos|{position_type}{position}|src|{source_type}_{source}|dvc|{device_type}|dop_0&k50id=01000000{phrase_id}_{retargeting_id}&cm_id={campaign_id}_{gbid}_{banner_id}_{phrase_id}_{retargeting_id}_{source}_{source_type}_{campaign_type}_{addphrases}_{device_type}_{position_type}_{region_id}&region={region_id}&region_name={region_name}&v=4,Смесители для душа c термостатом Hansgrohe,Оригинальные смесители Hansgrohe. Скидка 5% на покупку. Переходите на сайт!,,,,,,,
https://hansgrohe-russia.ru/kollektsii/focus/shopby/hg_tip-smesiteli_dlya_kuhonnoy_moyki-smesiteli_dlya_rakoviny-smesitel_dlya_rakoviny_i_gigienicheskiy_dush?v=1#catalog?utm_medium=cpc&utm_source=ya_direct&utm_campaign={campaign_name}|{campaign_id}&utm_term={keyword}&utm_content=k50id|01000000{phrase_id}_{retargeting_id}|cid|{campaign_id}|gid|{gbid}|aid|{ad_id}|adp|{addphrases}|pos|{position_type}{position}|src|{source_type}_{source}|dvc|{device_type}|dop_0&k50id=01000000{phrase_id}_{retargeting_id}&cm_id={campaign_id}_{gbid}_{banner_id}_{phrase_id}_{retargeting_id}_{source}_{source_type}_{campaign_type}_{addphrases}_{device_type}_{position_type}_{region_id}&region={region_id}&region_name={region_name},Hansgrohe для раковины Focus. Доставка по всей России!,Покупайте оригинальные смесители от бренда Hansgrohe с гарантией производителя!,,,,,,,
https://hansgrohe-russia.ru/kollektsii/focus/shopby/hg_tip-smesiteli_dlya_kuhonnoy_moyki-smesiteli_dlya_rakoviny-smesitel_dlya_rakoviny_i_gigienicheskiy_dush?v=2#catalog?utm_medium=cpc&utm_source=ya_direct&utm_campaign={campaign_name}|{campaign_id}&utm_term={keyword}&utm_content=k50id|01000000{phrase_id}_{retargeting_id}|cid|{campaign_id}|gid|{gbid}|aid|{ad_id}|adp|{addphrases}|pos|{position_type}{position}|src|{source_type}_{source}|dvc|{device_type}|dop_0&k50id=01000000{phrase_id}_{retargeting_id}&cm_id={campaign_id}_{gbid}_{banner_id}_{phrase_id}_{retargeting_id}_{source}_{source_type}_{campaign_type}_{addphrases}_{device_type}_{position_type}_{region_id}&region={region_id}&region_name={region_name},Hansgrohe для раковины Focus,Оригинальные смесители Hansgrohe. Бесплатная доставка. Покупайте!,,,,,,,
https://hansgrohe-russia.ru/kollektsii/focus/shopby/hg_tip-smesiteli_dlya_kuhonnoy_moyki-smesiteli_dlya_rakoviny-smesitel_dlya_rakoviny_i_gigienicheskiy_dush?v=3#catalog?utm_medium=cpc&utm_source=ya_direct&utm_campaign={campaign_name}|{campaign_id}&utm_term={keyword}&utm_content=k50id|01000000{phrase_id}_{retargeting_id}|cid|{campaign_id}|gid|{gbid}|aid|{ad_id}|adp|{addphrases}|pos|{position_type}{position}|src|{source_type}_{source}|dvc|{device_type}|dop_0&k50id=01000000{phrase_id}_{retargeting_id}&cm_id={campaign_id}_{gbid}_{banner_id}_{phrase_id}_{retargeting_id}_{source}_{source_type}_{campaign_type}_{addphrases}_{device_type}_{position_type}_{region_id}&region={region_id}&region_name={region_name},Hansgrohe для раковины Focus. Оригинальная продукция,Приобретайте смесители Hansgrohe с официальной гарантией. Доставка 0 руб!,,,,,,,
https://hansgrohe-russia.ru/kollektsii/focus/shopby/hg_tip-smesiteli_dlya_kuhonnoy_moyki-smesiteli_dlya_rakoviny-smesitel_dlya_rakoviny_i_gigienicheskiy_dush?v=4#catalog?utm_medium=cpc&utm_source=ya_direct&utm_campaign={campaign_name}|{campaign_id}&utm_term={keyword}&utm_content=k50id|01000000{phrase_id}_{retargeting_id}|cid|{campaign_id}|gid|{gbid}|aid|{ad_id}|adp|{addphrases}|pos|{position_type}{position}|src|{source_type}_{source}|dvc|{device_type}|dop_0&k50id=01000000{phrase_id}_{retargeting_id}&cm_id={campaign_id}_{gbid}_{banner_id}_{phrase_id}_{retargeting_id}_{source}_{source_type}_{campaign_type}_{addphrases}_{device_type}_{position_type}_{region_id}&region={region_id}&region_name={region_name},Hansgrohe для раковины Focus. Суперцены каждый день!,Оригинальные смесители Hansgrohe. Скидка 5% на покупку. Переходите на сайт!,,,,,,,
https://hansgrohe-russia.ru/kollektsii/focus/shopby/hg_tip-smesiteli_dlya_kuhonnoy_moyki-smesiteli_dlya_rakoviny-smesitel_dlya_rakoviny_i_gigienicheskiy_dush?v=5#catalog?utm_medium=cpc&utm_source=ya_direct&utm_campaign={campaign_name}|{campaign_id}&utm_term={keyword}&utm_content=k50id|01000000{phrase_id}_{retargeting_id}|cid|{campaign_id}|gid|{gbid}|aid|{ad_id}|adp|{addphrases}|pos|{position_type}{position}|src|{source_type}_{source}|dvc|{device_type}|dop_0&k50id=01000000{phrase_id}_{retargeting_id}&cm_id={campaign_id}_{gbid}_{banner_id}_{phrase_id}_{retargeting_id}_{source}_{source_type}_{campaign_type}_{addphrases}_{device_type}_{position_type}_{region_id}&region={region_id}&region_name={region_name},Hansgrohe для раковины Focus E2,Покупайте оригинальные смесители от бренда Hansgrohe с гарантией производителя!,,,,,,,
https://hansgrohe-russia.ru/kollektsii/focus/shopby/hg_tip-smesiteli_dlya_kuhonnoy_moyki-smesiteli_dlya_rakoviny-smesitel_dlya_rakoviny_i_gigienicheskiy_dush?v=6#catalog?utm_medium=cpc&utm_source=ya_direct&utm_campaign={campaign_name}|{campaign_id}&utm_term={keyword}&utm_content=k50id|01000000{phrase_id}_{retargeting_id}|cid|{campaign_id}|gid|{gbid}|aid|{ad_id}|adp|{addphrases}|pos|{position_type}{position}|src|{source_type}_{source}|dvc|{device_type}|dop_0&k50id=01000000{phrase_id}_{retargeting_id}&cm_id={campaign_id}_{gbid}_{banner_id}_{phrase_id}_{retargeting_id}_{source}_{source_type}_{campaign_type}_{addphrases}_{device_type}_{position_type}_{region_id}&region={region_id}&region_name={region_name},Hansgrohe для раковины Focus E2,Оригинальные смесители Hansgrohe. Бесплатная доставка. Покупайте!,,,,,,,
https://hansgrohe-russia.ru/kollektsii/focus/shopby/hg_tip-smesiteli_dlya_kuhonnoy_moyki-smesiteli_dlya_rakoviny-smesitel_dlya_rakoviny_i_gigienicheskiy_dush?v=7#catalog?utm_medium=cpc&utm_source=ya_direct&utm_campaign={campaign_name}|{campaign_id}&utm_term={keyword}&utm_content=k50id|01000000{phrase_id}_{retargeting_id}|cid|{campaign_id}|gid|{gbid}|aid|{ad_id}|adp|{addphrases}|pos|{position_type}{position}|src|{source_type}_{source}|dvc|{device_type}|dop_0&k50id=01000000{phrase_id}_{retargeting_id}&cm_id={campaign_id}_{gbid}_{banner_id}_{phrase_id}_{retargeting_id}_{source}_{source_type}_{campaign_type}_{addphrases}_{device_type}_{position_type}_{region_id}&region={region_id}&region_name={region_name},Hansgrohe для раковины Focus E2. Оригинальная продукция,Приобретайте смесители Hansgrohe с официальной гарантией. Доставка 0 руб!,,,,,,,
https://hansgrohe-russia.ru/kollektsii/focus/shopby/hg_tip-smesiteli_dlya_kuhonnoy_moyki-smesiteli_dlya_rakoviny-smesitel_dlya_rakoviny_i_gigienicheskiy_dush?v=8#catalog?utm_medium=cpc&utm_source=ya_direct&utm_campaign={campaign_name}|{campaign_id}&utm_term={keyword}&utm_content=k50id|01000000{phrase_id}_{retargeting_id}|cid|{campaign_id}|gid|{gbid}|aid|{ad_id}|adp|{addphrases}|pos|{position_type}{position}|src|{source_type}_{source}|dvc|{device_type}|dop_0&k50id=01000000{phrase_id}_{retargeting_id}&cm_id={campaign_id}_{gbid}_{banner_id}_{phrase_id}_{retargeting_id}_{source}_{source_type}_{campaign_type}_{addphrases}_{device_type}_{position_type}_{region_id}&region={region_id}&region_name={region_name},Hansgrohe для раковины Focus E2. Суперцены каждый день!,Оригинальные смесители Hansgrohe. Скидка 5% на покупку. Переходите на сайт!,,,,,,,
https://hansgrohe-russia.ru/kollektsii/logis-1/shopby/hg_kollektsii-logis_e/hg_tip-smesiteli_dlya_rakoviny?v=1#catalog?utm_medium=cpc&utm_source=ya_direct&utm_campaign={campaign_name}|{campaign_id}&utm_term={keyword}&utm_content=k50id|01000000{phrase_id}_{retargeting_id}|cid|{campaign_id}|gid|{gbid}|aid|{ad_id}|adp|{addphrases}|pos|{position_type}{position}|src|{source_type}_{source}|dvc|{device_type}|dop_0&k50id=01000000{phrase_id}_{retargeting_id}&cm_id={campaign_id}_{gbid}_{banner_id}_{phrase_id}_{retargeting_id}_{source}_{source_type}_{campaign_type}_{addphrases}_{device_type}_{position_type}_{region_id}&region={region_id}&region_name={region_name},Hansgrohe для раковины Logis E. Доставка по всей России!,Покупайте оригинальные смесители от бренда Hansgrohe с гарантией производителя!,,,,,,,
https://hansgrohe-russia.ru/kollektsii/logis-1/shopby/hg_kollektsii-logis_e/hg_tip-smesiteli_dlya_rakoviny?v=2#catalog?utm_medium=cpc&utm_source=ya_direct&utm_campaign={campaign_name}|{campaign_id}&utm_term={keyword}&utm_content=k50id|01000000{phrase_id}_{retargeting_id}|cid|{campaign_id}|gid|{gbid}|aid|{ad_id}|adp|{addphrases}|pos|{position_type}{position}|src|{source_type}_{source}|dvc|{device_type}|dop_0&k50id=01000000{phrase_id}_{retargeting_id}&cm_id={campaign_id}_{gbid}_{banner_id}_{phrase_id}_{retargeting_id}_{source}_{source_type}_{campaign_type}_{addphrases}_{device_type}_{position_type}_{region_id}&region={region_id}&region_name={region_name},Hansgrohe для раковины Logis E,Оригинальные смесители Hansgrohe. Бесплатная доставка. Покупайте!,,,,,,,
https://hansgrohe-russia.ru/kollektsii/logis-1/shopby/hg_kollektsii-logis_e/hg_tip-smesiteli_dlya_rakoviny?v=3#catalog?utm_medium=cpc&utm_source=ya_direct&utm_campaign={campaign_name}|{campaign_id}&utm_term={keyword}&utm_content=k50id|01000000{phrase_id}_{retargeting_id}|cid|{campaign_id}|gid|{gbid}|aid|{ad_id}|adp|{addphrases}|pos|{position_type}{position}|src|{source_type}_{source}|dvc|{device_type}|dop_0&k50id=01000000{phrase_id}_{retargeting_id}&cm_id={campaign_id}_{gbid}_{banner_id}_{phrase_id}_{retargeting_id}_{source}_{source_type}_{campaign_type}_{addphrases}_{device_type}_{position_type}_{region_id}&region={region_id}&region_name={region_name},Hansgrohe для раковины Logis E. Оригинальная продукция,Приобретайте смесители Hansgrohe с официальной гарантией. Доставка 0 руб!,,,,,,,
https://hansgrohe-russia.ru/kollektsii/logis-1/shopby/hg_kollektsii-logis_e/hg_tip-smesiteli_dlya_rakoviny?v=4#catalog?utm_medium=cpc&utm_source=ya_direct&utm_campaign={campaign_name}|{campaign_id}&utm_term={keyword}&utm_content=k50id|01000000{phrase_id}_{retargeting_id}|cid|{campaign_id}|gid|{gbid}|aid|{ad_id}|adp|{addphrases}|pos|{position_type}{position}|src|{source_type}_{source}|dvc|{device_type}|dop_0&k50id=01000000{phrase_id}_{retargeting_id}&cm_id={campaign_id}_{gbid}_{banner_id}_{phrase_id}_{retargeting_id}_{source}_{source_type}_{campaign_type}_{addphrases}_{device_type}_{position_type}_{region_id}&region={region_id}&region_name={region_name},Hansgrohe для раковины Logis E. Суперцены каждый день!,Оригинальные смесители Hansgrohe. Скидка 5% на покупку. Переходите на сайт!,,,,,,,
https://hansgrohe-russia.ru/kollektsii/metris-1/shopby/hg_tip-smesiteli_dlya_rakoviny-smesiteli_dlya_kuhonnoy_moyki-smesitel_dlya_rakoviny_i_gigienicheskiy_dush/hg_kollektsii-metris_s?v=1#catalog?utm_medium=cpc&utm_source=ya_direct&utm_campaign={campaign_name}|{campaign_id}&utm_term={keyword}&utm_content=k50id|01000000{phrase_id}_{retargeting_id}|cid|{campaign_id}|gid|{gbid}|aid|{ad_id}|adp|{addphrases}|pos|{position_type}{position}|src|{source_type}_{source}|dvc|{device_type}|dop_0&k50id=01000000{phrase_id}_{retargeting_id}&cm_id={campaign_id}_{gbid}_{banner_id}_{phrase_id}_{retargeting_id}_{source}_{source_type}_{campaign_type}_{addphrases}_{device_type}_{position_type}_{region_id}&region={region_id}&region_name={region_name},Hansgrohe для раковины Metris S,Покупайте оригинальные смесители от бренда Hansgrohe с гарантией производителя!,,,,,,,
https://hansgrohe-russia.ru/kollektsii/metris-1/shopby/hg_tip-smesiteli_dlya_rakoviny-smesiteli_dlya_kuhonnoy_moyki-smesitel_dlya_rakoviny_i_gigienicheskiy_dush/hg_kollektsii-metris_s?v=2#catalog?utm_medium=cpc&utm_source=ya_direct&utm_campaign={campaign_name}|{campaign_id}&utm_term={keyword}&utm_content=k50id|01000000{phrase_id}_{retargeting_id}|cid|{campaign_id}|gid|{gbid}|aid|{ad_id}|adp|{addphrases}|pos|{position_type}{position}|src|{source_type}_{source}|dvc|{device_type}|dop_0&k50id=01000000{phrase_id}_{retargeting_id}&cm_id={campaign_id}_{gbid}_{banner_id}_{phrase_id}_{retargeting_id}_{source}_{source_type}_{campaign_type}_{addphrases}_{device_type}_{position_type}_{region_id}&region={region_id}&region_name={region_name},Hansgrohe для раковины Metris S,Оригинальные смесители Hansgrohe. Бесплатная доставка. Покупайте!,,,,,,,
https://hansgrohe-russia.ru/kollektsii/metris-1/shopby/hg_tip-smesiteli_dlya_rakoviny-smesiteli_dlya_kuhonnoy_moyki-smesitel_dlya_rakoviny_i_gigienicheskiy_dush/hg_kollektsii-metris_s?v=3#catalog?utm_medium=cpc&utm_source=ya_direct&utm_campaign={campaign_name}|{campaign_id}&utm_term={keyword}&utm_content=k50id|01000000{phrase_id}_{retargeting_id}|cid|{campaign_id}|gid|{gbid}|aid|{ad_id}|adp|{addphrases}|pos|{position_type}{position}|src|{source_type}_{source}|dvc|{device_type}|dop_0&k50id=01000000{phrase_id}_{retargeting_id}&cm_id={campaign_id}_{gbid}_{banner_id}_{phrase_id}_{retargeting_id}_{source}_{source_type}_{campaign_type}_{addphrases}_{device_type}_{position_type}_{region_id}&region={region_id}&region_name={region_name},Hansgrohe для раковины Metris S. Оригинальная продукция,Приобретайте смесители Hansgrohe с официальной гарантией. Доставка 0 руб!,,,,,,,
https://hansgrohe-russia.ru/kollektsii/metris-1/shopby/hg_tip-smesiteli_dlya_rakoviny-smesiteli_dlya_kuhonnoy_moyki-smesitel_dlya_rakoviny_i_gigienicheskiy_dush/hg_kollektsii-metris_s?v=4#catalog?utm_medium=cpc&utm_source=ya_direct&utm_campaign={campaign_name}|{campaign_id}&utm_term={keyword}&utm_content=k50id|01000000{phrase_id}_{retargeting_id}|cid|{campaign_id}|gid|{gbid}|aid|{ad_id}|adp|{addphrases}|pos|{position_type}{position}|src|{source_type}_{source}|dvc|{device_type}|dop_0&k50id=01000000{phrase_id}_{retargeting_id}&cm_id={campaign_id}_{gbid}_{banner_id}_{phrase_id}_{retargeting_id}_{source}_{source_type}_{campaign_type}_{addphrases}_{device_type}_{position_type}_{region_id}&region={region_id}&region_name={region_name},Hansgrohe для раковины Metris S. Суперцены каждый день!,Оригинальные смесители Hansgrohe. Скидка 5% на покупку. Переходите на сайт!,,,,,,,
https://hansgrohe-russia.ru/kollektsii/metris-1/shopby/hg_tip-smesiteli_dlya_rakoviny-smesiteli_dlya_kuhonnoy_moyki-smesitel_dlya_rakoviny_i_gigienicheskiy_dush?v=1#catalog?utm_medium=cpc&utm_source=ya_direct&utm_campaign={campaign_name}|{campaign_id}&utm_term={keyword}&utm_content=k50id|01000000{phrase_id}_{retargeting_id}|cid|{campaign_id}|gid|{gbid}|aid|{ad_id}|adp|{addphrases}|pos|{position_type}{position}|src|{source_type}_{source}|dvc|{device_type}|dop_0&k50id=01000000{phrase_id}_{retargeting_id}&cm_id={campaign_id}_{gbid}_{banner_id}_{phrase_id}_{retargeting_id}_{source}_{source_type}_{campaign_type}_{addphrases}_{device_type}_{position_type}_{region_id}&region={region_id}&region_name={region_name},Hansgrohe для раковины Metris. Доставка по всей России!,Покупайте оригинальные смесители от бренда Hansgrohe с гарантией производителя!,,,,,,,
https://hansgrohe-russia.ru/kollektsii/metris-1/shopby/hg_tip-smesiteli_dlya_rakoviny-smesiteli_dlya_kuhonnoy_moyki-smesitel_dlya_rakoviny_i_gigienicheskiy_dush?v=2#catalog?utm_medium=cpc&utm_source=ya_direct&utm_campaign={campaign_name}|{campaign_id}&utm_term={keyword}&utm_content=k50id|01000000{phrase_id}_{retargeting_id}|cid|{campaign_id}|gid|{gbid}|aid|{ad_id}|adp|{addphrases}|pos|{position_type}{position}|src|{source_type}_{source}|dvc|{device_type}|dop_0&k50id=01000000{phrase_id}_{retargeting_id}&cm_id={campaign_id}_{gbid}_{banner_id}_{phrase_id}_{retargeting_id}_{source}_{source_type}_{campaign_type}_{addphrases}_{device_type}_{position_type}_{region_id}&region={region_id}&region_name={region_name},Hansgrohe для раковины Metris,Оригинальные смесители Hansgrohe. Бесплатная доставка. Покупайте!,,,,,,,
https://hansgrohe-russia.ru/kollektsii/metris-1/shopby/hg_tip-smesiteli_dlya_rakoviny-smesiteli_dlya_kuhonnoy_moyki-smesitel_dlya_rakoviny_i_gigienicheskiy_dush?v=3#catalog?utm_medium=cpc&utm_source=ya_direct&utm_campaign={campaign_name}|{campaign_id}&utm_term={keyword}&utm_content=k50id|01000000{phrase_id}_{retargeting_id}|cid|{campaign_id}|gid|{gbid}|aid|{ad_id}|adp|{addphrases}|pos|{position_type}{position}|src|{source_type}_{source}|dvc|{device_type}|dop_0&k50id=01000000{phrase_id}_{retargeting_id}&cm_id={campaign_id}_{gbid}_{banner_id}_{phrase_id}_{retargeting_id}_{source}_{source_type}_{campaign_type}_{addphrases}_{device_type}_{position_type}_{region_id}&region={region_id}&region_name={region_name},Hansgrohe для раковины Metris. Оригинальная продукция,Приобретайте смесители Hansgrohe с официальной гарантией. Доставка 0 руб!,,,,,,,
https://hansgrohe-russia.ru/kollektsii/metris-1/shopby/hg_tip-smesiteli_dlya_rakoviny-smesiteli_dlya_kuhonnoy_moyki-smesitel_dlya_rakoviny_i_gigienicheskiy_dush?v=4#catalog?utm_medium=cpc&utm_source=ya_direct&utm_campaign={campaign_name}|{campaign_id}&utm_term={keyword}&utm_content=k50id|01000000{phrase_id}_{retargeting_id}|cid|{campaign_id}|gid|{gbid}|aid|{ad_id}|adp|{addphrases}|pos|{position_type}{position}|src|{source_type}_{source}|dvc|{device_type}|dop_0&k50id=01000000{phrase_id}_{retargeting_id}&cm_id={campaign_id}_{gbid}_{banner_id}_{phrase_id}_{retargeting_id}_{source}_{source_type}_{campaign_type}_{addphrases}_{device_type}_{position_type}_{region_id}&region={region_id}&region_name={region_name},Hansgrohe для раковины Metris. Суперцены каждый день!,Оригинальные смесители Hansgrohe. Скидка 5% на покупку. Переходите на сайт!,,,,,,,
https://hansgrohe-russia.ru/?v=2,Гарнитур Hansgrohe. Официальный интернет-магазин,Сантехника Hansgrohe в официальном магазине. Гарантия до 5 лет. Доставка - 0 ₽!,,,,,,,
https://hansgrohe-russia.ru/catalogsearch/result/?q=100,Душевые гарнитуры Hansgrohe 100. Официальный магазин,Сантехника Hansgrohe в официальном магазине. Гарантия до 5 лет. Доставка - 0 ₽!,,,,,,,
https://hansgrohe-russia.ru/dushevaya-programma?v=1,Гарнитур для ванной Hansgrohe. Официальный магазин,Сантехника Hansgrohe в официальном магазине. Гарантия до 5 лет. Доставка - 0 ₽!,,,,,,,
https://hansgrohe-russia.ru/dushevaya-programma?v=2,Гарнитур для душа Hansgrohe. Купите в Москве,Сантехника Hansgrohe в официальном магазине. Гарантия до 5 лет. Доставка - 0 ₽!,,,,,,,
https://hansgrohe-russia.ru/dushevaya-programma?v=3,Душевой гарнитур Hansgrohe. Купите в Москве,Сантехника Hansgrohe в официальном магазине. Гарантия до 5 лет. Доставка - 0 ₽!,,,,,,,
https://hansgrohe-russia.ru/dushevaya-programma?v=4,Душевой гарнитур Hansgrohe. Официальный интернет-магазин,Сантехника Hansgrohe в официальном магазине. Гарантия до 5 лет. Доставка - 0 ₽!,,,,,,,
https://hansgrohe-russia.ru/dushevaya-programma/shopby/hg_poverkhnost-matovyy_chernyy-polirovannyy_chernyy_hrom-chernyy-shlifovannyy_chernyy_hrom#catalog,Душевой гарнитур Hansgrohe черного цвета. Доставка 0₽,Сантехника Hansgrohe в официальном магазине. Гарантия до 5 лет. Доставка - 0 ₽!,,,,,,,
https://hansgrohe-russia.ru/kollektsii/croma-1?v=2,Душевой гарнитур Hansgrohe Croma. Официальный магазин,Сантехника Hansgrohe в официальном магазине. Гарантия до 5 лет. Доставка - 0 ₽!,,,,,,,
https://hansgrohe-russia.ru/kollektsii/croma-1/shopby/hg_kollektsii-croma_100-croma_100_classic#catalog,Душевой гарнитур Hansgrohe Croma 100,Сантехника Hansgrohe в официальном магазине. Гарантия до 5 лет. Доставка - 0 ₽!,,,,,,,
https://hansgrohe-russia.ru/kollektsii/croma-1/shopby/hg_kollektsii-croma_e-croma_select_e#catalog,Душевой гарнитур Hansgrohe Croma E. Официальный магазин,Сантехника Hansgrohe в официальном магазине. Гарантия до 5 лет. Доставка - 0 ₽!,,,,,,,
https://hansgrohe-russia.ru/kollektsii/croma-1/shopby/hg_kollektsii-croma_select_e,Душевой гарнитур Hansgrohe Croma Select E. Доставка 0₽,Сантехника Hansgrohe в официальном магазине. Гарантия до 5 лет. Доставка - 0 ₽!,,,,,,,
https://hansgrohe-russia.ru/kollektsii/croma-1/shopby/hg_kollektsii-croma_select_e-croma_select_s?v=1#catalog,Душевой гарнитур Hansgrohe Croma Select,Сантехника Hansgrohe в официальном магазине. Гарантия до 5 лет. Доставка - 0 ₽!,,,,,,,
https://hansgrohe-russia.ru/kollektsii/crometta?v=1,Душевой гарнитур Hansgrohe Crometta. Официальный магазин,Сантехника Hansgrohe в официальном магазине. Гарантия до 5 лет. Доставка - 0 ₽!,,,,,,,
https://hansgrohe-russia.ru/kollektsii/crometta?v=2,Душевой гарнитур Hansgrohe Crometta Vario. Доставка 0₽,Сантехника Hansgrohe в официальном магазине. Гарантия до 5 лет. Доставка - 0 ₽!,,,,,,,
https://hansgrohe-russia.ru/kollektsii/raindance?v=1,Душевой гарнитур Hansgrohe Raindance,Сантехника Hansgrohe в официальном магазине. Гарантия до 5 лет. Доставка - 0 ₽!,,,,,,,
https://hansgrohe-russia.ru/kollektsii/raindance/shopby/hg_kollektsii-raindance_select_s,Душевой гарнитур Hansgrohe Raindance Select S,Сантехника Hansgrohe в официальном магазине. Гарантия до 5 лет. Доставка - 0 ₽!,,,,,,,
https://hansgrohe-russia.ru/kollektsii/raindance/shopby/hg_kollektsii-raindance_select-raindance_select_e-raindance_select_s?v=1#catalog,Душевой гарнитур Hansgrohe Raindance Select. Доставка 0₽,Сантехника Hansgrohe в официальном магазине. Гарантия до 5 лет. Доставка - 0 ₽!,,,,,,,
https://hansgrohe-russia.ru/kollektsii/showerselect,Душевой гарнитур Hansgrohe Showerselect,Сантехника Hansgrohe в официальном магазине. Гарантия до 5 лет. Доставка - 0 ₽!,,,,,,,
https://hansgrohe-russia.ru/catalogsearch/result/?hg_tip=2543&q=hansgrohe+select,Верхние души Hansgrohe Select. Официальный магазин,Сантехника Hansgrohe в официальном магазине. Гарантия до 5 лет. Доставка - 0 ₽!,,,,,,,
https://hansgrohe-russia.ru/dushevaya-programma?v=5,Душ для вынны Hansgrohe. Официальный интернет-магазин,Сантехника Hansgrohe в официальном магазине. Гарантия до 5 лет. Доставка - 0 ₽!,,,,,,,
https://hansgrohe-russia.ru/dushevaya-programma?v=6,Душ для душевой Hansgrohe. Официальный интернет-магазин,Сантехника Hansgrohe в официальном магазине. Гарантия до 5 лет. Доставка - 0 ₽!,,,,,,,
https://hansgrohe-russia.ru/dushevaya-programma?v=7,Душ Hansgrohe. Купите в Москве,Сантехника Hansgrohe в официальном магазине. Гарантия до 5 лет. Доставка - 0 ₽!,,,,,,,
https://hansgrohe-russia.ru/dushevaya-programma?v=8,Душ Hansgrohe. Официальный интернет-магазин,Сантехника Hansgrohe в официальном магазине. Гарантия до 5 лет. Доставка - 0 ₽!,,,,,,,
https://hansgrohe-russia.ru/dushevaya-programma?v=9,Душевые Hansgrohe. Официальный интернет-магазин,Сантехника Hansgrohe в официальном магазине. Гарантия до 5 лет. Доставка - 0 ₽!,,,,,,,
https://hansgrohe-russia.ru/dushevaya-programma?v=10,Души для ванны Hansgrohe. Официальный интернет-магазин,Сантехника Hansgrohe в официальном магазине. Гарантия до 5 лет. Доставка - 0 ₽!,,,,,,,
https://hansgrohe-russia.ru/dushevaya-programma?v=11,Души Hansgrohe. Официальный интернет-магазин,Сантехника Hansgrohe в официальном магазине. Гарантия до 5 лет. Доставка - 0 ₽!,,,,,,,
https://hansgrohe-russia.ru/dushevaya-programma?v=12,Души Hansgrohe Focus. Официальный интернет-магазин,Сантехника Hansgrohe в официальном магазине. Гарантия до 5 лет. Доставка - 0 ₽!,,,,,,,
https://hansgrohe-russia.ru/dushevaya-programma?v=13,Души Hansgrohe Logis. Официальный интернет-магазин,Сантехника Hansgrohe в официальном магазине. Гарантия до 5 лет. Доставка - 0 ₽!,,,,,,,
https://hansgrohe-russia.ru/dushevaya-programma?v=14,Квадратные души Hansgrohe. Официальный интернет-магазин,Сантехника Hansgrohe в официальном магазине. Гарантия до 5 лет. Доставка - 0 ₽!,,,,,,,
https://hansgrohe-russia.ru/dushevaya-programma?v=15,Тропические души для ванны Hansgrohe,Сантехника Hansgrohe в официальном магазине. Гарантия до 5 лет. Доставка - 0 ₽!,,,,,,,
https://hansgrohe-russia.ru/dushevaya-programma?v=16,Тропические души Hansgrohe. Официальный интернет-магазин,Сантехника Hansgrohe в официальном магазине. Гарантия до 5 лет. Доставка - 0 ₽!,,,,,,,
https://hansgrohe-russia.ru/dushevaya-programma/dush-dlya-sobak,Души для собак Hansgrohe. Официальный интернет-магазин,Сантехника Hansgrohe в официальном магазине. Гарантия до 5 лет. Доставка - 0 ₽!,,,,,,,
https://hansgrohe-russia.ru/dushevaya-programma/shopby/hg_kollektsii-puravida#catalog,Души Hansgrohe Puravida. Официальный интернет-магазин,Сантехника Hansgrohe в официальном магазине. Гарантия до 5 лет. Доставка - 0 ₽!,,,,,,,
https://hansgrohe-russia.ru/dushevaya-programma/shopby/hg_poverkhnost-chernyy-matovyy_chernyy-chernyy_hrom#catalog,Души Hansgrohe черного цвета. Официальный магазин,Сантехника Hansgrohe в официальном магазине. Гарантия до 5 лет. Доставка - 0 ₽!,,,,,,,
https://hansgrohe-russia.ru/dushevaya-programma/shopby/hg_poverkhnost-shlifovannoe_zoloto-polirovannoe_zoloto-hrom_pod_zoloto#catalog,Души Hansgrohe золотого цвета. Официальный магазин,Сантехника Hansgrohe в официальном магазине. Гарантия до 5 лет. Доставка - 0 ₽!,,,,,,,
https://hansgrohe-russia.ru/dushevaya-programma/shopby/hg_tip-showerpipes_s_termostatom-dushevye_nabory_so_shtangoy_i_termostatom#catalog,Тропические души с термостатом Hansgrohe. Доставка 0₽,Сантехника Hansgrohe в официальном магазине. Гарантия до 5 лет. Доставка - 0 ₽!,,,,,,,
https://hansgrohe-russia.ru/dushevaya-programma/verhnie-dushi?v=1,Верхние души Hansgrohe. Официальный интернет-магазин,Сантехника Hansgrohe в официальном магазине. Гарантия до 5 лет. Доставка - 0 ₽!,,,,,,,
https://hansgrohe-russia.ru/dushevaya-programma/verhnie-dushi?v=2,Потолочные души Hansgrohe. Официальный интернет-магазин,Сантехника Hansgrohe в официальном магазине. Гарантия до 5 лет. Доставка - 0 ₽!,,,,,,,
https://hansgrohe-russia.ru/dushevaya-programma/verhnie-dushi/shopby/hg_poverkhnost-matovyy_chernyy,Верхние души Hansgrohe матово черный,Сантехника Hansgrohe в официальном магазине. Гарантия до 5 лет. Доставка - 0 ₽!,,,,,,,
https://hansgrohe-russia.ru/dushevaya-programma/verhnie-dushi/shopby/hg_poverkhnost-matovyy_chernyy-shlifovannyy_chernyy_hrom-chernyy_hrom,Верхние души Hansgrohe черного цвета,Сантехника Hansgrohe в официальном магазине. Гарантия до 5 лет. Доставка - 0 ₽!,,,,,,,
https://hansgrohe-russia.ru/dushevaya-programma/verhnie-dushi/shopby/hg_technology_attribute-airpower#catalog,Верхние души Hansgrohe Air. Официальный интернет-магазин,Сантехника Hansgrohe в официальном магазине. Гарантия до 5 лет. Доставка - 0 ₽!,,,,,,,
https://hansgrohe-russia.ru/kollektsii/croma-1/shopby/hg_kollektsii-croma_select_e-croma_select_s?v=2#catalog,Душ Hansgrohe Croma Select. Официальный интернет-магазин,Сантехника Hansgrohe в официальном магазине. Гарантия до 5 лет. Доставка - 0 ₽!,,,,,,,
https://hansgrohe-russia.ru/kollektsii/croma-1/shopby/hg_tip-verhnie_dushi#catalog,Верхние души Hansgrohe Croma. Официальный магазин,Сантехника Hansgrohe в официальном магазине. Гарантия до 5 лет. Доставка - 0 ₽!,,,,,,,
https://hansgrohe-russia.ru/kollektsii/crometta?v=3,Душ Hansgrohe Crometta. Официальный интернет-магазин,Сантехника Hansgrohe в официальном магазине. Гарантия до 5 лет. Доставка - 0 ₽!,,,,,,,
https://hansgrohe-russia.ru/kollektsii/crometta/shopby/hg_tip-verhnie_dushi#catalog,Верхние души Hansgrohe Crometta. Официальный магазин,Сантехника Hansgrohe в официальном магазине. Гарантия до 5 лет. Доставка - 0 ₽!,,,,,,,
https://hansgrohe-russia.ru/kollektsii/ecostat-1?v=6,Душ Hansgrohe Ecostat. Официальный интернет-магазин,Сантехника Hansgrohe в официальном магазине. Гарантия до 5 лет. Доставка - 0 ₽!,,,,,,,
https://hansgrohe-russia.ru/kollektsii/logis-1?v=8,Душевые комплекты Hansgrohe Logis. Официальный магазин,Сантехника Hansgrohe в официальном магазине. Гарантия до 5 лет. Доставка - 0 ₽!,,,,,,,
https://hansgrohe-russia.ru/kollektsii/porter,Душ Hansgrohe Porter. Официальный интернет-магазин,Сантехника Hansgrohe в официальном магазине. Гарантия до 5 лет. Доставка - 0 ₽!,,,,,,,
https://hansgrohe-russia.ru/kollektsii/puravida?v=2,Душ Hansgrohe Puravida. Официальный интернет-магазин,Сантехника Hansgrohe в официальном магазине. Гарантия до 5 лет. Доставка - 0 ₽!,,,,,,,
https://hansgrohe-russia.ru/kollektsii/raindance?v=2,Душ Hansgrohe Raindance. Официальный интернет-магазин,Сантехника Hansgrohe в официальном магазине. Гарантия до 5 лет. Доставка - 0 ₽!,,,,,,,
https://hansgrohe-russia.ru/kollektsii/raindance?v=3,Души Hansgrohe Raindance. Официальный интернет-магазин,Сантехника Hansgrohe в официальном магазине. Гарантия до 5 лет. Доставка - 0 ₽!,,,,,,,
https://hansgrohe-russia.ru/kollektsii/raindance/shopby/hg_kollektsii-raindance_e#catalog,Души Hansgrohe Raindance E 300. Официальный магазин,Сантехника Hansgrohe в официальном магазине. Гарантия до 5 лет. Доставка - 0 ₽!,,,,,,,
https://hansgrohe-russia.ru/kollektsii/raindance/shopby/hg_kollektsii-raindance_select-raindance_select_e-raindance_select_s?v=2#catalog,Душ Hansgrohe Raindance Select. Официальный магазин,Сантехника Hansgrohe в официальном магазине. Гарантия до 5 лет. Доставка - 0 ₽!,,,,,,,
https://hansgrohe-russia.ru/kollektsii/raindance/shopby/hg_tip-verhnie_dushi?v=1,Верхние души Hansgrohe Raindance. Официальный магазин,Сантехника Hansgrohe в официальном магазине. Гарантия до 5 лет. Доставка - 0 ₽!,,,,,,,
https://hansgrohe-russia.ru/kollektsii/raindance/shopby/hg_tip-verhnie_dushi?v=2,Верхние души Hansgrohe Raindance 240,Сантехника Hansgrohe в официальном магазине. Гарантия до 5 лет. Доставка - 0 ₽!,,,,,,,
https://hansgrohe-russia.ru/kollektsii/raindance/shopby/hg_tip-verhnie_dushi/hg_kollektsii-raindance_e-raindance_select_e,Верхние души Hansgrohe Raindance E. Официальный магазин,Сантехника Hansgrohe в официальном магазине. Гарантия до 5 лет. Доставка - 0 ₽!,,,,,,,
https://hansgrohe-russia.ru/kollektsii/raindance/shopby/hg_tip-verhnie_dushi/hg_kollektsii-raindance_select-raindance_select_e-raindance_select_s#catalog,Верхние души Hansgrohe Raindance Select,Сантехника Hansgrohe в официальном магазине. Гарантия до 5 лет. Доставка - 0 ₽!,,,,,,,
https://hansgrohe-russia.ru/kollektsii/rainfinity,Душ Hansgrohe Rainfinity. Официальный интернет-магазин,Сантехника Hansgrohe в официальном магазине. Гарантия до 5 лет. Доставка - 0 ₽!,,,,,,,
https://hansgrohe-russia.ru/kollektsii/rainfinity/shopby/hg_razmer_verkhn_dusha-300-400,Верхние души Hansgrohe Rainfinity 360. Официальный сайт,Сантехника Hansgrohe в официальном магазине. Гарантия до 5 лет. Доставка - 0 ₽!,,,,,,,
https://hansgrohe-russia.ru/kollektsii/rainfinity/shopby/hg_tip-verhnie_dushi#catalog,Верхние души Hansgrohe Rainfinity. Официальный магазин,Сантехника Hansgrohe в официальном магазине. Гарантия до 5 лет. Доставка - 0 ₽!,,,,,,,
https://hansgrohe-russia.ru/kollektsii/rainmaker,Душ Hansgrohe Rainmaker Select. Официальный магазин,Сантехника Hansgrohe в официальном магазине. Гарантия до 5 лет. Доставка - 0 ₽!,,,,,,,
https://hansgrohe-russia.ru/kollektsii/talis-1?v=3,Души Hansgrohe Talis. Официальный интернет-магазин,Сантехника Hansgrohe в официальном магазине. Гарантия до 5 лет. Доставка - 0 ₽!,,,,,,,
https://hansgrohe-russia.ru/vstraivaemyy-montazh,Души скрытого монтажа Hansgrohe. Официальный магазин,Сантехника Hansgrohe в официальном магазине. Гарантия до 5 лет. Доставка - 0 ₽!,,,,,,,
https://hansgrohe-russia.ru/dushevaya-programma/dushevye-forsunki,Боковые душевые форсунки Hansgrohe. Официальный магазин,Сантехника Hansgrohe в официальном магазине. Гарантия до 5 лет. Доставка - 0 ₽!,,,,,,,
https://hansgrohe-russia.ru/kollektsii/croma-1?v=3,Душ Hansgrohe Croma. Официальный интернет-магазин,Сантехника Hansgrohe в официальном магазине. Гарантия до 5 лет. Доставка - 0 ₽!,,,,,,,
https://hansgrohe-russia.ru/?utm_medium=cpc&utm_source=ya_direct&utm_campaign={campaign_name}|{campaign_id}&utm_term={keyword}&utm_content=k50id|01000000{phrase_id}_{retargeting_id}|cid|{campaign_id}|gid|{gbid}|aid|{ad_id}|adp|{addphrases}|pos|{position_type}{position}|src|{source_type}_{source}|dvc|{device_type}|dop_0&k50id=01000000{phrase_id}_{retargeting_id}&cm_id={campaign_id}_{gbid}_{banner_id}_{phrase_id}_{retargeting_id}_{source}_{source_type}_{campaign_type}_{addphrases}_{device_type}_{position_type}_{region_id}&region={region_id}&region_name={region_name}&v=5,Гарнитур Hansgrohe. Доставка по всей России!,Покупайте гарнитуры от бренда Hansgrohe с гарантией производителя!,,,,,,,
https://hansgrohe-russia.ru/?utm_medium=cpc&utm_source=ya_direct&utm_campaign={campaign_name}|{campaign_id}&utm_term={keyword}&utm_content=k50id|01000000{phrase_id}_{retargeting_id}|cid|{campaign_id}|gid|{gbid}|aid|{ad_id}|adp|{addphrases}|pos|{position_type}{position}|src|{source_type}_{source}|dvc|{device_type}|dop_0&k50id=01000000{phrase_id}_{retargeting_id}&cm_id={campaign_id}_{gbid}_{banner_id}_{phrase_id}_{retargeting_id}_{source}_{source_type}_{campaign_type}_{addphrases}_{device_type}_{position_type}_{region_id}&region={region_id}&region_name={region_name}&v=6,Гарнитур Hansgrohe. Получайте подарки за покупку!,Оригинальные гарнитуры Hansgrohe. Бесплатная доставка. Покупайте!,,,,,,,
https://hansgrohe-russia.ru/?utm_medium=cpc&utm_source=ya_direct&utm_campaign={campaign_name}|{campaign_id}&utm_term={keyword}&utm_content=k50id|01000000{phrase_id}_{retargeting_id}|cid|{campaign_id}|gid|{gbid}|aid|{ad_id}|adp|{addphrases}|pos|{position_type}{position}|src|{source_type}_{source}|dvc|{device_type}|dop_0&k50id=01000000{phrase_id}_{retargeting_id}&cm_id={campaign_id}_{gbid}_{banner_id}_{phrase_id}_{retargeting_id}_{source}_{source_type}_{campaign_type}_{addphrases}_{device_type}_{position_type}_{region_id}&region={region_id}&region_name={region_name}&v=7,Гарнитур Hansgrohe. Оригинальная продукция,Приобретайте гарнитуры Hansgrohe с официальной гарантией. Доставка 0 руб!,,,,,,,
https://hansgrohe-russia.ru/?utm_medium=cpc&utm_source=ya_direct&utm_campaign={campaign_name}|{campaign_id}&utm_term={keyword}&utm_content=k50id|01000000{phrase_id}_{retargeting_id}|cid|{campaign_id}|gid|{gbid}|aid|{ad_id}|adp|{addphrases}|pos|{position_type}{position}|src|{source_type}_{source}|dvc|{device_type}|dop_0&k50id=01000000{phrase_id}_{retargeting_id}&cm_id={campaign_id}_{gbid}_{banner_id}_{phrase_id}_{retargeting_id}_{source}_{source_type}_{campaign_type}_{addphrases}_{device_type}_{position_type}_{region_id}&region={region_id}&region_name={region_name}&v=8,Гарнитур Hansgrohe. Суперцены каждый день!,Оригинальные гарнитуры Hansgrohe. Скидка 5% на покупку. Переходите на сайт!,,,,,,,
https://hansgrohe-russia.ru/catalogsearch/result/?q=100&utm_medium=cpc&utm_source=ya_direct&utm_campaign={campaign_name}|{campaign_id}&utm_term={keyword}&utm_content=k50id|01000000{phrase_id}_{retargeting_id}|cid|{campaign_id}|gid|{gbid}|aid|{ad_id}|adp|{addphrases}|pos|{position_type}{position}|src|{source_type}_{source}|dvc|{device_type}|dop_0&k50id=01000000{phrase_id}_{retargeting_id}&cm_id={campaign_id}_{gbid}_{banner_id}_{phrase_id}_{retargeting_id}_{source}_{source_type}_{campaign_type}_{addphrases}_{device_type}_{position_type}_{region_id}&region={region_id}&region_name={region_name}&v=1,Душевые гарнитуры Hansgrohe 100,Покупайте душевые гарнитуры от бренда Hansgrohe с гарантией производителя!,,,,,,,
https://hansgrohe-russia.ru/catalogsearch/result/?q=100&utm_medium=cpc&utm_source=ya_direct&utm_campaign={campaign_name}|{campaign_id}&utm_term={keyword}&utm_content=k50id|01000000{phrase_id}_{retargeting_id}|cid|{campaign_id}|gid|{gbid}|aid|{ad_id}|adp|{addphrases}|pos|{position_type}{position}|src|{source_type}_{source}|dvc|{device_type}|dop_0&k50id=01000000{phrase_id}_{retargeting_id}&cm_id={campaign_id}_{gbid}_{banner_id}_{phrase_id}_{retargeting_id}_{source}_{source_type}_{campaign_type}_{addphrases}_{device_type}_{position_type}_{region_id}&region={region_id}&region_name={region_name}&v=2,Душевые гарнитуры Hansgrohe 100,Оригинальные душевые гарнитуры Hansgrohe. Бесплатная доставка. Покупайте!,,,,,,,
https://hansgrohe-russia.ru/catalogsearch/result/?q=100&utm_medium=cpc&utm_source=ya_direct&utm_campaign={campaign_name}|{campaign_id}&utm_term={keyword}&utm_content=k50id|01000000{phrase_id}_{retargeting_id}|cid|{campaign_id}|gid|{gbid}|aid|{ad_id}|adp|{addphrases}|pos|{position_type}{position}|src|{source_type}_{source}|dvc|{device_type}|dop_0&k50id=01000000{phrase_id}_{retargeting_id}&cm_id={campaign_id}_{gbid}_{banner_id}_{phrase_id}_{retargeting_id}_{source}_{source_type}_{campaign_type}_{addphrases}_{device_type}_{position_type}_{region_id}&region={region_id}&region_name={region_name}&v=3,Душевые гарнитуры Hansgrohe 100. Оригинальная продукция,Приобретайте душевые гарнитуры Hansgrohe с официальной гарантией. Доставка 0 руб!,,,,,,,
https://hansgrohe-russia.ru/catalogsearch/result/?q=100&utm_medium=cpc&utm_source=ya_direct&utm_campaign={campaign_name}|{campaign_id}&utm_term={keyword}&utm_content=k50id|01000000{phrase_id}_{retargeting_id}|cid|{campaign_id}|gid|{gbid}|aid|{ad_id}|adp|{addphrases}|pos|{position_type}{position}|src|{source_type}_{source}|dvc|{device_type}|dop_0&k50id=01000000{phrase_id}_{retargeting_id}&cm_id={campaign_id}_{gbid}_{banner_id}_{phrase_id}_{retargeting_id}_{source}_{source_type}_{campaign_type}_{addphrases}_{device_type}_{position_type}_{region_id}&region={region_id}&region_name={region_name}&v=4,Душевые гарнитуры Hansgrohe 100. Суперцены каждый день!,Оригинальные душевые гарнитуры Hansgrohe. Скидка 5% на покупку. Переходите на сайт!,,,,,,,
https://hansgrohe-russia.ru/dushevaya-programma?utm_medium=cpc&utm_source=ya_direct&utm_campaign={campaign_name}|{campaign_id}&utm_term={keyword}&utm_content=k50id|01000000{phrase_id}_{retargeting_id}|cid|{campaign_id}|gid|{gbid}|aid|{ad_id}|adp|{addphrases}|pos|{position_type}{position}|src|{source_type}_{source}|dvc|{device_type}|dop_0&k50id=01000000{phrase_id}_{retargeting_id}&cm_id={campaign_id}_{gbid}_{banner_id}_{phrase_id}_{retargeting_id}_{source}_{source_type}_{campaign_type}_{addphrases}_{device_type}_{position_type}_{region_id}&region={region_id}&region_name={region_name}&v=1,Гарнитур для ванной Hansgrohe. Доставка по всей России!,Покупайте гарнитуры от бренда Hansgrohe с гарантией производителя!,,,,,,,
https://hansgrohe-russia.ru/dushevaya-programma?utm_medium=cpc&utm_source=ya_direct&utm_campaign={campaign_name}|{campaign_id}&utm_term={keyword}&utm_content=k50id|01000000{phrase_id}_{retargeting_id}|cid|{campaign_id}|gid|{gbid}|aid|{ad_id}|adp|{addphrases}|pos|{position_type}{position}|src|{source_type}_{source}|dvc|{device_type}|dop_0&k50id=01000000{phrase_id}_{retargeting_id}&cm_id={campaign_id}_{gbid}_{banner_id}_{phrase_id}_{retargeting_id}_{source}_{source_type}_{campaign_type}_{addphrases}_{device_type}_{position_type}_{region_id}&region={region_id}&region_name={region_name}&v=2,Гарнитур для ванной Hansgrohe,Оригинальные гарнитуры Hansgrohe. Бесплатная доставка. Покупайте!,,,,,,,
https://hansgrohe-russia.ru/dushevaya-programma?utm_medium=cpc&utm_source=ya_direct&utm_campaign={campaign_name}|{campaign_id}&utm_term={keyword}&utm_content=k50id|01000000{phrase_id}_{retargeting_id}|cid|{campaign_id}|gid|{gbid}|aid|{ad_id}|adp|{addphrases}|pos|{position_type}{position}|src|{source_type}_{source}|dvc|{device_type}|dop_0&k50id=01000000{phrase_id}_{retargeting_id}&cm_id={campaign_id}_{gbid}_{banner_id}_{phrase_id}_{retargeting_id}_{source}_{source_type}_{campaign_type}_{addphrases}_{device_type}_{position_type}_{region_id}&region={region_id}&region_name={region_name}&v=3,Гарнитур для ванной Hansgrohe. Оригинальная продукция,Приобретайте гарнитуры Hansgrohe с официальной гарантией. Доставка 0 руб!,,,,,,,
https://hansgrohe-russia.ru/dushevaya-programma?utm_medium=cpc&utm_source=ya_direct&utm_campaign={campaign_name}|{campaign_id}&utm_term={keyword}&utm_content=k50id|01000000{phrase_id}_{retargeting_id}|cid|{campaign_id}|gid|{gbid}|aid|{ad_id}|adp|{addphrases}|pos|{position_type}{position}|src|{source_type}_{source}|dvc|{device_type}|dop_0&k50id=01000000{phrase_id}_{retargeting_id}&cm_id={campaign_id}_{gbid}_{banner_id}_{phrase_id}_{retargeting_id}_{source}_{source_type}_{campaign_type}_{addphrases}_{device_type}_{position_type}_{region_id}&region={region_id}&region_name={region_name}&v=4,Гарнитур для ванной Hansgrohe. Суперцены каждый день!,Оригинальные гарнитуры Hansgrohe. Скидка 5% на покупку. Переходите на сайт!,,,,,,,
https://hansgrohe-russia.ru/dushevaya-programma?utm_medium=cpc&utm_source=ya_direct&utm_campaign={campaign_name}|{campaign_id}&utm_term={keyword}&utm_content=k50id|01000000{phrase_id}_{retargeting_id}|cid|{campaign_id}|gid|{gbid}|aid|{ad_id}|adp|{addphrases}|pos|{position_type}{position}|src|{source_type}_{source}|dvc|{device_type}|dop_0&k50id=01000000{phrase_id}_{retargeting_id}&cm_id={campaign_id}_{gbid}_{banner_id}_{phrase_id}_{retargeting_id}_{source}_{source_type}_{campaign_type}_{addphrases}_{device_type}_{position_type}_{region_id}&region={region_id}&region_name={region_name}&v=5,Душевой гарнитур Hansgrohe. Доставка по всей России!,Покупайте душевые гарнитуры от бренда Hansgrohe с гарантией производителя!,,,,,,,
https://hansgrohe-russia.ru/dushevaya-programma?utm_medium=cpc&utm_source=ya_direct&utm_campaign={campaign_name}|{campaign_id}&utm_term={keyword}&utm_content=k50id|01000000{phrase_id}_{retargeting_id}|cid|{campaign_id}|gid|{gbid}|aid|{ad_id}|adp|{addphrases}|pos|{position_type}{position}|src|{source_type}_{source}|dvc|{device_type}|dop_0&k50id=01000000{phrase_id}_{retargeting_id}&cm_id={campaign_id}_{gbid}_{banner_id}_{phrase_id}_{retargeting_id}_{source}_{source_type}_{campaign_type}_{addphrases}_{device_type}_{position_type}_{region_id}&region={region_id}&region_name={region_name}&v=6,Душевой гарнитур Hansgrohe,Оригинальные душевые гарнитуры Hansgrohe. Бесплатная доставка. Покупайте!,,,,,,,
https://hansgrohe-russia.ru/dushevaya-programma?utm_medium=cpc&utm_source=ya_direct&utm_campaign={campaign_name}|{campaign_id}&utm_term={keyword}&utm_content=k50id|01000000{phrase_id}_{retargeting_id}|cid|{campaign_id}|gid|{gbid}|aid|{ad_id}|adp|{addphrases}|pos|{position_type}{position}|src|{source_type}_{source}|dvc|{device_type}|dop_0&k50id=01000000{phrase_id}_{retargeting_id}&cm_id={campaign_id}_{gbid}_{banner_id}_{phrase_id}_{retargeting_id}_{source}_{source_type}_{campaign_type}_{addphrases}_{device_type}_{position_type}_{region_id}&region={region_id}&region_name={region_name}&v=7,Душевой гарнитур Hansgrohe. Оригинальная продукция,Приобретайте душевые гарнитуры Hansgrohe с официальной гарантией. Доставка 0 руб!,,,,,,,
https://hansgrohe-russia.ru/dushevaya-programma?utm_medium=cpc&utm_source=ya_direct&utm_campaign={campaign_name}|{campaign_id}&utm_term={keyword}&utm_content=k50id|01000000{phrase_id}_{retargeting_id}|cid|{campaign_id}|gid|{gbid}|aid|{ad_id}|adp|{addphrases}|pos|{position_type}{position}|src|{source_type}_{source}|dvc|{device_type}|dop_0&k50id=01000000{phrase_id}_{retargeting_id}&cm_id={campaign_id}_{gbid}_{banner_id}_{phrase_id}_{retargeting_id}_{source}_{source_type}_{campaign_type}_{addphrases}_{device_type}_{position_type}_{region_id}&region={region_id}&region_name={region_name}&v=8,Душевой гарнитур Hansgrohe. Суперцены каждый день!,Оригинальные душевые гарнитуры Hansgrohe. Скидка 5% на покупку. Переходите на сайт!,,,,,,,
https://hansgrohe-russia.ru/dushevaya-programma/shopby/hg_poverkhnost-matovyy_chernyy-polirovannyy_chernyy_hrom-chernyy-shlifovannyy_chernyy_hrom?v=1#catalog?utm_medium=cpc&utm_source=ya_direct&utm_campaign={campaign_name}|{campaign_id}&utm_term={keyword}&utm_content=k50id|01000000{phrase_id}_{retargeting_id}|cid|{campaign_id}|gid|{gbid}|aid|{ad_id}|adp|{addphrases}|pos|{position_type}{position}|src|{source_type}_{source}|dvc|{device_type}|dop_0&k50id=01000000{phrase_id}_{retargeting_id}&cm_id={campaign_id}_{gbid}_{banner_id}_{phrase_id}_{retargeting_id}_{source}_{source_type}_{campaign_type}_{addphrases}_{device_type}_{position_type}_{region_id}&region={region_id}&region_name={region_name},Душевой гарнитур Hansgrohe черного цвета,Покупайте душевые гарнитуры от бренда Hansgrohe с гарантией производителя!,,,,,,,
https://hansgrohe-russia.ru/dushevaya-programma/shopby/hg_poverkhnost-matovyy_chernyy-polirovannyy_chernyy_hrom-chernyy-shlifovannyy_chernyy_hrom?v=2#catalog?utm_medium=cpc&utm_source=ya_direct&utm_campaign={campaign_name}|{campaign_id}&utm_term={keyword}&utm_content=k50id|01000000{phrase_id}_{retargeting_id}|cid|{campaign_id}|gid|{gbid}|aid|{ad_id}|adp|{addphrases}|pos|{position_type}{position}|src|{source_type}_{source}|dvc|{device_type}|dop_0&k50id=01000000{phrase_id}_{retargeting_id}&cm_id={campaign_id}_{gbid}_{banner_id}_{phrase_id}_{retargeting_id}_{source}_{source_type}_{campaign_type}_{addphrases}_{device_type}_{position_type}_{region_id}&region={region_id}&region_name={region_name},Душевой гарнитур Hansgrohe черного цвета,Оригинальные душевые гарнитуры Hansgrohe. Бесплатная доставка. Покупайте!,,,,,,,
https://hansgrohe-russia.ru/dushevaya-programma/shopby/hg_poverkhnost-matovyy_chernyy-polirovannyy_chernyy_hrom-chernyy-shlifovannyy_chernyy_hrom?v=3#catalog?utm_medium=cpc&utm_source=ya_direct&utm_campaign={campaign_name}|{campaign_id}&utm_term={keyword}&utm_content=k50id|01000000{phrase_id}_{retargeting_id}|cid|{campaign_id}|gid|{gbid}|aid|{ad_id}|adp|{addphrases}|pos|{position_type}{position}|src|{source_type}_{source}|dvc|{device_type}|dop_0&k50id=01000000{phrase_id}_{retargeting_id}&cm_id={campaign_id}_{gbid}_{banner_id}_{phrase_id}_{retargeting_id}_{source}_{source_type}_{campaign_type}_{addphrases}_{device_type}_{position_type}_{region_id}&region={region_id}&region_name={region_name},Душевой гарнитур Hansgrohe черного цвета,Приобретайте душевые гарнитуры Hansgrohe с официальной гарантией. Доставка 0 руб!,,,,,,,
https://hansgrohe-russia.ru/dushevaya-programma/shopby/hg_poverkhnost-matovyy_chernyy-polirovannyy_chernyy_hrom-chernyy-shlifovannyy_chernyy_hrom?v=4#catalog?utm_medium=cpc&utm_source=ya_direct&utm_campaign={campaign_name}|{campaign_id}&utm_term={keyword}&utm_content=k50id|01000000{phrase_id}_{retargeting_id}|cid|{campaign_id}|gid|{gbid}|aid|{ad_id}|adp|{addphrases}|pos|{position_type}{position}|src|{source_type}_{source}|dvc|{device_type}|dop_0&k50id=01000000{phrase_id}_{retargeting_id}&cm_id={campaign_id}_{gbid}_{banner_id}_{phrase_id}_{retargeting_id}_{source}_{source_type}_{campaign_type}_{addphrases}_{device_type}_{position_type}_{region_id}&region={region_id}&region_name={region_name},Душевой гарнитур Hansgrohe черного цвета,Оригинальные душевые гарнитуры Hansgrohe. Скидка 5% на покупку. Переходите на сайт!,,,,,,,
https://hansgrohe-russia.ru/kollektsii/croma-1?utm_medium=cpc&utm_source=ya_direct&utm_campaign={campaign_name}|{campaign_id}&utm_term={keyword}&utm_content=k50id|01000000{phrase_id}_{retargeting_id}|cid|{campaign_id}|gid|{gbid}|aid|{ad_id}|adp|{addphrases}|pos|{position_type}{position}|src|{source_type}_{source}|dvc|{device_type}|dop_0&k50id=01000000{phrase_id}_{retargeting_id}&cm_id={campaign_id}_{gbid}_{banner_id}_{phrase_id}_{retargeting_id}_{source}_{source_type}_{campaign_type}_{addphrases}_{device_type}_{position_type}_{region_id}&region={region_id}&region_name={region_name}&v=5,Душевой гарнитур Hansgrohe Croma,Покупайте душевые гарнитуры от бренда Hansgrohe с гарантией производителя!,,,,,,,
https://hansgrohe-russia.ru/kollektsii/croma-1?utm_medium=cpc&utm_source=ya_direct&utm_campaign={campaign_name}|{campaign_id}&utm_term={keyword}&utm_content=k50id|01000000{phrase_id}_{retargeting_id}|cid|{campaign_id}|gid|{gbid}|aid|{ad_id}|adp|{addphrases}|pos|{position_type}{position}|src|{source_type}_{source}|dvc|{device_type}|dop_0&k50id=01000000{phrase_id}_{retargeting_id}&cm_id={campaign_id}_{gbid}_{banner_id}_{phrase_id}_{retargeting_id}_{source}_{source_type}_{campaign_type}_{addphrases}_{device_type}_{position_type}_{region_id}&region={region_id}&region_name={region_name}&v=6,Душевой гарнитур Hansgrohe Croma,Оригинальные душевые гарнитуры Hansgrohe. Бесплатная доставка. Покупайте!,,,,,,,
https://hansgrohe-russia.ru/kollektsii/croma-1?utm_medium=cpc&utm_source=ya_direct&utm_campaign={campaign_name}|{campaign_id}&utm_term={keyword}&utm_content=k50id|01000000{phrase_id}_{retargeting_id}|cid|{campaign_id}|gid|{gbid}|aid|{ad_id}|adp|{addphrases}|pos|{position_type}{position}|src|{source_type}_{source}|dvc|{device_type}|dop_0&k50id=01000000{phrase_id}_{retargeting_id}&cm_id={campaign_id}_{gbid}_{banner_id}_{phrase_id}_{retargeting_id}_{source}_{source_type}_{campaign_type}_{addphrases}_{device_type}_{position_type}_{region_id}&region={region_id}&region_name={region_name}&v=7,Душевой гарнитур Hansgrohe Croma. Оригинальная продукция,Приобретайте душевые гарнитуры Hansgrohe с официальной гарантией. Доставка 0 руб!,,,,,,,
https://hansgrohe-russia.ru/kollektsii/croma-1?utm_medium=cpc&utm_source=ya_direct&utm_campaign={campaign_name}|{campaign_id}&utm_term={keyword}&utm_content=k50id|01000000{phrase_id}_{retargeting_id}|cid|{campaign_id}|gid|{gbid}|aid|{ad_id}|adp|{addphrases}|pos|{position_type}{position}|src|{source_type}_{source}|dvc|{device_type}|dop_0&k50id=01000000{phrase_id}_{retargeting_id}&cm_id={campaign_id}_{gbid}_{banner_id}_{phrase_id}_{retargeting_id}_{source}_{source_type}_{campaign_type}_{addphrases}_{device_type}_{position_type}_{region_id}&region={region_id}&region_name={region_name}&v=8,Душевой гарнитур Hansgrohe Croma. Суперцены каждый день!,Оригинальные душевые гарнитуры Hansgrohe. Скидка 5% на покупку. Переходите на сайт!,,,,,,,
https://hansgrohe-russia.ru/kollektsii/croma-1/shopby/hg_kollektsii-croma_100-croma_100_classic?v=1#catalog?utm_medium=cpc&utm_source=ya_direct&utm_campaign={campaign_name}|{campaign_id}&utm_term={keyword}&utm_content=k50id|01000000{phrase_id}_{retargeting_id}|cid|{campaign_id}|gid|{gbid}|aid|{ad_id}|adp|{addphrases}|pos|{position_type}{position}|src|{source_type}_{source}|dvc|{device_type}|dop_0&k50id=01000000{phrase_id}_{retargeting_id}&cm_id={campaign_id}_{gbid}_{banner_id}_{phrase_id}_{retargeting_id}_{source}_{source_type}_{campaign_type}_{addphrases}_{device_type}_{position_type}_{region_id}&region={region_id}&region_name={region_name},Душевой гарнитур Hansgrohe Croma 100,Покупайте душевые гарнитуры от бренда Hansgrohe с гарантией производителя!,,,,,,,
https://hansgrohe-russia.ru/kollektsii/croma-1/shopby/hg_kollektsii-croma_100-croma_100_classic?v=2#catalog?utm_medium=cpc&utm_source=ya_direct&utm_campaign={campaign_name}|{campaign_id}&utm_term={keyword}&utm_content=k50id|01000000{phrase_id}_{retargeting_id}|cid|{campaign_id}|gid|{gbid}|aid|{ad_id}|adp|{addphrases}|pos|{position_type}{position}|src|{source_type}_{source}|dvc|{device_type}|dop_0&k50id=01000000{phrase_id}_{retargeting_id}&cm_id={campaign_id}_{gbid}_{banner_id}_{phrase_id}_{retargeting_id}_{source}_{source_type}_{campaign_type}_{addphrases}_{device_type}_{position_type}_{region_id}&region={region_id}&region_name={region_name},Душевой гарнитур Hansgrohe Croma 100,Оригинальные душевые гарнитуры Hansgrohe. Бесплатная доставка. Покупайте!,,,,,,,
https://hansgrohe-russia.ru/kollektsii/croma-1/shopby/hg_kollektsii-croma_100-croma_100_classic?v=3#catalog?utm_medium=cpc&utm_source=ya_direct&utm_campaign={campaign_name}|{campaign_id}&utm_term={keyword}&utm_content=k50id|01000000{phrase_id}_{retargeting_id}|cid|{campaign_id}|gid|{gbid}|aid|{ad_id}|adp|{addphrases}|pos|{position_type}{position}|src|{source_type}_{source}|dvc|{device_type}|dop_0&k50id=01000000{phrase_id}_{retargeting_id}&cm_id={campaign_id}_{gbid}_{banner_id}_{phrase_id}_{retargeting_id}_{source}_{source_type}_{campaign_type}_{addphrases}_{device_type}_{position_type}_{region_id}&region={region_id}&region_name={region_name},Душевой гарнитур Hansgrohe Croma 100,Приобретайте душевые гарнитуры Hansgrohe с официальной гарантией. Доставка 0 руб!,,,,,,,
https://hansgrohe-russia.ru/kollektsii/croma-1/shopby/hg_kollektsii-croma_100-croma_100_classic?v=4#catalog?utm_medium=cpc&utm_source=ya_direct&utm_campaign={campaign_name}|{campaign_id}&utm_term={keyword}&utm_content=k50id|01000000{phrase_id}_{retargeting_id}|cid|{campaign_id}|gid|{gbid}|aid|{ad_id}|adp|{addphrases}|pos|{position_type}{position}|src|{source_type}_{source}|dvc|{device_type}|dop_0&k50id=01000000{phrase_id}_{retargeting_id}&cm_id={campaign_id}_{gbid}_{banner_id}_{phrase_id}_{retargeting_id}_{source}_{source_type}_{campaign_type}_{addphrases}_{device_type}_{position_type}_{region_id}&region={region_id}&region_name={region_name},Душевой гарнитур Hansgrohe Croma 100,Оригинальные душевые гарнитуры Hansgrohe. Скидка 5% на покупку. Переходите на сайт!,,,,,,,
https://hansgrohe-russia.ru/kollektsii/croma-1/shopby/hg_kollektsii-croma_e-croma_select_e?v=1#catalog?utm_medium=cpc&utm_source=ya_direct&utm_campaign={campaign_name}|{campaign_id}&utm_term={keyword}&utm_content=k50id|01000000{phrase_id}_{retargeting_id}|cid|{campaign_id}|gid|{gbid}|aid|{ad_id}|adp|{addphrases}|pos|{position_type}{position}|src|{source_type}_{source}|dvc|{device_type}|dop_0&k50id=01000000{phrase_id}_{retargeting_id}&cm_id={campaign_id}_{gbid}_{banner_id}_{phrase_id}_{retargeting_id}_{source}_{source_type}_{campaign_type}_{addphrases}_{device_type}_{position_type}_{region_id}&region={region_id}&region_name={region_name},Душевой гарнитур Hansgrohe Croma E,Покупайте душевые гарнитуры от бренда Hansgrohe с гарантией производителя!,,,,,,,
https://hansgrohe-russia.ru/kollektsii/croma-1/shopby/hg_kollektsii-croma_e-croma_select_e?v=2#catalog?utm_medium=cpc&utm_source=ya_direct&utm_campaign={campaign_name}|{campaign_id}&utm_term={keyword}&utm_content=k50id|01000000{phrase_id}_{retargeting_id}|cid|{campaign_id}|gid|{gbid}|aid|{ad_id}|adp|{addphrases}|pos|{position_type}{position}|src|{source_type}_{source}|dvc|{device_type}|dop_0&k50id=01000000{phrase_id}_{retargeting_id}&cm_id={campaign_id}_{gbid}_{banner_id}_{phrase_id}_{retargeting_id}_{source}_{source_type}_{campaign_type}_{addphrases}_{device_type}_{position_type}_{region_id}&region={region_id}&region_name={region_name},Душевой гарнитур Hansgrohe Croma E,Оригинальные душевые гарнитуры Hansgrohe. Бесплатная доставка. Покупайте!,,,,,,,
https://hansgrohe-russia.ru/kollektsii/croma-1/shopby/hg_kollektsii-croma_e-croma_select_e?v=3#catalog?utm_medium=cpc&utm_source=ya_direct&utm_campaign={campaign_name}|{campaign_id}&utm_term={keyword}&utm_content=k50id|01000000{phrase_id}_{retargeting_id}|cid|{campaign_id}|gid|{gbid}|aid|{ad_id}|adp|{addphrases}|pos|{position_type}{position}|src|{source_type}_{source}|dvc|{device_type}|dop_0&k50id=01000000{phrase_id}_{retargeting_id}&cm_id={campaign_id}_{gbid}_{banner_id}_{phrase_id}_{retargeting_id}_{source}_{source_type}_{campaign_type}_{addphrases}_{device_type}_{position_type}_{region_id}&region={region_id}&region_name={region_name},Душевой гарнитур Hansgrohe Croma E,Приобретайте душевые гарнитуры Hansgrohe с официальной гарантией. Доставка 0 руб!,,,,,,,
https://hansgrohe-russia.ru/kollektsii/croma-1/shopby/hg_kollektsii-croma_e-croma_select_e?v=4#catalog?utm_medium=cpc&utm_source=ya_direct&utm_campaign={campaign_name}|{campaign_id}&utm_term={keyword}&utm_content=k50id|01000000{phrase_id}_{retargeting_id}|cid|{campaign_id}|gid|{gbid}|aid|{ad_id}|adp|{addphrases}|pos|{position_type}{position}|src|{source_type}_{source}|dvc|{device_type}|dop_0&k50id=01000000{phrase_id}_{retargeting_id}&cm_id={campaign_id}_{gbid}_{banner_id}_{phrase_id}_{retargeting_id}_{source}_{source_type}_{campaign_type}_{addphrases}_{device_type}_{position_type}_{region_id}&region={region_id}&region_name={region_name},Душевой гарнитур Hansgrohe Croma E,Оригинальные душевые гарнитуры Hansgrohe. Скидка 5% на покупку. Переходите на сайт!,,,,,,,
https://hansgrohe-russia.ru/kollektsii/croma-1/shopby/hg_kollektsii-croma_select_e?utm_medium=cpc&utm_source=ya_direct&utm_campaign={campaign_name}|{campaign_id}&utm_term={keyword}&utm_content=k50id|01000000{phrase_id}_{retargeting_id}|cid|{campaign_id}|gid|{gbid}|aid|{ad_id}|adp|{addphrases}|pos|{position_type}{position}|src|{source_type}_{source}|dvc|{device_type}|dop_0&k50id=01000000{phrase_id}_{retargeting_id}&cm_id={campaign_id}_{gbid}_{banner_id}_{phrase_id}_{retargeting_id}_{source}_{source_type}_{campaign_type}_{addphrases}_{device_type}_{position_type}_{region_id}&region={region_id}&region_name={region_name}&v=1,Душевой гарнитур Hansgrohe Croma Select E,Покупайте душевые гарнитуры от бренда Hansgrohe с гарантией производителя!,,,,,,,
https://hansgrohe-russia.ru/kollektsii/croma-1/shopby/hg_kollektsii-croma_select_e?utm_medium=cpc&utm_source=ya_direct&utm_campaign={campaign_name}|{campaign_id}&utm_term={keyword}&utm_content=k50id|01000000{phrase_id}_{retargeting_id}|cid|{campaign_id}|gid|{gbid}|aid|{ad_id}|adp|{addphrases}|pos|{position_type}{position}|src|{source_type}_{source}|dvc|{device_type}|dop_0&k50id=01000000{phrase_id}_{retargeting_id}&cm_id={campaign_id}_{gbid}_{banner_id}_{phrase_id}_{retargeting_id}_{source}_{source_type}_{campaign_type}_{addphrases}_{device_type}_{position_type}_{region_id}&region={region_id}&region_name={region_name}&v=2,Душевой гарнитур Hansgrohe Croma Select E,Оригинальные душевые гарнитуры Hansgrohe. Бесплатная доставка. Покупайте!,,,,,,,
https://hansgrohe-russia.ru/kollektsii/croma-1/shopby/hg_kollektsii-croma_select_e?utm_medium=cpc&utm_source=ya_direct&utm_campaign={campaign_name}|{campaign_id}&utm_term={keyword}&utm_content=k50id|01000000{phrase_id}_{retargeting_id}|cid|{campaign_id}|gid|{gbid}|aid|{ad_id}|adp|{addphrases}|pos|{position_type}{position}|src|{source_type}_{source}|dvc|{device_type}|dop_0&k50id=01000000{phrase_id}_{retargeting_id}&cm_id={campaign_id}_{gbid}_{banner_id}_{phrase_id}_{retargeting_id}_{source}_{source_type}_{campaign_type}_{addphrases}_{device_type}_{position_type}_{region_id}&region={region_id}&region_name={region_name}&v=3,Душевой гарнитур Hansgrohe Croma Select E,Приобретайте душевые гарнитуры Hansgrohe с официальной гарантией. Доставка 0 руб!,,,,,,,
https://hansgrohe-russia.ru/kollektsii/croma-1/shopby/hg_kollektsii-croma_select_e?utm_medium=cpc&utm_source=ya_direct&utm_campaign={campaign_name}|{campaign_id}&utm_term={keyword}&utm_content=k50id|01000000{phrase_id}_{retargeting_id}|cid|{campaign_id}|gid|{gbid}|aid|{ad_id}|adp|{addphrases}|pos|{position_type}{position}|src|{source_type}_{source}|dvc|{device_type}|dop_0&k50id=01000000{phrase_id}_{retargeting_id}&cm_id={campaign_id}_{gbid}_{banner_id}_{phrase_id}_{retargeting_id}_{source}_{source_type}_{campaign_type}_{addphrases}_{device_type}_{position_type}_{region_id}&region={region_id}&region_name={region_name}&v=4,Душевой гарнитур Hansgrohe Croma Select E,Оригинальные душевые гарнитуры Hansgrohe. Скидка 5% на покупку. Переходите на сайт!,,,,,,,
https://hansgrohe-russia.ru/kollektsii/croma-1/shopby/hg_kollektsii-croma_select_e-croma_select_s?v=1#catalog?utm_medium=cpc&utm_source=ya_direct&utm_campaign={campaign_name}|{campaign_id}&utm_term={keyword}&utm_content=k50id|01000000{phrase_id}_{retargeting_id}|cid|{campaign_id}|gid|{gbid}|aid|{ad_id}|adp|{addphrases}|pos|{position_type}{position}|src|{source_type}_{source}|dvc|{device_type}|dop_0&k50id=01000000{phrase_id}_{retargeting_id}&cm_id={campaign_id}_{gbid}_{banner_id}_{phrase_id}_{retargeting_id}_{source}_{source_type}_{campaign_type}_{addphrases}_{device_type}_{position_type}_{region_id}&region={region_id}&region_name={region_name},Душевой гарнитур Hansgrohe Croma Select,Покупайте душевые гарнитуры от бренда Hansgrohe с гарантией производителя!,,,,,,,
https://hansgrohe-russia.ru/kollektsii/croma-1/shopby/hg_kollektsii-croma_select_e-croma_select_s?v=2#catalog?utm_medium=cpc&utm_source=ya_direct&utm_campaign={campaign_name}|{campaign_id}&utm_term={keyword}&utm_content=k50id|01000000{phrase_id}_{retargeting_id}|cid|{campaign_id}|gid|{gbid}|aid|{ad_id}|adp|{addphrases}|pos|{position_type}{position}|src|{source_type}_{source}|dvc|{device_type}|dop_0&k50id=01000000{phrase_id}_{retargeting_id}&cm_id={campaign_id}_{gbid}_{banner_id}_{phrase_id}_{retargeting_id}_{source}_{source_type}_{campaign_type}_{addphrases}_{device_type}_{position_type}_{region_id}&region={region_id}&region_name={region_name},Душевой гарнитур Hansgrohe Croma Select,Оригинальные душевые гарнитуры Hansgrohe. Бесплатная доставка. Покупайте!,,,,,,,
https://hansgrohe-russia.ru/kollektsii/croma-1/shopby/hg_kollektsii-croma_select_e-croma_select_s?v=3#catalog?utm_medium=cpc&utm_source=ya_direct&utm_campaign={campaign_name}|{campaign_id}&utm_term={keyword}&utm_content=k50id|01000000{phrase_id}_{retargeting_id}|cid|{campaign_id}|gid|{gbid}|aid|{ad_id}|adp|{addphrases}|pos|{position_type}{position}|src|{source_type}_{source}|dvc|{device_type}|dop_0&k50id=01000000{phrase_id}_{retargeting_id}&cm_id={campaign_id}_{gbid}_{banner_id}_{phrase_id}_{retargeting_id}_{source}_{source_type}_{campaign_type}_{addphrases}_{device_type}_{position_type}_{region_id}&region={region_id}&region_name={region_name},Душевой гарнитур Hansgrohe Croma Select,Приобретайте душевые гарнитуры Hansgrohe с официальной гарантией. Доставка 0 руб!,,,,,,,
https://hansgrohe-russia.ru/kollektsii/croma-1/shopby/hg_kollektsii-croma_select_e-croma_select_s?v=4#catalog?utm_medium=cpc&utm_source=ya_direct&utm_campaign={campaign_name}|{campaign_id}&utm_term={keyword}&utm_content=k50id|01000000{phrase_id}_{retargeting_id}|cid|{campaign_id}|gid|{gbid}|aid|{ad_id}|adp|{addphrases}|pos|{position_type}{position}|src|{source_type}_{source}|dvc|{device_type}|dop_0&k50id=01000000{phrase_id}_{retargeting_id}&cm_id={campaign_id}_{gbid}_{banner_id}_{phrase_id}_{retargeting_id}_{source}_{source_type}_{campaign_type}_{addphrases}_{device_type}_{position_type}_{region_id}&region={region_id}&region_name={region_name},Душевой гарнитур Hansgrohe Croma Select,Оригинальные душевые гарнитуры Hansgrohe. Скидка 5% на покупку. Переходите на сайт!,,,,,,,
https://hansgrohe-russia.ru/kollektsii/crometta?utm_medium=cpc&utm_source=ya_direct&utm_campaign={campaign_name}|{campaign_id}&utm_term={keyword}&utm_content=k50id|01000000{phrase_id}_{retargeting_id}|cid|{campaign_id}|gid|{gbid}|aid|{ad_id}|adp|{addphrases}|pos|{position_type}{position}|src|{source_type}_{source}|dvc|{device_type}|dop_0&k50id=01000000{phrase_id}_{retargeting_id}&cm_id={campaign_id}_{gbid}_{banner_id}_{phrase_id}_{retargeting_id}_{source}_{source_type}_{campaign_type}_{addphrases}_{device_type}_{position_type}_{region_id}&region={region_id}&region_name={region_name}&v=1,Душевой гарнитур Hansgrohe Crometta,Покупайте душевые гарнитуры от бренда Hansgrohe с гарантией производителя!,,,,,,,
https://hansgrohe-russia.ru/kollektsii/crometta?utm_medium=cpc&utm_source=ya_direct&utm_campaign={campaign_name}|{campaign_id}&utm_term={keyword}&utm_content=k50id|01000000{phrase_id}_{retargeting_id}|cid|{campaign_id}|gid|{gbid}|aid|{ad_id}|adp|{addphrases}|pos|{position_type}{position}|src|{source_type}_{source}|dvc|{device_type}|dop_0&k50id=01000000{phrase_id}_{retargeting_id}&cm_id={campaign_id}_{gbid}_{banner_id}_{phrase_id}_{retargeting_id}_{source}_{source_type}_{campaign_type}_{addphrases}_{device_type}_{position_type}_{region_id}&region={region_id}&region_name={region_name}&v=2,Душевой гарнитур Hansgrohe Crometta,Оригинальные душевые гарнитуры Hansgrohe. Бесплатная доставка. Покупайте!,,,,,,,
https://hansgrohe-russia.ru/kollektsii/crometta?utm_medium=cpc&utm_source=ya_direct&utm_campaign={campaign_name}|{campaign_id}&utm_term={keyword}&utm_content=k50id|01000000{phrase_id}_{retargeting_id}|cid|{campaign_id}|gid|{gbid}|aid|{ad_id}|adp|{addphrases}|pos|{position_type}{position}|src|{source_type}_{source}|dvc|{device_type}|dop_0&k50id=01000000{phrase_id}_{retargeting_id}&cm_id={campaign_id}_{gbid}_{banner_id}_{phrase_id}_{retargeting_id}_{source}_{source_type}_{campaign_type}_{addphrases}_{device_type}_{position_type}_{region_id}&region={region_id}&region_name={region_name}&v=3,Душевой гарнитур Hansgrohe Crometta,Приобретайте душевые гарнитуры Hansgrohe с официальной гарантией. Доставка 0 руб!,,,,,,,
https://hansgrohe-russia.ru/kollektsii/crometta?utm_medium=cpc&utm_source=ya_direct&utm_campaign={campaign_name}|{campaign_id}&utm_term={keyword}&utm_content=k50id|01000000{phrase_id}_{retargeting_id}|cid|{campaign_id}|gid|{gbid}|aid|{ad_id}|adp|{addphrases}|pos|{position_type}{position}|src|{source_type}_{source}|dvc|{device_type}|dop_0&k50id=01000000{phrase_id}_{retargeting_id}&cm_id={campaign_id}_{gbid}_{banner_id}_{phrase_id}_{retargeting_id}_{source}_{source_type}_{campaign_type}_{addphrases}_{device_type}_{position_type}_{region_id}&region={region_id}&region_name={region_name}&v=4,Душевой гарнитур Hansgrohe Crometta,Оригинальные душевые гарнитуры Hansgrohe. Скидка 5% на покупку. Переходите на сайт!,,,,,,,
https://hansgrohe-russia.ru/kollektsii/crometta?utm_medium=cpc&utm_source=ya_direct&utm_campaign={campaign_name}|{campaign_id}&utm_term={keyword}&utm_content=k50id|01000000{phrase_id}_{retargeting_id}|cid|{campaign_id}|gid|{gbid}|aid|{ad_id}|adp|{addphrases}|pos|{position_type}{position}|src|{source_type}_{source}|dvc|{device_type}|dop_0&k50id=01000000{phrase_id}_{retargeting_id}&cm_id={campaign_id}_{gbid}_{banner_id}_{phrase_id}_{retargeting_id}_{source}_{source_type}_{campaign_type}_{addphrases}_{device_type}_{position_type}_{region_id}&region={region_id}&region_name={region_name}&v=5,Душевой гарнитур Hansgrohe Crometta Vario,Покупайте душевые гарнитуры от бренда Hansgrohe с гарантией производителя!,,,,,,,
https://hansgrohe-russia.ru/kollektsii/crometta?utm_medium=cpc&utm_source=ya_direct&utm_campaign={campaign_name}|{campaign_id}&utm_term={keyword}&utm_content=k50id|01000000{phrase_id}_{retargeting_id}|cid|{campaign_id}|gid|{gbid}|aid|{ad_id}|adp|{addphrases}|pos|{position_type}{position}|src|{source_type}_{source}|dvc|{device_type}|dop_0&k50id=01000000{phrase_id}_{retargeting_id}&cm_id={campaign_id}_{gbid}_{banner_id}_{phrase_id}_{retargeting_id}_{source}_{source_type}_{campaign_type}_{addphrases}_{device_type}_{position_type}_{region_id}&region={region_id}&region_name={region_name}&v=6,Душевой гарнитур Hansgrohe Crometta Vario,Оригинальные душевые гарнитуры Hansgrohe. Бесплатная доставка. Покупайте!,,,,,,,
https://hansgrohe-russia.ru/kollektsii/crometta?utm_medium=cpc&utm_source=ya_direct&utm_campaign={campaign_name}|{campaign_id}&utm_term={keyword}&utm_content=k50id|01000000{phrase_id}_{retargeting_id}|cid|{campaign_id}|gid|{gbid}|aid|{ad_id}|adp|{addphrases}|pos|{position_type}{position}|src|{source_type}_{source}|dvc|{device_type}|dop_0&k50id=01000000{phrase_id}_{retargeting_id}&cm_id={campaign_id}_{gbid}_{banner_id}_{phrase_id}_{retargeting_id}_{source}_{source_type}_{campaign_type}_{addphrases}_{device_type}_{position_type}_{region_id}&region={region_id}&region_name={region_name}&v=7,Душевой гарнитур Hansgrohe Crometta Vario,Приобретайте душевые гарнитуры Hansgrohe с официальной гарантией. Доставка 0 руб!,,,,,,,
https://hansgrohe-russia.ru/kollektsii/crometta?utm_medium=cpc&utm_source=ya_direct&utm_campaign={campaign_name}|{campaign_id}&utm_term={keyword}&utm_content=k50id|01000000{phrase_id}_{retargeting_id}|cid|{campaign_id}|gid|{gbid}|aid|{ad_id}|adp|{addphrases}|pos|{position_type}{position}|src|{source_type}_{source}|dvc|{device_type}|dop_0&k50id=01000000{phrase_id}_{retargeting_id}&cm_id={campaign_id}_{gbid}_{banner_id}_{phrase_id}_{retargeting_id}_{source}_{source_type}_{campaign_type}_{addphrases}_{device_type}_{position_type}_{region_id}&region={region_id}&region_name={region_name}&v=8,Душевой гарнитур Hansgrohe Crometta Vario,Оригинальные душевые гарнитуры Hansgrohe. Скидка 5% на покупку. Переходите на сайт!,,,,,,,
https://hansgrohe-russia.ru/kollektsii/raindance?utm_medium=cpc&utm_source=ya_direct&utm_campaign={campaign_name}|{campaign_id}&utm_term={keyword}&utm_content=k50id|01000000{phrase_id}_{retargeting_id}|cid|{campaign_id}|gid|{gbid}|aid|{ad_id}|adp|{addphrases}|pos|{position_type}{position}|src|{source_type}_{source}|dvc|{device_type}|dop_0&k50id=01000000{phrase_id}_{retargeting_id}&cm_id={campaign_id}_{gbid}_{banner_id}_{phrase_id}_{retargeting_id}_{source}_{source_type}_{campaign_type}_{addphrases}_{device_type}_{position_type}_{region_id}&region={region_id}&region_name={region_name}&v=1,Душевой гарнитур Hansgrohe Raindance,Покупайте душевые гарнитуры от бренда Hansgrohe с гарантией производителя!,,,,,,,
https://hansgrohe-russia.ru/kollektsii/raindance?utm_medium=cpc&utm_source=ya_direct&utm_campaign={campaign_name}|{campaign_id}&utm_term={keyword}&utm_content=k50id|01000000{phrase_id}_{retargeting_id}|cid|{campaign_id}|gid|{gbid}|aid|{ad_id}|adp|{addphrases}|pos|{position_type}{position}|src|{source_type}_{source}|dvc|{device_type}|dop_0&k50id=01000000{phrase_id}_{retargeting_id}&cm_id={campaign_id}_{gbid}_{banner_id}_{phrase_id}_{retargeting_id}_{source}_{source_type}_{campaign_type}_{addphrases}_{device_type}_{position_type}_{region_id}&region={region_id}&region_name={region_name}&v=2,Душевой гарнитур Hansgrohe Raindance,Оригинальные душевые гарнитуры Hansgrohe. Бесплатная доставка. Покупайте!,,,,,,,
https://hansgrohe-russia.ru/kollektsii/raindance?utm_medium=cpc&utm_source=ya_direct&utm_campaign={campaign_name}|{campaign_id}&utm_term={keyword}&utm_content=k50id|01000000{phrase_id}_{retargeting_id}|cid|{campaign_id}|gid|{gbid}|aid|{ad_id}|adp|{addphrases}|pos|{position_type}{position}|src|{source_type}_{source}|dvc|{device_type}|dop_0&k50id=01000000{phrase_id}_{retargeting_id}&cm_id={campaign_id}_{gbid}_{banner_id}_{phrase_id}_{retargeting_id}_{source}_{source_type}_{campaign_type}_{addphrases}_{device_type}_{position_type}_{region_id}&region={region_id}&region_name={region_name}&v=3,Душевой гарнитур Hansgrohe Raindance,Приобретайте душевые гарнитуры Hansgrohe с официальной гарантией. Доставка 0 руб!,,,,,,,
https://hansgrohe-russia.ru/kollektsii/raindance?utm_medium=cpc&utm_source=ya_direct&utm_campaign={campaign_name}|{campaign_id}&utm_term={keyword}&utm_content=k50id|01000000{phrase_id}_{retargeting_id}|cid|{campaign_id}|gid|{gbid}|aid|{ad_id}|adp|{addphrases}|pos|{position_type}{position}|src|{source_type}_{source}|dvc|{device_type}|dop_0&k50id=01000000{phrase_id}_{retargeting_id}&cm_id={campaign_id}_{gbid}_{banner_id}_{phrase_id}_{retargeting_id}_{source}_{source_type}_{campaign_type}_{addphrases}_{device_type}_{position_type}_{region_id}&region={region_id}&region_name={region_name}&v=4,Душевой гарнитур Hansgrohe Raindance,Оригинальные душевые гарнитуры Hansgrohe. Скидка 5% на покупку. Переходите на сайт!,,,,,,,
https://hansgrohe-russia.ru/kollektsii/raindance/shopby/hg_kollektsii-raindance_select_s?utm_medium=cpc&utm_source=ya_direct&utm_campaign={campaign_name}|{campaign_id}&utm_term={keyword}&utm_content=k50id|01000000{phrase_id}_{retargeting_id}|cid|{campaign_id}|gid|{gbid}|aid|{ad_id}|adp|{addphrases}|pos|{position_type}{position}|src|{source_type}_{source}|dvc|{device_type}|dop_0&k50id=01000000{phrase_id}_{retargeting_id}&cm_id={campaign_id}_{gbid}_{banner_id}_{phrase_id}_{retargeting_id}_{source}_{source_type}_{campaign_type}_{addphrases}_{device_type}_{position_type}_{region_id}&region={region_id}&region_name={region_name}&v=1,Душевой гарнитур Hansgrohe Raindance Select S,Покупайте душевые гарнитуры от бренда Hansgrohe с гарантией производителя!,,,,,,,
https://hansgrohe-russia.ru/kollektsii/raindance/shopby/hg_kollektsii-raindance_select_s?utm_medium=cpc&utm_source=ya_direct&utm_campaign={campaign_name}|{campaign_id}&utm_term={keyword}&utm_content=k50id|01000000{phrase_id}_{retargeting_id}|cid|{campaign_id}|gid|{gbid}|aid|{ad_id}|adp|{addphrases}|pos|{position_type}{position}|src|{source_type}_{source}|dvc|{device_type}|dop_0&k50id=01000000{phrase_id}_{retargeting_id}&cm_id={campaign_id}_{gbid}_{banner_id}_{phrase_id}_{retargeting_id}_{source}_{source_type}_{campaign_type}_{addphrases}_{device_type}_{position_type}_{region_id}&region={region_id}&region_name={region_name}&v=2,Душевой гарнитур Hansgrohe Raindance Select S,Оригинальные душевые гарнитуры Hansgrohe. Бесплатная доставка. Покупайте!,,,,,,,
https://hansgrohe-russia.ru/kollektsii/raindance/shopby/hg_kollektsii-raindance_select_s?utm_medium=cpc&utm_source=ya_direct&utm_campaign={campaign_name}|{campaign_id}&utm_term={keyword}&utm_content=k50id|01000000{phrase_id}_{retargeting_id}|cid|{campaign_id}|gid|{gbid}|aid|{ad_id}|adp|{addphrases}|pos|{position_type}{position}|src|{source_type}_{source}|dvc|{device_type}|dop_0&k50id=01000000{phrase_id}_{retargeting_id}&cm_id={campaign_id}_{gbid}_{banner_id}_{phrase_id}_{retargeting_id}_{source}_{source_type}_{campaign_type}_{addphrases}_{device_type}_{position_type}_{region_id}&region={region_id}&region_name={region_name}&v=3,Душевой гарнитур Hansgrohe Raindance Select S,Приобретайте душевые гарнитуры Hansgrohe с официальной гарантией. Доставка 0 руб!,,,,,,,
https://hansgrohe-russia.ru/kollektsii/raindance/shopby/hg_kollektsii-raindance_select_s?utm_medium=cpc&utm_source=ya_direct&utm_campaign={campaign_name}|{campaign_id}&utm_term={keyword}&utm_content=k50id|01000000{phrase_id}_{retargeting_id}|cid|{campaign_id}|gid|{gbid}|aid|{ad_id}|adp|{addphrases}|pos|{position_type}{position}|src|{source_type}_{source}|dvc|{device_type}|dop_0&k50id=01000000{phrase_id}_{retargeting_id}&cm_id={campaign_id}_{gbid}_{banner_id}_{phrase_id}_{retargeting_id}_{source}_{source_type}_{campaign_type}_{addphrases}_{device_type}_{position_type}_{region_id}&region={region_id}&region_name={region_name}&v=4,Душевой гарнитур Hansgrohe Raindance Select S,Оригинальные душевые гарнитуры Hansgrohe. Скидка 5% на покупку. Переходите на сайт!,,,,,,,
https://hansgrohe-russia.ru/kollektsii/raindance/shopby/hg_kollektsii-raindance_select-raindance_select_e-raindance_select_s?v=1#catalog?utm_medium=cpc&utm_source=ya_direct&utm_campaign={campaign_name}|{campaign_id}&utm_term={keyword}&utm_content=k50id|01000000{phrase_id}_{retargeting_id}|cid|{campaign_id}|gid|{gbid}|aid|{ad_id}|adp|{addphrases}|pos|{position_type}{position}|src|{source_type}_{source}|dvc|{device_type}|dop_0&k50id=01000000{phrase_id}_{retargeting_id}&cm_id={campaign_id}_{gbid}_{banner_id}_{phrase_id}_{retargeting_id}_{source}_{source_type}_{campaign_type}_{addphrases}_{device_type}_{position_type}_{region_id}&region={region_id}&region_name={region_name},Душевой гарнитур Hansgrohe Raindance Select,Покупайте душевые гарнитуры от бренда Hansgrohe с гарантией производителя!,,,,,,,
https://hansgrohe-russia.ru/kollektsii/raindance/shopby/hg_kollektsii-raindance_select-raindance_select_e-raindance_select_s?v=2#catalog?utm_medium=cpc&utm_source=ya_direct&utm_campaign={campaign_name}|{campaign_id}&utm_term={keyword}&utm_content=k50id|01000000{phrase_id}_{retargeting_id}|cid|{campaign_id}|gid|{gbid}|aid|{ad_id}|adp|{addphrases}|pos|{position_type}{position}|src|{source_type}_{source}|dvc|{device_type}|dop_0&k50id=01000000{phrase_id}_{retargeting_id}&cm_id={campaign_id}_{gbid}_{banner_id}_{phrase_id}_{retargeting_id}_{source}_{source_type}_{campaign_type}_{addphrases}_{device_type}_{position_type}_{region_id}&region={region_id}&region_name={region_name},Душевой гарнитур Hansgrohe Raindance Select,Оригинальные душевые гарнитуры Hansgrohe. Бесплатная доставка. Покупайте!,,,,,,,
https://hansgrohe-russia.ru/kollektsii/raindance/shopby/hg_kollektsii-raindance_select-raindance_select_e-raindance_select_s?v=3#catalog?utm_medium=cpc&utm_source=ya_direct&utm_campaign={campaign_name}|{campaign_id}&utm_term={keyword}&utm_content=k50id|01000000{phrase_id}_{retargeting_id}|cid|{campaign_id}|gid|{gbid}|aid|{ad_id}|adp|{addphrases}|pos|{position_type}{position}|src|{source_type}_{source}|dvc|{device_type}|dop_0&k50id=01000000{phrase_id}_{retargeting_id}&cm_id={campaign_id}_{gbid}_{banner_id}_{phrase_id}_{retargeting_id}_{source}_{source_type}_{campaign_type}_{addphrases}_{device_type}_{position_type}_{region_id}&region={region_id}&region_name={region_name},Душевой гарнитур Hansgrohe Raindance Select,Приобретайте душевые гарнитуры Hansgrohe с официальной гарантией. Доставка 0 руб!,,,,,,,
https://hansgrohe-russia.ru/kollektsii/raindance/shopby/hg_kollektsii-raindance_select-raindance_select_e-raindance_select_s?v=4#catalog?utm_medium=cpc&utm_source=ya_direct&utm_campaign={campaign_name}|{campaign_id}&utm_term={keyword}&utm_content=k50id|01000000{phrase_id}_{retargeting_id}|cid|{campaign_id}|gid|{gbid}|aid|{ad_id}|adp|{addphrases}|pos|{position_type}{position}|src|{source_type}_{source}|dvc|{device_type}|dop_0&k50id=01000000{phrase_id}_{retargeting_id}&cm_id={campaign_id}_{gbid}_{banner_id}_{phrase_id}_{retargeting_id}_{source}_{source_type}_{campaign_type}_{addphrases}_{device_type}_{position_type}_{region_id}&region={region_id}&region_name={region_name},Душевой гарнитур Hansgrohe Raindance Select,Оригинальные душевые гарнитуры Hansgrohe. Скидка 5% на покупку. Переходите на сайт!,,,,,,,
https://hansgrohe-russia.ru/kollektsii/showerselect?utm_medium=cpc&utm_source=ya_direct&utm_campaign={campaign_name}|{campaign_id}&utm_term={keyword}&utm_content=k50id|01000000{phrase_id}_{retargeting_id}|cid|{campaign_id}|gid|{gbid}|aid|{ad_id}|adp|{addphrases}|pos|{position_type}{position}|src|{source_type}_{source}|dvc|{device_type}|dop_0&k50id=01000000{phrase_id}_{retargeting_id}&cm_id={campaign_id}_{gbid}_{banner_id}_{phrase_id}_{retargeting_id}_{source}_{source_type}_{campaign_type}_{addphrases}_{device_type}_{position_type}_{region_id}&region={region_id}&region_name={region_name}&v=1,Душевой гарнитур Hansgrohe Showerselect,Покупайте душевые гарнитуры от бренда Hansgrohe с гарантией производителя!,,,,,,,
https://hansgrohe-russia.ru/kollektsii/showerselect?utm_medium=cpc&utm_source=ya_direct&utm_campaign={campaign_name}|{campaign_id}&utm_term={keyword}&utm_content=k50id|01000000{phrase_id}_{retargeting_id}|cid|{campaign_id}|gid|{gbid}|aid|{ad_id}|adp|{addphrases}|pos|{position_type}{position}|src|{source_type}_{source}|dvc|{device_type}|dop_0&k50id=01000000{phrase_id}_{retargeting_id}&cm_id={campaign_id}_{gbid}_{banner_id}_{phrase_id}_{retargeting_id}_{source}_{source_type}_{campaign_type}_{addphrases}_{device_type}_{position_type}_{region_id}&region={region_id}&region_name={region_name}&v=2,Душевой гарнитур Hansgrohe Showerselect,Оригинальные душевые гарнитуры Hansgrohe. Бесплатная доставка. Покупайте!,,,,,,,
https://hansgrohe-russia.ru/kollektsii/showerselect?utm_medium=cpc&utm_source=ya_direct&utm_campaign={campaign_name}|{campaign_id}&utm_term={keyword}&utm_content=k50id|01000000{phrase_id}_{retargeting_id}|cid|{campaign_id}|gid|{gbid}|aid|{ad_id}|adp|{addphrases}|pos|{position_type}{position}|src|{source_type}_{source}|dvc|{device_type}|dop_0&k50id=01000000{phrase_id}_{retargeting_id}&cm_id={campaign_id}_{gbid}_{banner_id}_{phrase_id}_{retargeting_id}_{source}_{source_type}_{campaign_type}_{addphrases}_{device_type}_{position_type}_{region_id}&region={region_id}&region_name={region_name}&v=3,Душевой гарнитур Hansgrohe Showerselect,Приобретайте душевые гарнитуры Hansgrohe с официальной гарантией. Доставка 0 руб!,,,,,,,
https://hansgrohe-russia.ru/kollektsii/showerselect?utm_medium=cpc&utm_source=ya_direct&utm_campaign={campaign_name}|{campaign_id}&utm_term={keyword}&utm_content=k50id|01000000{phrase_id}_{retargeting_id}|cid|{campaign_id}|gid|{gbid}|aid|{ad_id}|adp|{addphrases}|pos|{position_type}{position}|src|{source_type}_{source}|dvc|{device_type}|dop_0&k50id=01000000{phrase_id}_{retargeting_id}&cm_id={campaign_id}_{gbid}_{banner_id}_{phrase_id}_{retargeting_id}_{source}_{source_type}_{campaign_type}_{addphrases}_{device_type}_{position_type}_{region_id}&region={region_id}&region_name={region_name}&v=4,Душевой гарнитур Hansgrohe Showerselect,Оригинальные душевые гарнитуры Hansgrohe. Скидка 5% на покупку. Переходите на сайт!,,,,,,,
https://hansgrohe-russia.ru/catalogsearch/result/?hg_tip=2543&q=hansgrohe+select&utm_medium=cpc&utm_source=ya_direct&utm_campaign={campaign_name}|{campaign_id}&utm_term={keyword}&utm_content=k50id|01000000{phrase_id}_{retargeting_id}|cid|{campaign_id}|gid|{gbid}|aid|{ad_id}|adp|{addphrases}|pos|{position_type}{position}|src|{source_type}_{source}|dvc|{device_type}|dop_0&k50id=01000000{phrase_id}_{retargeting_id}&cm_id={campaign_id}_{gbid}_{banner_id}_{phrase_id}_{retargeting_id}_{source}_{source_type}_{campaign_type}_{addphrases}_{device_type}_{position_type}_{region_id}&region={region_id}&region_name={region_name}&v=1,Верхние души Hansgrohe Select. Доставка по всей России!,Покупайте верхние души от бренда Hansgrohe с гарантией производителя!,,,,,,,
https://hansgrohe-russia.ru/catalogsearch/result/?hg_tip=2543&q=hansgrohe+select&utm_medium=cpc&utm_source=ya_direct&utm_campaign={campaign_name}|{campaign_id}&utm_term={keyword}&utm_content=k50id|01000000{phrase_id}_{retargeting_id}|cid|{campaign_id}|gid|{gbid}|aid|{ad_id}|adp|{addphrases}|pos|{position_type}{position}|src|{source_type}_{source}|dvc|{device_type}|dop_0&k50id=01000000{phrase_id}_{retargeting_id}&cm_id={campaign_id}_{gbid}_{banner_id}_{phrase_id}_{retargeting_id}_{source}_{source_type}_{campaign_type}_{addphrases}_{device_type}_{position_type}_{region_id}&region={region_id}&region_name={region_name}&v=2,Верхние души Hansgrohe Select,Оригинальные верхние души Hansgrohe. Бесплатная доставка. Покупайте!,,,,,,,
https://hansgrohe-russia.ru/catalogsearch/result/?hg_tip=2543&q=hansgrohe+select&utm_medium=cpc&utm_source=ya_direct&utm_campaign={campaign_name}|{campaign_id}&utm_term={keyword}&utm_content=k50id|01000000{phrase_id}_{retargeting_id}|cid|{campaign_id}|gid|{gbid}|aid|{ad_id}|adp|{addphrases}|pos|{position_type}{position}|src|{source_type}_{source}|dvc|{device_type}|dop_0&k50id=01000000{phrase_id}_{retargeting_id}&cm_id={campaign_id}_{gbid}_{banner_id}_{phrase_id}_{retargeting_id}_{source}_{source_type}_{campaign_type}_{addphrases}_{device_type}_{position_type}_{region_id}&region={region_id}&region_name={region_name}&v=3,Верхние души Hansgrohe Select. Оригинальная продукция,Приобретайте верхние души Hansgrohe с официальной гарантией. Доставка 0 руб!,,,,,,,
https://hansgrohe-russia.ru/catalogsearch/result/?hg_tip=2543&q=hansgrohe+select&utm_medium=cpc&utm_source=ya_direct&utm_campaign={campaign_name}|{campaign_id}&utm_term={keyword}&utm_content=k50id|01000000{phrase_id}_{retargeting_id}|cid|{campaign_id}|gid|{gbid}|aid|{ad_id}|adp|{addphrases}|pos|{position_type}{position}|src|{source_type}_{source}|dvc|{device_type}|dop_0&k50id=01000000{phrase_id}_{retargeting_id}&cm_id={campaign_id}_{gbid}_{banner_id}_{phrase_id}_{retargeting_id}_{source}_{source_type}_{campaign_type}_{addphrases}_{device_type}_{position_type}_{region_id}&region={region_id}&region_name={region_name}&v=4,Верхние души Hansgrohe Select. Суперцены каждый день!,Оригинальные верхние души Hansgrohe. Скидка 5% на покупку. Переходите на сайт!,,,,,,,
https://hansgrohe-russia.ru/dushevaya-programma?utm_medium=cpc&utm_source=ya_direct&utm_campaign={campaign_name}|{campaign_id}&utm_term={keyword}&utm_content=k50id|01000000{phrase_id}_{retargeting_id}|cid|{campaign_id}|gid|{gbid}|aid|{ad_id}|adp|{addphrases}|pos|{position_type}{position}|src|{source_type}_{source}|dvc|{device_type}|dop_0&k50id=01000000{phrase_id}_{retargeting_id}&cm_id={campaign_id}_{gbid}_{banner_id}_{phrase_id}_{retargeting_id}_{source}_{source_type}_{campaign_type}_{addphrases}_{device_type}_{position_type}_{region_id}&region={region_id}&region_name={region_name}&v=9,Душ для ванны Hansgrohe. Доставка по всей России!,Покупайте оригинальные души от бренда Hansgrohe с гарантией производителя!,,,,,,,
https://hansgrohe-russia.ru/dushevaya-programma?utm_medium=cpc&utm_source=ya_direct&utm_campaign={campaign_name}|{campaign_id}&utm_term={keyword}&utm_content=k50id|01000000{phrase_id}_{retargeting_id}|cid|{campaign_id}|gid|{gbid}|aid|{ad_id}|adp|{addphrases}|pos|{position_type}{position}|src|{source_type}_{source}|dvc|{device_type}|dop_0&k50id=01000000{phrase_id}_{retargeting_id}&cm_id={campaign_id}_{gbid}_{banner_id}_{phrase_id}_{retargeting_id}_{source}_{source_type}_{campaign_type}_{addphrases}_{device_type}_{position_type}_{region_id}&region={region_id}&region_name={region_name}&v=10,Душ для ванны Hansgrohe. Получайте подарки за покупку!,Оригинальные души Hansgrohe. Бесплатная доставка. Покупайте!,,,,,,,
https://hansgrohe-russia.ru/dushevaya-programma?utm_medium=cpc&utm_source=ya_direct&utm_campaign={campaign_name}|{campaign_id}&utm_term={keyword}&utm_content=k50id|01000000{phrase_id}_{retargeting_id}|cid|{campaign_id}|gid|{gbid}|aid|{ad_id}|adp|{addphrases}|pos|{position_type}{position}|src|{source_type}_{source}|dvc|{device_type}|dop_0&k50id=01000000{phrase_id}_{retargeting_id}&cm_id={campaign_id}_{gbid}_{banner_id}_{phrase_id}_{retargeting_id}_{source}_{source_type}_{campaign_type}_{addphrases}_{device_type}_{position_type}_{region_id}&region={region_id}&region_name={region_name}&v=11,Душ для ванны Hansgrohe. Оригинальная продукция,Приобретайте оригинальные души Hansgrohe с официальной гарантией. Доставка 0 руб!,,,,,,,
https://hansgrohe-russia.ru/dushevaya-programma?utm_medium=cpc&utm_source=ya_direct&utm_campaign={campaign_name}|{campaign_id}&utm_term={keyword}&utm_content=k50id|01000000{phrase_id}_{retargeting_id}|cid|{campaign_id}|gid|{gbid}|aid|{ad_id}|adp|{addphrases}|pos|{position_type}{position}|src|{source_type}_{source}|dvc|{device_type}|dop_0&k50id=01000000{phrase_id}_{retargeting_id}&cm_id={campaign_id}_{gbid}_{banner_id}_{phrase_id}_{retargeting_id}_{source}_{source_type}_{campaign_type}_{addphrases}_{device_type}_{position_type}_{region_id}&region={region_id}&region_name={region_name}&v=12,Душ для ванны Hansgrohe. Суперцены каждый день!,Оригинальные души Hansgrohe. Скидка 5% на покупку. Переходите на сайт!,,,,,,,
https://hansgrohe-russia.ru/dushevaya-programma?utm_medium=cpc&utm_source=ya_direct&utm_campaign={campaign_name}|{campaign_id}&utm_term={keyword}&utm_content=k50id|01000000{phrase_id}_{retargeting_id}|cid|{campaign_id}|gid|{gbid}|aid|{ad_id}|adp|{addphrases}|pos|{position_type}{position}|src|{source_type}_{source}|dvc|{device_type}|dop_0&k50id=01000000{phrase_id}_{retargeting_id}&cm_id={campaign_id}_{gbid}_{banner_id}_{phrase_id}_{retargeting_id}_{source}_{source_type}_{campaign_type}_{addphrases}_{device_type}_{position_type}_{region_id}&region={region_id}&region_name={region_name}&v=13,Душ для душевой Hansgrohe. Доставка по всей России!,Покупайте оригинальные души от бренда Hansgrohe с гарантией производителя!,,,,,,,
https://hansgrohe-russia.ru/dushevaya-programma?utm_medium=cpc&utm_source=ya_direct&utm_campaign={campaign_name}|{campaign_id}&utm_term={keyword}&utm_content=k50id|01000000{phrase_id}_{retargeting_id}|cid|{campaign_id}|gid|{gbid}|aid|{ad_id}|adp|{addphrases}|pos|{position_type}{position}|src|{source_type}_{source}|dvc|{device_type}|dop_0&k50id=01000000{phrase_id}_{retargeting_id}&cm_id={campaign_id}_{gbid}_{banner_id}_{phrase_id}_{retargeting_id}_{source}_{source_type}_{campaign_type}_{addphrases}_{device_type}_{position_type}_{region_id}&region={region_id}&region_name={region_name}&v=14,Душ для душевой Hansgrohe. Получайте подарки за покупку!,Оригинальные души Hansgrohe. Бесплатная доставка. Покупайте!,,,,,,,
https://hansgrohe-russia.ru/dushevaya-programma?utm_medium=cpc&utm_source=ya_direct&utm_campaign={campaign_name}|{campaign_id}&utm_term={keyword}&utm_content=k50id|01000000{phrase_id}_{retargeting_id}|cid|{campaign_id}|gid|{gbid}|aid|{ad_id}|adp|{addphrases}|pos|{position_type}{position}|src|{source_type}_{source}|dvc|{device_type}|dop_0&k50id=01000000{phrase_id}_{retargeting_id}&cm_id={campaign_id}_{gbid}_{banner_id}_{phrase_id}_{retargeting_id}_{source}_{source_type}_{campaign_type}_{addphrases}_{device_type}_{position_type}_{region_id}&region={region_id}&region_name={region_name}&v=15,Душ для душевой Hansgrohe. Оригинальная продукция,Приобретайте оригинальные души Hansgrohe с официальной гарантией. Доставка 0 руб!,,,,,,,
https://hansgrohe-russia.ru/dushevaya-programma?utm_medium=cpc&utm_source=ya_direct&utm_campaign={campaign_name}|{campaign_id}&utm_term={keyword}&utm_content=k50id|01000000{phrase_id}_{retargeting_id}|cid|{campaign_id}|gid|{gbid}|aid|{ad_id}|adp|{addphrases}|pos|{position_type}{position}|src|{source_type}_{source}|dvc|{device_type}|dop_0&k50id=01000000{phrase_id}_{retargeting_id}&cm_id={campaign_id}_{gbid}_{banner_id}_{phrase_id}_{retargeting_id}_{source}_{source_type}_{campaign_type}_{addphrases}_{device_type}_{position_type}_{region_id}&region={region_id}&region_name={region_name}&v=16,Душ для душевой Hansgrohe. Суперцены каждый день!,Оригинальные души Hansgrohe. Скидка 5% на покупку. Переходите на сайт!,,,,,,,
https://hansgrohe-russia.ru/dushevaya-programma?utm_medium=cpc&utm_source=ya_direct&utm_campaign={campaign_name}|{campaign_id}&utm_term={keyword}&utm_content=k50id|01000000{phrase_id}_{retargeting_id}|cid|{campaign_id}|gid|{gbid}|aid|{ad_id}|adp|{addphrases}|pos|{position_type}{position}|src|{source_type}_{source}|dvc|{device_type}|dop_0&k50id=01000000{phrase_id}_{retargeting_id}&cm_id={campaign_id}_{gbid}_{banner_id}_{phrase_id}_{retargeting_id}_{source}_{source_type}_{campaign_type}_{addphrases}_{device_type}_{position_type}_{region_id}&region={region_id}&region_name={region_name}&v=17,Душ Hansgrohe. Доставка по всей России!,Покупайте оригинальные души от бренда Hansgrohe с гарантией производителя!,,,,,,,
https://hansgrohe-russia.ru/dushevaya-programma?utm_medium=cpc&utm_source=ya_direct&utm_campaign={campaign_name}|{campaign_id}&utm_term={keyword}&utm_content=k50id|01000000{phrase_id}_{retargeting_id}|cid|{campaign_id}|gid|{gbid}|aid|{ad_id}|adp|{addphrases}|pos|{position_type}{position}|src|{source_type}_{source}|dvc|{device_type}|dop_0&k50id=01000000{phrase_id}_{retargeting_id}&cm_id={campaign_id}_{gbid}_{banner_id}_{phrase_id}_{retargeting_id}_{source}_{source_type}_{campaign_type}_{addphrases}_{device_type}_{position_type}_{region_id}&region={region_id}&region_name={region_name}&v=18,Душ Hansgrohe. Получайте подарки за покупку!,Оригинальные души Hansgrohe. Бесплатная доставка. Покупайте!,,,,,,,
https://hansgrohe-russia.ru/dushevaya-programma?utm_medium=cpc&utm_source=ya_direct&utm_campaign={campaign_name}|{campaign_id}&utm_term={keyword}&utm_content=k50id|01000000{phrase_id}_{retargeting_id}|cid|{campaign_id}|gid|{gbid}|aid|{ad_id}|adp|{addphrases}|pos|{position_type}{position}|src|{source_type}_{source}|dvc|{device_type}|dop_0&k50id=01000000{phrase_id}_{retargeting_id}&cm_id={campaign_id}_{gbid}_{banner_id}_{phrase_id}_{retargeting_id}_{source}_{source_type}_{campaign_type}_{addphrases}_{device_type}_{position_type}_{region_id}&region={region_id}&region_name={region_name}&v=19,Душ Hansgrohe. Оригинальная продукция,Приобретайте оригинальные души Hansgrohe с официальной гарантией. Доставка 0 руб!,,,,,,,
https://hansgrohe-russia.ru/dushevaya-programma?utm_medium=cpc&utm_source=ya_direct&utm_campaign={campaign_name}|{campaign_id}&utm_term={keyword}&utm_content=k50id|01000000{phrase_id}_{retargeting_id}|cid|{campaign_id}|gid|{gbid}|aid|{ad_id}|adp|{addphrases}|pos|{position_type}{position}|src|{source_type}_{source}|dvc|{device_type}|dop_0&k50id=01000000{phrase_id}_{retargeting_id}&cm_id={campaign_id}_{gbid}_{banner_id}_{phrase_id}_{retargeting_id}_{source}_{source_type}_{campaign_type}_{addphrases}_{device_type}_{position_type}_{region_id}&region={region_id}&region_name={region_name}&v=20,Душ Hansgrohe. Суперцены каждый день!,Оригинальные души Hansgrohe. Скидка 5% на покупку. Переходите на сайт!,,,,,,,
https://hansgrohe-russia.ru/dushevaya-programma?utm_medium=cpc&utm_source=ya_direct&utm_campaign={campaign_name}|{campaign_id}&utm_term={keyword}&utm_content=k50id|01000000{phrase_id}_{retargeting_id}|cid|{campaign_id}|gid|{gbid}|aid|{ad_id}|adp|{addphrases}|pos|{position_type}{position}|src|{source_type}_{source}|dvc|{device_type}|dop_0&k50id=01000000{phrase_id}_{retargeting_id}&cm_id={campaign_id}_{gbid}_{banner_id}_{phrase_id}_{retargeting_id}_{source}_{source_type}_{campaign_type}_{addphrases}_{device_type}_{position_type}_{region_id}&region={region_id}&region_name={region_name}&v=21,Душевые Hansgrohe. Доставка по всей России!,Покупайте оригинальные души от бренда Hansgrohe с гарантией производителя!,,,,,,,
https://hansgrohe-russia.ru/dushevaya-programma?utm_medium=cpc&utm_source=ya_direct&utm_campaign={campaign_name}|{campaign_id}&utm_term={keyword}&utm_content=k50id|01000000{phrase_id}_{retargeting_id}|cid|{campaign_id}|gid|{gbid}|aid|{ad_id}|adp|{addphrases}|pos|{position_type}{position}|src|{source_type}_{source}|dvc|{device_type}|dop_0&k50id=01000000{phrase_id}_{retargeting_id}&cm_id={campaign_id}_{gbid}_{banner_id}_{phrase_id}_{retargeting_id}_{source}_{source_type}_{campaign_type}_{addphrases}_{device_type}_{position_type}_{region_id}&region={region_id}&region_name={region_name}&v=22,Душевые Hansgrohe. Получайте подарки за покупку!,Оригинальные души Hansgrohe. Бесплатная доставка. Покупайте!,,,,,,,
https://hansgrohe-russia.ru/dushevaya-programma?utm_medium=cpc&utm_source=ya_direct&utm_campaign={campaign_name}|{campaign_id}&utm_term={keyword}&utm_content=k50id|01000000{phrase_id}_{retargeting_id}|cid|{campaign_id}|gid|{gbid}|aid|{ad_id}|adp|{addphrases}|pos|{position_type}{position}|src|{source_type}_{source}|dvc|{device_type}|dop_0&k50id=01000000{phrase_id}_{retargeting_id}&cm_id={campaign_id}_{gbid}_{banner_id}_{phrase_id}_{retargeting_id}_{source}_{source_type}_{campaign_type}_{addphrases}_{device_type}_{position_type}_{region_id}&region={region_id}&region_name={region_name}&v=23,Душевые Hansgrohe. Оригинальная продукция,Приобретайте оригинальные души Hansgrohe с официальной гарантией. Доставка 0 руб!,,,,,,,
https://hansgrohe-russia.ru/dushevaya-programma?utm_medium=cpc&utm_source=ya_direct&utm_campaign={campaign_name}|{campaign_id}&utm_term={keyword}&utm_content=k50id|01000000{phrase_id}_{retargeting_id}|cid|{campaign_id}|gid|{gbid}|aid|{ad_id}|adp|{addphrases}|pos|{position_type}{position}|src|{source_type}_{source}|dvc|{device_type}|dop_0&k50id=01000000{phrase_id}_{retargeting_id}&cm_id={campaign_id}_{gbid}_{banner_id}_{phrase_id}_{retargeting_id}_{source}_{source_type}_{campaign_type}_{addphrases}_{device_type}_{position_type}_{region_id}&region={region_id}&region_name={region_name}&v=24,Душевые Hansgrohe. Суперцены каждый день!,Оригинальные души Hansgrohe. Скидка 5% на покупку. Переходите на сайт!,,,,,,,
https://hansgrohe-russia.ru/dushevaya-programma?utm_medium=cpc&utm_source=ya_direct&utm_campaign={campaign_name}|{campaign_id}&utm_term={keyword}&utm_content=k50id|01000000{phrase_id}_{retargeting_id}|cid|{campaign_id}|gid|{gbid}|aid|{ad_id}|adp|{addphrases}|pos|{position_type}{position}|src|{source_type}_{source}|dvc|{device_type}|dop_0&k50id=01000000{phrase_id}_{retargeting_id}&cm_id={campaign_id}_{gbid}_{banner_id}_{phrase_id}_{retargeting_id}_{source}_{source_type}_{campaign_type}_{addphrases}_{device_type}_{position_type}_{region_id}&region={region_id}&region_name={region_name}&v=25,Души для ванны Hansgrohe. Доставка по всей России!,Покупайте души от бренда Hansgrohe с гарантией производителя!,,,,,,,
https://hansgrohe-russia.ru/dushevaya-programma?utm_medium=cpc&utm_source=ya_direct&utm_campaign={campaign_name}|{campaign_id}&utm_term={keyword}&utm_content=k50id|01000000{phrase_id}_{retargeting_id}|cid|{campaign_id}|gid|{gbid}|aid|{ad_id}|adp|{addphrases}|pos|{position_type}{position}|src|{source_type}_{source}|dvc|{device_type}|dop_0&k50id=01000000{phrase_id}_{retargeting_id}&cm_id={campaign_id}_{gbid}_{banner_id}_{phrase_id}_{retargeting_id}_{source}_{source_type}_{campaign_type}_{addphrases}_{device_type}_{position_type}_{region_id}&region={region_id}&region_name={region_name}&v=26,Души для ванны Hansgrohe. Получайте подарки за покупку!,Оригинальные души Hansgrohe. Бесплатная доставка. Покупайте!,,,,,,,
https://hansgrohe-russia.ru/dushevaya-programma?utm_medium=cpc&utm_source=ya_direct&utm_campaign={campaign_name}|{campaign_id}&utm_term={keyword}&utm_content=k50id|01000000{phrase_id}_{retargeting_id}|cid|{campaign_id}|gid|{gbid}|aid|{ad_id}|adp|{addphrases}|pos|{position_type}{position}|src|{source_type}_{source}|dvc|{device_type}|dop_0&k50id=01000000{phrase_id}_{retargeting_id}&cm_id={campaign_id}_{gbid}_{banner_id}_{phrase_id}_{retargeting_id}_{source}_{source_type}_{campaign_type}_{addphrases}_{device_type}_{position_type}_{region_id}&region={region_id}&region_name={region_name}&v=27,Души для ванны Hansgrohe. Оригинальная продукция,Приобретайте души Hansgrohe с официальной гарантией. Доставка 0 руб!,,,,,,,
https://hansgrohe-russia.ru/dushevaya-programma?utm_medium=cpc&utm_source=ya_direct&utm_campaign={campaign_name}|{campaign_id}&utm_term={keyword}&utm_content=k50id|01000000{phrase_id}_{retargeting_id}|cid|{campaign_id}|gid|{gbid}|aid|{ad_id}|adp|{addphrases}|pos|{position_type}{position}|src|{source_type}_{source}|dvc|{device_type}|dop_0&k50id=01000000{phrase_id}_{retargeting_id}&cm_id={campaign_id}_{gbid}_{banner_id}_{phrase_id}_{retargeting_id}_{source}_{source_type}_{campaign_type}_{addphrases}_{device_type}_{position_type}_{region_id}&region={region_id}&region_name={region_name}&v=28,Души для ванны Hansgrohe. Суперцены каждый день!,Оригинальные души Hansgrohe. Скидка 5% на покупку. Переходите на сайт!,,,,,,,
https://hansgrohe-russia.ru/dushevaya-programma?utm_medium=cpc&utm_source=ya_direct&utm_campaign={campaign_name}|{campaign_id}&utm_term={keyword}&utm_content=k50id|01000000{phrase_id}_{retargeting_id}|cid|{campaign_id}|gid|{gbid}|aid|{ad_id}|adp|{addphrases}|pos|{position_type}{position}|src|{source_type}_{source}|dvc|{device_type}|dop_0&k50id=01000000{phrase_id}_{retargeting_id}&cm_id={campaign_id}_{gbid}_{banner_id}_{phrase_id}_{retargeting_id}_{source}_{source_type}_{campaign_type}_{addphrases}_{device_type}_{position_type}_{region_id}&region={region_id}&region_name={region_name}&v=29,Души Hansgrohe. Доставка по всей России!,Покупайте души от бренда Hansgrohe с гарантией производителя!,,,,,,,
https://hansgrohe-russia.ru/dushevaya-programma?utm_medium=cpc&utm_source=ya_direct&utm_campaign={campaign_name}|{campaign_id}&utm_term={keyword}&utm_content=k50id|01000000{phrase_id}_{retargeting_id}|cid|{campaign_id}|gid|{gbid}|aid|{ad_id}|adp|{addphrases}|pos|{position_type}{position}|src|{source_type}_{source}|dvc|{device_type}|dop_0&k50id=01000000{phrase_id}_{retargeting_id}&cm_id={campaign_id}_{gbid}_{banner_id}_{phrase_id}_{retargeting_id}_{source}_{source_type}_{campaign_type}_{addphrases}_{device_type}_{position_type}_{region_id}&region={region_id}&region_name={region_name}&v=30,Души Hansgrohe. Получайте подарки за покупку!,Оригинальные души Hansgrohe. Бесплатная доставка. Покупайте!,,,,,,,
https://hansgrohe-russia.ru/dushevaya-programma?utm_medium=cpc&utm_source=ya_direct&utm_campaign={campaign_name}|{campaign_id}&utm_term={keyword}&utm_content=k50id|01000000{phrase_id}_{retargeting_id}|cid|{campaign_id}|gid|{gbid}|aid|{ad_id}|adp|{addphrases}|pos|{position_type}{position}|src|{source_type}_{source}|dvc|{device_type}|dop_0&k50id=01000000{phrase_id}_{retargeting_id}&cm_id={campaign_id}_{gbid}_{banner_id}_{phrase_id}_{retargeting_id}_{source}_{source_type}_{campaign_type}_{addphrases}_{device_type}_{position_type}_{region_id}&region={region_id}&region_name={region_name}&v=31,Души Hansgrohe. Оригинальная продукция,Приобретайте души Hansgrohe с официальной гарантией. Доставка 0 руб!,,,,,,,
https://hansgrohe-russia.ru/dushevaya-programma?utm_medium=cpc&utm_source=ya_direct&utm_campaign={campaign_name}|{campaign_id}&utm_term={keyword}&utm_content=k50id|01000000{phrase_id}_{retargeting_id}|cid|{campaign_id}|gid|{gbid}|aid|{ad_id}|adp|{addphrases}|pos|{position_type}{position}|src|{source_type}_{source}|dvc|{device_type}|dop_0&k50id=01000000{phrase_id}_{retargeting_id}&cm_id={campaign_id}_{gbid}_{banner_id}_{phrase_id}_{retargeting_id}_{source}_{source_type}_{campaign_type}_{addphrases}_{device_type}_{position_type}_{region_id}&region={region_id}&region_name={region_name}&v=32,Души Hansgrohe. Суперцены каждый день!,Оригинальные души Hansgrohe. Скидка 5% на покупку. Переходите на сайт!,,,,,,,
https://hansgrohe-russia.ru/dushevaya-programma?utm_medium=cpc&utm_source=ya_direct&utm_campaign={campaign_name}|{campaign_id}&utm_term={keyword}&utm_content=k50id|01000000{phrase_id}_{retargeting_id}|cid|{campaign_id}|gid|{gbid}|aid|{ad_id}|adp|{addphrases}|pos|{position_type}{position}|src|{source_type}_{source}|dvc|{device_type}|dop_0&k50id=01000000{phrase_id}_{retargeting_id}&cm_id={campaign_id}_{gbid}_{banner_id}_{phrase_id}_{retargeting_id}_{source}_{source_type}_{campaign_type}_{addphrases}_{device_type}_{position_type}_{region_id}&region={region_id}&region_name={region_name}&v=33,Души Hansgrohe Focus. Доставка по всей России!,Покупайте души от бренда Hansgrohe с гарантией производителя!,,,,,,,
https://hansgrohe-russia.ru/dushevaya-programma?utm_medium=cpc&utm_source=ya_direct&utm_campaign={campaign_name}|{campaign_id}&utm_term={keyword}&utm_content=k50id|01000000{phrase_id}_{retargeting_id}|cid|{campaign_id}|gid|{gbid}|aid|{ad_id}|adp|{addphrases}|pos|{position_type}{position}|src|{source_type}_{source}|dvc|{device_type}|dop_0&k50id=01000000{phrase_id}_{retargeting_id}&cm_id={campaign_id}_{gbid}_{banner_id}_{phrase_id}_{retargeting_id}_{source}_{source_type}_{campaign_type}_{addphrases}_{device_type}_{position_type}_{region_id}&region={region_id}&region_name={region_name}&v=34,Души Hansgrohe Focus. Получайте подарки за покупку!,Оригинальные души Hansgrohe. Бесплатная доставка. Покупайте!,,,,,,,
https://hansgrohe-russia.ru/dushevaya-programma?utm_medium=cpc&utm_source=ya_direct&utm_campaign={campaign_name}|{campaign_id}&utm_term={keyword}&utm_content=k50id|01000000{phrase_id}_{retargeting_id}|cid|{campaign_id}|gid|{gbid}|aid|{ad_id}|adp|{addphrases}|pos|{position_type}{position}|src|{source_type}_{source}|dvc|{device_type}|dop_0&k50id=01000000{phrase_id}_{retargeting_id}&cm_id={campaign_id}_{gbid}_{banner_id}_{phrase_id}_{retargeting_id}_{source}_{source_type}_{campaign_type}_{addphrases}_{device_type}_{position_type}_{region_id}&region={region_id}&region_name={region_name}&v=35,Души Hansgrohe Focus. Оригинальная продукция,Приобретайте души Hansgrohe с официальной гарантией. Доставка 0 руб!,,,,,,,
https://hansgrohe-russia.ru/dushevaya-programma?utm_medium=cpc&utm_source=ya_direct&utm_campaign={campaign_name}|{campaign_id}&utm_term={keyword}&utm_content=k50id|01000000{phrase_id}_{retargeting_id}|cid|{campaign_id}|gid|{gbid}|aid|{ad_id}|adp|{addphrases}|pos|{position_type}{position}|src|{source_type}_{source}|dvc|{device_type}|dop_0&k50id=01000000{phrase_id}_{retargeting_id}&cm_id={campaign_id}_{gbid}_{banner_id}_{phrase_id}_{retargeting_id}_{source}_{source_type}_{campaign_type}_{addphrases}_{device_type}_{position_type}_{region_id}&region={region_id}&region_name={region_name}&v=36,Души Hansgrohe Focus. Суперцены каждый день!,Оригинальные души Hansgrohe. Скидка 5% на покупку. Переходите на сайт!,,,,,,,
https://hansgrohe-russia.ru/dushevaya-programma?utm_medium=cpc&utm_source=ya_direct&utm_campaign={campaign_name}|{campaign_id}&utm_term={keyword}&utm_content=k50id|01000000{phrase_id}_{retargeting_id}|cid|{campaign_id}|gid|{gbid}|aid|{ad_id}|adp|{addphrases}|pos|{position_type}{position}|src|{source_type}_{source}|dvc|{device_type}|dop_0&k50id=01000000{phrase_id}_{retargeting_id}&cm_id={campaign_id}_{gbid}_{banner_id}_{phrase_id}_{retargeting_id}_{source}_{source_type}_{campaign_type}_{addphrases}_{device_type}_{position_type}_{region_id}&region={region_id}&region_name={region_name}&v=37,Души Hansgrohe Logis. Доставка по всей России!,Покупайте души от бренда Hansgrohe с гарантией производителя!,,,,,,,
https://hansgrohe-russia.ru/dushevaya-programma?utm_medium=cpc&utm_source=ya_direct&utm_campaign={campaign_name}|{campaign_id}&utm_term={keyword}&utm_content=k50id|01000000{phrase_id}_{retargeting_id}|cid|{campaign_id}|gid|{gbid}|aid|{ad_id}|adp|{addphrases}|pos|{position_type}{position}|src|{source_type}_{source}|dvc|{device_type}|dop_0&k50id=01000000{phrase_id}_{retargeting_id}&cm_id={campaign_id}_{gbid}_{banner_id}_{phrase_id}_{retargeting_id}_{source}_{source_type}_{campaign_type}_{addphrases}_{device_type}_{position_type}_{region_id}&region={region_id}&region_name={region_name}&v=38,Души Hansgrohe Logis. Получайте подарки за покупку!,Оригинальные души Hansgrohe. Бесплатная доставка. Покупайте!,,,,,,,
https://hansgrohe-russia.ru/dushevaya-programma?utm_medium=cpc&utm_source=ya_direct&utm_campaign={campaign_name}|{campaign_id}&utm_term={keyword}&utm_content=k50id|01000000{phrase_id}_{retargeting_id}|cid|{campaign_id}|gid|{gbid}|aid|{ad_id}|adp|{addphrases}|pos|{position_type}{position}|src|{source_type}_{source}|dvc|{device_type}|dop_0&k50id=01000000{phrase_id}_{retargeting_id}&cm_id={campaign_id}_{gbid}_{banner_id}_{phrase_id}_{retargeting_id}_{source}_{source_type}_{campaign_type}_{addphrases}_{device_type}_{position_type}_{region_id}&region={region_id}&region_name={region_name}&v=39,Души Hansgrohe Logis. Оригинальная продукция,Приобретайте души Hansgrohe с официальной гарантией. Доставка 0 руб!,,,,,,,
https://hansgrohe-russia.ru/dushevaya-programma?utm_medium=cpc&utm_source=ya_direct&utm_campaign={campaign_name}|{campaign_id}&utm_term={keyword}&utm_content=k50id|01000000{phrase_id}_{retargeting_id}|cid|{campaign_id}|gid|{gbid}|aid|{ad_id}|adp|{addphrases}|pos|{position_type}{position}|src|{source_type}_{source}|dvc|{device_type}|dop_0&k50id=01000000{phrase_id}_{retargeting_id}&cm_id={campaign_id}_{gbid}_{banner_id}_{phrase_id}_{retargeting_id}_{source}_{source_type}_{campaign_type}_{addphrases}_{device_type}_{position_type}_{region_id}&region={region_id}&region_name={region_name}&v=40,Души Hansgrohe Logis. Суперцены каждый день!,Оригинальные души Hansgrohe. Скидка 5% на покупку. Переходите на сайт!,,,,,,,
https://hansgrohe-russia.ru/dushevaya-programma?utm_medium=cpc&utm_source=ya_direct&utm_campaign={campaign_name}|{campaign_id}&utm_term={keyword}&utm_content=k50id|01000000{phrase_id}_{retargeting_id}|cid|{campaign_id}|gid|{gbid}|aid|{ad_id}|adp|{addphrases}|pos|{position_type}{position}|src|{source_type}_{source}|dvc|{device_type}|dop_0&k50id=01000000{phrase_id}_{retargeting_id}&cm_id={campaign_id}_{gbid}_{banner_id}_{phrase_id}_{retargeting_id}_{source}_{source_type}_{campaign_type}_{addphrases}_{device_type}_{position_type}_{region_id}&region={region_id}&region_name={region_name}&v=41,Квадратные души Hansgrohe. Доставка по всей России!,Покупайте квадратные души от бренда Hansgrohe с гарантией производителя!,,,,,,,
https://hansgrohe-russia.ru/dushevaya-programma?utm_medium=cpc&utm_source=ya_direct&utm_campaign={campaign_name}|{campaign_id}&utm_term={keyword}&utm_content=k50id|01000000{phrase_id}_{retargeting_id}|cid|{campaign_id}|gid|{gbid}|aid|{ad_id}|adp|{addphrases}|pos|{position_type}{position}|src|{source_type}_{source}|dvc|{device_type}|dop_0&k50id=01000000{phrase_id}_{retargeting_id}&cm_id={campaign_id}_{gbid}_{banner_id}_{phrase_id}_{retargeting_id}_{source}_{source_type}_{campaign_type}_{addphrases}_{device_type}_{position_type}_{region_id}&region={region_id}&region_name={region_name}&v=42,Квадратные души Hansgrohe. Получайте подарки за покупку!,Квадратные души Hansgrohe. Бесплатная доставка. Покупайте!,,,,,,,
https://hansgrohe-russia.ru/dushevaya-programma?utm_medium=cpc&utm_source=ya_direct&utm_campaign={campaign_name}|{campaign_id}&utm_term={keyword}&utm_content=k50id|01000000{phrase_id}_{retargeting_id}|cid|{campaign_id}|gid|{gbid}|aid|{ad_id}|adp|{addphrases}|pos|{position_type}{position}|src|{source_type}_{source}|dvc|{device_type}|dop_0&k50id=01000000{phrase_id}_{retargeting_id}&cm_id={campaign_id}_{gbid}_{banner_id}_{phrase_id}_{retargeting_id}_{source}_{source_type}_{campaign_type}_{addphrases}_{device_type}_{position_type}_{region_id}&region={region_id}&region_name={region_name}&v=43,Квадратные души Hansgrohe. Оригинальная продукция,Приобретайте квадратные души Hansgrohe с официальной гарантией. Доставка 0 руб!,,,,,,,
https://hansgrohe-russia.ru/dushevaya-programma?utm_medium=cpc&utm_source=ya_direct&utm_campaign={campaign_name}|{campaign_id}&utm_term={keyword}&utm_content=k50id|01000000{phrase_id}_{retargeting_id}|cid|{campaign_id}|gid|{gbid}|aid|{ad_id}|adp|{addphrases}|pos|{position_type}{position}|src|{source_type}_{source}|dvc|{device_type}|dop_0&k50id=01000000{phrase_id}_{retargeting_id}&cm_id={campaign_id}_{gbid}_{banner_id}_{phrase_id}_{retargeting_id}_{source}_{source_type}_{campaign_type}_{addphrases}_{device_type}_{position_type}_{region_id}&region={region_id}&region_name={region_name}&v=44,Квадратные души Hansgrohe. Суперцены каждый день!,Квадратные души Hansgrohe. Скидка 5% на покупку. Переходите на сайт!,,,,,,,
https://hansgrohe-russia.ru/dushevaya-programma?utm_medium=cpc&utm_source=ya_direct&utm_campaign={campaign_name}|{campaign_id}&utm_term={keyword}&utm_content=k50id|01000000{phrase_id}_{retargeting_id}|cid|{campaign_id}|gid|{gbid}|aid|{ad_id}|adp|{addphrases}|pos|{position_type}{position}|src|{source_type}_{source}|dvc|{device_type}|dop_0&k50id=01000000{phrase_id}_{retargeting_id}&cm_id={campaign_id}_{gbid}_{banner_id}_{phrase_id}_{retargeting_id}_{source}_{source_type}_{campaign_type}_{addphrases}_{device_type}_{position_type}_{region_id}&region={region_id}&region_name={region_name}&v=45,Тропические души для ванны Hansgrohe,Покупайте тропические души от бренда Hansgrohe с гарантией производителя!,,,,,,,
https://hansgrohe-russia.ru/dushevaya-programma?utm_medium=cpc&utm_source=ya_direct&utm_campaign={campaign_name}|{campaign_id}&utm_term={keyword}&utm_content=k50id|01000000{phrase_id}_{retargeting_id}|cid|{campaign_id}|gid|{gbid}|aid|{ad_id}|adp|{addphrases}|pos|{position_type}{position}|src|{source_type}_{source}|dvc|{device_type}|dop_0&k50id=01000000{phrase_id}_{retargeting_id}&cm_id={campaign_id}_{gbid}_{banner_id}_{phrase_id}_{retargeting_id}_{source}_{source_type}_{campaign_type}_{addphrases}_{device_type}_{position_type}_{region_id}&region={region_id}&region_name={region_name}&v=46,Тропические души для ванны Hansgrohe,Оригинальные тропические души Hansgrohe. Бесплатная доставка. Покупайте!,,,,,,,
https://hansgrohe-russia.ru/dushevaya-programma?utm_medium=cpc&utm_source=ya_direct&utm_campaign={campaign_name}|{campaign_id}&utm_term={keyword}&utm_content=k50id|01000000{phrase_id}_{retargeting_id}|cid|{campaign_id}|gid|{gbid}|aid|{ad_id}|adp|{addphrases}|pos|{position_type}{position}|src|{source_type}_{source}|dvc|{device_type}|dop_0&k50id=01000000{phrase_id}_{retargeting_id}&cm_id={campaign_id}_{gbid}_{banner_id}_{phrase_id}_{retargeting_id}_{source}_{source_type}_{campaign_type}_{addphrases}_{device_type}_{position_type}_{region_id}&region={region_id}&region_name={region_name}&v=47,Тропические души для ванны Hansgrohe,Приобретайте тропические души Hansgrohe с официальной гарантией. Доставка 0 руб!,,,,,,,
https://hansgrohe-russia.ru/dushevaya-programma?utm_medium=cpc&utm_source=ya_direct&utm_campaign={campaign_name}|{campaign_id}&utm_term={keyword}&utm_content=k50id|01000000{phrase_id}_{retargeting_id}|cid|{campaign_id}|gid|{gbid}|aid|{ad_id}|adp|{addphrases}|pos|{position_type}{position}|src|{source_type}_{source}|dvc|{device_type}|dop_0&k50id=01000000{phrase_id}_{retargeting_id}&cm_id={campaign_id}_{gbid}_{banner_id}_{phrase_id}_{retargeting_id}_{source}_{source_type}_{campaign_type}_{addphrases}_{device_type}_{position_type}_{region_id}&region={region_id}&region_name={region_name}&v=48,Тропические души для ванны Hansgrohe,Оригинальные тропические души Hansgrohe. Скидка 5% на покупку. Переходите на сайт!,,,,,,,
https://hansgrohe-russia.ru/dushevaya-programma?utm_medium=cpc&utm_source=ya_direct&utm_campaign={campaign_name}|{campaign_id}&utm_term={keyword}&utm_content=k50id|01000000{phrase_id}_{retargeting_id}|cid|{campaign_id}|gid|{gbid}|aid|{ad_id}|adp|{addphrases}|pos|{position_type}{position}|src|{source_type}_{source}|dvc|{device_type}|dop_0&k50id=01000000{phrase_id}_{retargeting_id}&cm_id={campaign_id}_{gbid}_{banner_id}_{phrase_id}_{retargeting_id}_{source}_{source_type}_{campaign_type}_{addphrases}_{device_type}_{position_type}_{region_id}&region={region_id}&region_name={region_name}&v=49,Тропические души Hansgrohe. Доставка по всей России!,Покупайте тропические души от бренда Hansgrohe с гарантией производителя!,,,,,,,
https://hansgrohe-russia.ru/dushevaya-programma?utm_medium=cpc&utm_source=ya_direct&utm_campaign={campaign_name}|{campaign_id}&utm_term={keyword}&utm_content=k50id|01000000{phrase_id}_{retargeting_id}|cid|{campaign_id}|gid|{gbid}|aid|{ad_id}|adp|{addphrases}|pos|{position_type}{position}|src|{source_type}_{source}|dvc|{device_type}|dop_0&k50id=01000000{phrase_id}_{retargeting_id}&cm_id={campaign_id}_{gbid}_{banner_id}_{phrase_id}_{retargeting_id}_{source}_{source_type}_{campaign_type}_{addphrases}_{device_type}_{position_type}_{region_id}&region={region_id}&region_name={region_name}&v=50,Тропические души Hansgrohe,Оригинальные тропические души Hansgrohe. Бесплатная доставка. Покупайте!,,,,,,,
https://hansgrohe-russia.ru/dushevaya-programma?utm_medium=cpc&utm_source=ya_direct&utm_campaign={campaign_name}|{campaign_id}&utm_term={keyword}&utm_content=k50id|01000000{phrase_id}_{retargeting_id}|cid|{campaign_id}|gid|{gbid}|aid|{ad_id}|adp|{addphrases}|pos|{position_type}{position}|src|{source_type}_{source}|dvc|{device_type}|dop_0&k50id=01000000{phrase_id}_{retargeting_id}&cm_id={campaign_id}_{gbid}_{banner_id}_{phrase_id}_{retargeting_id}_{source}_{source_type}_{campaign_type}_{addphrases}_{device_type}_{position_type}_{region_id}&region={region_id}&region_name={region_name}&v=51,Тропические души Hansgrohe. Оригинальная продукция,Приобретайте тропические души Hansgrohe с официальной гарантией. Доставка 0 руб!,,,,,,,
https://hansgrohe-russia.ru/dushevaya-programma?utm_medium=cpc&utm_source=ya_direct&utm_campaign={campaign_name}|{campaign_id}&utm_term={keyword}&utm_content=k50id|01000000{phrase_id}_{retargeting_id}|cid|{campaign_id}|gid|{gbid}|aid|{ad_id}|adp|{addphrases}|pos|{position_type}{position}|src|{source_type}_{source}|dvc|{device_type}|dop_0&k50id=01000000{phrase_id}_{retargeting_id}&cm_id={campaign_id}_{gbid}_{banner_id}_{phrase_id}_{retargeting_id}_{source}_{source_type}_{campaign_type}_{addphrases}_{device_type}_{position_type}_{region_id}&region={region_id}&region_name={region_name}&v=52,Тропические души Hansgrohe. Суперцены каждый день!,Оригинальные тропические души Hansgrohe. Скидка 5% на покупку. Переходите на сайт!,,,,,,,
https://hansgrohe-russia.ru/dushevaya-programma/dush-dlya-sobak?utm_medium=cpc&utm_source=ya_direct&utm_campaign={campaign_name}|{campaign_id}&utm_term={keyword}&utm_content=k50id|01000000{phrase_id}_{retargeting_id}|cid|{campaign_id}|gid|{gbid}|aid|{ad_id}|adp|{addphrases}|pos|{position_type}{position}|src|{source_type}_{source}|dvc|{device_type}|dop_0&k50id=01000000{phrase_id}_{retargeting_id}&cm_id={campaign_id}_{gbid}_{banner_id}_{phrase_id}_{retargeting_id}_{source}_{source_type}_{campaign_type}_{addphrases}_{device_type}_{position_type}_{region_id}&region={region_id}&region_name={region_name}&v=1,Души для собак Hansgrohe. Доставка по всей России!,Покупайте души для собак от бренда Hansgrohe с гарантией производителя!,,,,,,,
https://hansgrohe-russia.ru/dushevaya-programma/dush-dlya-sobak?utm_medium=cpc&utm_source=ya_direct&utm_campaign={campaign_name}|{campaign_id}&utm_term={keyword}&utm_content=k50id|01000000{phrase_id}_{retargeting_id}|cid|{campaign_id}|gid|{gbid}|aid|{ad_id}|adp|{addphrases}|pos|{position_type}{position}|src|{source_type}_{source}|dvc|{device_type}|dop_0&k50id=01000000{phrase_id}_{retargeting_id}&cm_id={campaign_id}_{gbid}_{banner_id}_{phrase_id}_{retargeting_id}_{source}_{source_type}_{campaign_type}_{addphrases}_{device_type}_{position_type}_{region_id}&region={region_id}&region_name={region_name}&v=2,Души для собак Hansgrohe. Получайте подарки за покупку!,Оригинальные души для собак Hansgrohe. Бесплатная доставка. Покупайте!,,,,,,,
https://hansgrohe-russia.ru/dushevaya-programma/dush-dlya-sobak?utm_medium=cpc&utm_source=ya_direct&utm_campaign={campaign_name}|{campaign_id}&utm_term={keyword}&utm_content=k50id|01000000{phrase_id}_{retargeting_id}|cid|{campaign_id}|gid|{gbid}|aid|{ad_id}|adp|{addphrases}|pos|{position_type}{position}|src|{source_type}_{source}|dvc|{device_type}|dop_0&k50id=01000000{phrase_id}_{retargeting_id}&cm_id={campaign_id}_{gbid}_{banner_id}_{phrase_id}_{retargeting_id}_{source}_{source_type}_{campaign_type}_{addphrases}_{device_type}_{position_type}_{region_id}&region={region_id}&region_name={region_name}&v=3,Души для собак Hansgrohe. Оригинальная продукция,Приобретайте души для собак Hansgrohe с официальной гарантией. Доставка 0 руб!,,,,,,,
https://hansgrohe-russia.ru/dushevaya-programma/dush-dlya-sobak?utm_medium=cpc&utm_source=ya_direct&utm_campaign={campaign_name}|{campaign_id}&utm_term={keyword}&utm_content=k50id|01000000{phrase_id}_{retargeting_id}|cid|{campaign_id}|gid|{gbid}|aid|{ad_id}|adp|{addphrases}|pos|{position_type}{position}|src|{source_type}_{source}|dvc|{device_type}|dop_0&k50id=01000000{phrase_id}_{retargeting_id}&cm_id={campaign_id}_{gbid}_{banner_id}_{phrase_id}_{retargeting_id}_{source}_{source_type}_{campaign_type}_{addphrases}_{device_type}_{position_type}_{region_id}&region={region_id}&region_name={region_name}&v=4,Души для собак Hansgrohe. Суперцены каждый день!,Оригинальные души для собак Hansgrohe. Скидка 5% на покупку. Переходите на сайт!,,,,,,,
https://hansgrohe-russia.ru/dushevaya-programma/shopby/hg_poverkhnost-chernyy-matovyy_chernyy-chernyy_hrom?v=1#catalog?utm_medium=cpc&utm_source=ya_direct&utm_campaign={campaign_name}|{campaign_id}&utm_term={keyword}&utm_content=k50id|01000000{phrase_id}_{retargeting_id}|cid|{campaign_id}|gid|{gbid}|aid|{ad_id}|adp|{addphrases}|pos|{position_type}{position}|src|{source_type}_{source}|dvc|{device_type}|dop_0&k50id=01000000{phrase_id}_{retargeting_id}&cm_id={campaign_id}_{gbid}_{banner_id}_{phrase_id}_{retargeting_id}_{source}_{source_type}_{campaign_type}_{addphrases}_{device_type}_{position_type}_{region_id}&region={region_id}&region_name={region_name},Души Hansgrohe черного цвета. Доставка по всей России!,Покупайте души от бренда Hansgrohe с гарантией производителя!,,,,,,,
https://hansgrohe-russia.ru/dushevaya-programma/shopby/hg_poverkhnost-chernyy-matovyy_chernyy-chernyy_hrom?v=2#catalog?utm_medium=cpc&utm_source=ya_direct&utm_campaign={campaign_name}|{campaign_id}&utm_term={keyword}&utm_content=k50id|01000000{phrase_id}_{retargeting_id}|cid|{campaign_id}|gid|{gbid}|aid|{ad_id}|adp|{addphrases}|pos|{position_type}{position}|src|{source_type}_{source}|dvc|{device_type}|dop_0&k50id=01000000{phrase_id}_{retargeting_id}&cm_id={campaign_id}_{gbid}_{banner_id}_{phrase_id}_{retargeting_id}_{source}_{source_type}_{campaign_type}_{addphrases}_{device_type}_{position_type}_{region_id}&region={region_id}&region_name={region_name},Души Hansgrohe черного цвета,Оригинальные души Hansgrohe. Бесплатная доставка. Покупайте!,,,,,,,
https://hansgrohe-russia.ru/dushevaya-programma/shopby/hg_poverkhnost-chernyy-matovyy_chernyy-chernyy_hrom?v=3#catalog?utm_medium=cpc&utm_source=ya_direct&utm_campaign={campaign_name}|{campaign_id}&utm_term={keyword}&utm_content=k50id|01000000{phrase_id}_{retargeting_id}|cid|{campaign_id}|gid|{gbid}|aid|{ad_id}|adp|{addphrases}|pos|{position_type}{position}|src|{source_type}_{source}|dvc|{device_type}|dop_0&k50id=01000000{phrase_id}_{retargeting_id}&cm_id={campaign_id}_{gbid}_{banner_id}_{phrase_id}_{retargeting_id}_{source}_{source_type}_{campaign_type}_{addphrases}_{device_type}_{position_type}_{region_id}&region={region_id}&region_name={region_name},Души Hansgrohe черного цвета. Оригинальная продукция,Приобретайте души Hansgrohe с официальной гарантией. Доставка 0 руб!,,,,,,,
https://hansgrohe-russia.ru/dushevaya-programma/shopby/hg_poverkhnost-chernyy-matovyy_chernyy-chernyy_hrom?v=4#catalog?utm_medium=cpc&utm_source=ya_direct&utm_campaign={campaign_name}|{campaign_id}&utm_term={keyword}&utm_content=k50id|01000000{phrase_id}_{retargeting_id}|cid|{campaign_id}|gid|{gbid}|aid|{ad_id}|adp|{addphrases}|pos|{position_type}{position}|src|{source_type}_{source}|dvc|{device_type}|dop_0&k50id=01000000{phrase_id}_{retargeting_id}&cm_id={campaign_id}_{gbid}_{banner_id}_{phrase_id}_{retargeting_id}_{source}_{source_type}_{campaign_type}_{addphrases}_{device_type}_{position_type}_{region_id}&region={region_id}&region_name={region_name},Души Hansgrohe черного цвета. Суперцены каждый день!,Оригинальные души Hansgrohe. Скидка 5% на покупку. Переходите на сайт!,,,,,,,
https://hansgrohe-russia.ru/dushevaya-programma/shopby/hg_poverkhnost-shlifovannoe_zoloto-polirovannoe_zoloto-hrom_pod_zoloto?v=1#catalog?utm_medium=cpc&utm_source=ya_direct&utm_campaign={campaign_name}|{campaign_id}&utm_term={keyword}&utm_content=k50id|01000000{phrase_id}_{retargeting_id}|cid|{campaign_id}|gid|{gbid}|aid|{ad_id}|adp|{addphrases}|pos|{position_type}{position}|src|{source_type}_{source}|dvc|{device_type}|dop_0&k50id=01000000{phrase_id}_{retargeting_id}&cm_id={campaign_id}_{gbid}_{banner_id}_{phrase_id}_{retargeting_id}_{source}_{source_type}_{campaign_type}_{addphrases}_{device_type}_{position_type}_{region_id}&region={region_id}&region_name={region_name},Души Hansgrohe золотого цвета. Доставка по всей России!,Покупайте души от бренда Hansgrohe с гарантией производителя!,,,,,,,
https://hansgrohe-russia.ru/dushevaya-programma/shopby/hg_poverkhnost-shlifovannoe_zoloto-polirovannoe_zoloto-hrom_pod_zoloto?v=2#catalog?utm_medium=cpc&utm_source=ya_direct&utm_campaign={campaign_name}|{campaign_id}&utm_term={keyword}&utm_content=k50id|01000000{phrase_id}_{retargeting_id}|cid|{campaign_id}|gid|{gbid}|aid|{ad_id}|adp|{addphrases}|pos|{position_type}{position}|src|{source_type}_{source}|dvc|{device_type}|dop_0&k50id=01000000{phrase_id}_{retargeting_id}&cm_id={campaign_id}_{gbid}_{banner_id}_{phrase_id}_{retargeting_id}_{source}_{source_type}_{campaign_type}_{addphrases}_{device_type}_{position_type}_{region_id}&region={region_id}&region_name={region_name},Души Hansgrohe золотого цвета,Оригинальные души Hansgrohe. Бесплатная доставка. Покупайте!,,,,,,,
https://hansgrohe-russia.ru/dushevaya-programma/shopby/hg_poverkhnost-shlifovannoe_zoloto-polirovannoe_zoloto-hrom_pod_zoloto?v=3#catalog?utm_medium=cpc&utm_source=ya_direct&utm_campaign={campaign_name}|{campaign_id}&utm_term={keyword}&utm_content=k50id|01000000{phrase_id}_{retargeting_id}|cid|{campaign_id}|gid|{gbid}|aid|{ad_id}|adp|{addphrases}|pos|{position_type}{position}|src|{source_type}_{source}|dvc|{device_type}|dop_0&k50id=01000000{phrase_id}_{retargeting_id}&cm_id={campaign_id}_{gbid}_{banner_id}_{phrase_id}_{retargeting_id}_{source}_{source_type}_{campaign_type}_{addphrases}_{device_type}_{position_type}_{region_id}&region={region_id}&region_name={region_name},Души Hansgrohe золотого цвета. Оригинальная продукция,Приобретайте души Hansgrohe с официальной гарантией. Доставка 0 руб!,,,,,,,
https://hansgrohe-russia.ru/dushevaya-programma/shopby/hg_poverkhnost-shlifovannoe_zoloto-polirovannoe_zoloto-hrom_pod_zoloto?v=4#catalog?utm_medium=cpc&utm_source=ya_direct&utm_campaign={campaign_name}|{campaign_id}&utm_term={keyword}&utm_content=k50id|01000000{phrase_id}_{retargeting_id}|cid|{campaign_id}|gid|{gbid}|aid|{ad_id}|adp|{addphrases}|pos|{position_type}{position}|src|{source_type}_{source}|dvc|{device_type}|dop_0&k50id=01000000{phrase_id}_{retargeting_id}&cm_id={campaign_id}_{gbid}_{banner_id}_{phrase_id}_{retargeting_id}_{source}_{source_type}_{campaign_type}_{addphrases}_{device_type}_{position_type}_{region_id}&region={region_id}&region_name={region_name},Души Hansgrohe золотого цвета. Суперцены каждый день!,Оригинальные души Hansgrohe. Скидка 5% на покупку. Переходите на сайт!,,,,,,,
https://hansgrohe-russia.ru/dushevaya-programma/shopby/hg_tip-showerpipes_s_termostatom-dushevye_nabory_so_shtangoy_i_termostatom?v=1#catalog?utm_medium=cpc&utm_source=ya_direct&utm_campaign={campaign_name}|{campaign_id}&utm_term={keyword}&utm_content=k50id|01000000{phrase_id}_{retargeting_id}|cid|{campaign_id}|gid|{gbid}|aid|{ad_id}|adp|{addphrases}|pos|{position_type}{position}|src|{source_type}_{source}|dvc|{device_type}|dop_0&k50id=01000000{phrase_id}_{retargeting_id}&cm_id={campaign_id}_{gbid}_{banner_id}_{phrase_id}_{retargeting_id}_{source}_{source_type}_{campaign_type}_{addphrases}_{device_type}_{position_type}_{region_id}&region={region_id}&region_name={region_name},Тропические души с термостатом Hansgrohe,Покупайте тропические души от бренда Hansgrohe с гарантией производителя!,,,,,,,
https://hansgrohe-russia.ru/dushevaya-programma/shopby/hg_tip-showerpipes_s_termostatom-dushevye_nabory_so_shtangoy_i_termostatom?v=2#catalog?utm_medium=cpc&utm_source=ya_direct&utm_campaign={campaign_name}|{campaign_id}&utm_term={keyword}&utm_content=k50id|01000000{phrase_id}_{retargeting_id}|cid|{campaign_id}|gid|{gbid}|aid|{ad_id}|adp|{addphrases}|pos|{position_type}{position}|src|{source_type}_{source}|dvc|{device_type}|dop_0&k50id=01000000{phrase_id}_{retargeting_id}&cm_id={campaign_id}_{gbid}_{banner_id}_{phrase_id}_{retargeting_id}_{source}_{source_type}_{campaign_type}_{addphrases}_{device_type}_{position_type}_{region_id}&region={region_id}&region_name={region_name},Тропические души с термостатом Hansgrohe,Оригинальные тропические души Hansgrohe. Бесплатная доставка. Покупайте!,,,,,,,
https://hansgrohe-russia.ru/dushevaya-programma/shopby/hg_tip-showerpipes_s_termostatom-dushevye_nabory_so_shtangoy_i_termostatom?v=3#catalog?utm_medium=cpc&utm_source=ya_direct&utm_campaign={campaign_name}|{campaign_id}&utm_term={keyword}&utm_content=k50id|01000000{phrase_id}_{retargeting_id}|cid|{campaign_id}|gid|{gbid}|aid|{ad_id}|adp|{addphrases}|pos|{position_type}{position}|src|{source_type}_{source}|dvc|{device_type}|dop_0&k50id=01000000{phrase_id}_{retargeting_id}&cm_id={campaign_id}_{gbid}_{banner_id}_{phrase_id}_{retargeting_id}_{source}_{source_type}_{campaign_type}_{addphrases}_{device_type}_{position_type}_{region_id}&region={region_id}&region_name={region_name},Тропические души с термостатом Hansgrohe,Приобретайте тропические души Hansgrohe с официальной гарантией. Доставка 0 руб!,,,,,,,
https://hansgrohe-russia.ru/dushevaya-programma/shopby/hg_tip-showerpipes_s_termostatom-dushevye_nabory_so_shtangoy_i_termostatom?v=4#catalog?utm_medium=cpc&utm_source=ya_direct&utm_campaign={campaign_name}|{campaign_id}&utm_term={keyword}&utm_content=k50id|01000000{phrase_id}_{retargeting_id}|cid|{campaign_id}|gid|{gbid}|aid|{ad_id}|adp|{addphrases}|pos|{position_type}{position}|src|{source_type}_{source}|dvc|{device_type}|dop_0&k50id=01000000{phrase_id}_{retargeting_id}&cm_id={campaign_id}_{gbid}_{banner_id}_{phrase_id}_{retargeting_id}_{source}_{source_type}_{campaign_type}_{addphrases}_{device_type}_{position_type}_{region_id}&region={region_id}&region_name={region_name},Тропические души с термостатом Hansgrohe,Оригинальные тропические души Hansgrohe. Скидка 5% на покупку. Переходите на сайт!,,,,,,,
https://hansgrohe-russia.ru/dushevaya-programma/verhnie-dushi?utm_medium=cpc&utm_source=ya_direct&utm_campaign={campaign_name}|{campaign_id}&utm_term={keyword}&utm_content=k50id|01000000{phrase_id}_{retargeting_id}|cid|{campaign_id}|gid|{gbid}|aid|{ad_id}|adp|{addphrases}|pos|{position_type}{position}|src|{source_type}_{source}|dvc|{device_type}|dop_0&k50id=01000000{phrase_id}_{retargeting_id}&cm_id={campaign_id}_{gbid}_{banner_id}_{phrase_id}_{retargeting_id}_{source}_{source_type}_{campaign_type}_{addphrases}_{device_type}_{position_type}_{region_id}&region={region_id}&region_name={region_name}&v=1,Верхние души Hansgrohe. Доставка по всей России!,Покупайте верхние души от бренда Hansgrohe с гарантией производителя!,,,,,,,
https://hansgrohe-russia.ru/dushevaya-programma/verhnie-dushi?utm_medium=cpc&utm_source=ya_direct&utm_campaign={campaign_name}|{campaign_id}&utm_term={keyword}&utm_content=k50id|01000000{phrase_id}_{retargeting_id}|cid|{campaign_id}|gid|{gbid}|aid|{ad_id}|adp|{addphrases}|pos|{position_type}{position}|src|{source_type}_{source}|dvc|{device_type}|dop_0&k50id=01000000{phrase_id}_{retargeting_id}&cm_id={campaign_id}_{gbid}_{banner_id}_{phrase_id}_{retargeting_id}_{source}_{source_type}_{campaign_type}_{addphrases}_{device_type}_{position_type}_{region_id}&region={region_id}&region_name={region_name}&v=2,Верхние души Hansgrohe. Получайте подарки за покупку!,Оригинальные верхние души Hansgrohe. Бесплатная доставка. Покупайте!,,,,,,,
https://hansgrohe-russia.ru/dushevaya-programma/verhnie-dushi?utm_medium=cpc&utm_source=ya_direct&utm_campaign={campaign_name}|{campaign_id}&utm_term={keyword}&utm_content=k50id|01000000{phrase_id}_{retargeting_id}|cid|{campaign_id}|gid|{gbid}|aid|{ad_id}|adp|{addphrases}|pos|{position_type}{position}|src|{source_type}_{source}|dvc|{device_type}|dop_0&k50id=01000000{phrase_id}_{retargeting_id}&cm_id={campaign_id}_{gbid}_{banner_id}_{phrase_id}_{retargeting_id}_{source}_{source_type}_{campaign_type}_{addphrases}_{device_type}_{position_type}_{region_id}&region={region_id}&region_name={region_name}&v=3,Верхние души Hansgrohe. Оригинальная продукция,Приобретайте верхние души Hansgrohe с официальной гарантией. Доставка 0 руб!,,,,,,,
https://hansgrohe-russia.ru/dushevaya-programma/verhnie-dushi?utm_medium=cpc&utm_source=ya_direct&utm_campaign={campaign_name}|{campaign_id}&utm_term={keyword}&utm_content=k50id|01000000{phrase_id}_{retargeting_id}|cid|{campaign_id}|gid|{gbid}|aid|{ad_id}|adp|{addphrases}|pos|{position_type}{position}|src|{source_type}_{source}|dvc|{device_type}|dop_0&k50id=01000000{phrase_id}_{retargeting_id}&cm_id={campaign_id}_{gbid}_{banner_id}_{phrase_id}_{retargeting_id}_{source}_{source_type}_{campaign_type}_{addphrases}_{device_type}_{position_type}_{region_id}&region={region_id}&region_name={region_name}&v=4,Верхние души Hansgrohe. Суперцены каждый день!,Оригинальные верхние души Hansgrohe. Скидка 5% на покупку. Переходите на сайт!,,,,,,,
https://hansgrohe-russia.ru/dushevaya-programma/verhnie-dushi?utm_medium=cpc&utm_source=ya_direct&utm_campaign={campaign_name}|{campaign_id}&utm_term={keyword}&utm_content=k50id|01000000{phrase_id}_{retargeting_id}|cid|{campaign_id}|gid|{gbid}|aid|{ad_id}|adp|{addphrases}|pos|{position_type}{position}|src|{source_type}_{source}|dvc|{device_type}|dop_0&k50id=01000000{phrase_id}_{retargeting_id}&cm_id={campaign_id}_{gbid}_{banner_id}_{phrase_id}_{retargeting_id}_{source}_{source_type}_{campaign_type}_{addphrases}_{device_type}_{position_type}_{region_id}&region={region_id}&region_name={region_name}&v=5,Потолочные души Hansgrohe. Доставка по всей России!,Покупайте потолочные души от бренда Hansgrohe с гарантией производителя!,,,,,,,
https://hansgrohe-russia.ru/dushevaya-programma/verhnie-dushi?utm_medium=cpc&utm_source=ya_direct&utm_campaign={campaign_name}|{campaign_id}&utm_term={keyword}&utm_content=k50id|01000000{phrase_id}_{retargeting_id}|cid|{campaign_id}|gid|{gbid}|aid|{ad_id}|adp|{addphrases}|pos|{position_type}{position}|src|{source_type}_{source}|dvc|{device_type}|dop_0&k50id=01000000{phrase_id}_{retargeting_id}&cm_id={campaign_id}_{gbid}_{banner_id}_{phrase_id}_{retargeting_id}_{source}_{source_type}_{campaign_type}_{addphrases}_{device_type}_{position_type}_{region_id}&region={region_id}&region_name={region_name}&v=6,Потолочные души Hansgrohe. Получайте подарки за покупку!,Потолочные души Hansgrohe. Бесплатная доставка. Покупайте!,,,,,,,
https://hansgrohe-russia.ru/dushevaya-programma/verhnie-dushi?utm_medium=cpc&utm_source=ya_direct&utm_campaign={campaign_name}|{campaign_id}&utm_term={keyword}&utm_content=k50id|01000000{phrase_id}_{retargeting_id}|cid|{campaign_id}|gid|{gbid}|aid|{ad_id}|adp|{addphrases}|pos|{position_type}{position}|src|{source_type}_{source}|dvc|{device_type}|dop_0&k50id=01000000{phrase_id}_{retargeting_id}&cm_id={campaign_id}_{gbid}_{banner_id}_{phrase_id}_{retargeting_id}_{source}_{source_type}_{campaign_type}_{addphrases}_{device_type}_{position_type}_{region_id}&region={region_id}&region_name={region_name}&v=7,Потолочные души Hansgrohe. Оригинальная продукция,Приобретайте потолочные души Hansgrohe с официальной гарантией. Доставка 0 руб!,,,,,,,
https://hansgrohe-russia.ru/dushevaya-programma/verhnie-dushi?utm_medium=cpc&utm_source=ya_direct&utm_campaign={campaign_name}|{campaign_id}&utm_term={keyword}&utm_content=k50id|01000000{phrase_id}_{retargeting_id}|cid|{campaign_id}|gid|{gbid}|aid|{ad_id}|adp|{addphrases}|pos|{position_type}{position}|src|{source_type}_{source}|dvc|{device_type}|dop_0&k50id=01000000{phrase_id}_{retargeting_id}&cm_id={campaign_id}_{gbid}_{banner_id}_{phrase_id}_{retargeting_id}_{source}_{source_type}_{campaign_type}_{addphrases}_{device_type}_{position_type}_{region_id}&region={region_id}&region_name={region_name}&v=8,Потолочные души Hansgrohe. Суперцены каждый день!,Потолочные души Hansgrohe. Скидка 5% на покупку. Переходите на сайт!,,,,,,,
https://hansgrohe-russia.ru/dushevaya-programma/verhnie-dushi/shopby/hg_poverkhnost-matovyy_chernyy?utm_medium=cpc&utm_source=ya_direct&utm_campaign={campaign_name}|{campaign_id}&utm_term={keyword}&utm_content=k50id|01000000{phrase_id}_{retargeting_id}|cid|{campaign_id}|gid|{gbid}|aid|{ad_id}|adp|{addphrases}|pos|{position_type}{position}|src|{source_type}_{source}|dvc|{device_type}|dop_0&k50id=01000000{phrase_id}_{retargeting_id}&cm_id={campaign_id}_{gbid}_{banner_id}_{phrase_id}_{retargeting_id}_{source}_{source_type}_{campaign_type}_{addphrases}_{device_type}_{position_type}_{region_id}&region={region_id}&region_name={region_name}&v=1,Верхние души Hansgrohe матово черные,Покупайте верхние души от бренда Hansgrohe с гарантией производителя!,,,,,,,
https://hansgrohe-russia.ru/dushevaya-programma/verhnie-dushi/shopby/hg_poverkhnost-matovyy_chernyy?utm_medium=cpc&utm_source=ya_direct&utm_campaign={campaign_name}|{campaign_id}&utm_term={keyword}&utm_content=k50id|01000000{phrase_id}_{retargeting_id}|cid|{campaign_id}|gid|{gbid}|aid|{ad_id}|adp|{addphrases}|pos|{position_type}{position}|src|{source_type}_{source}|dvc|{device_type}|dop_0&k50id=01000000{phrase_id}_{retargeting_id}&cm_id={campaign_id}_{gbid}_{banner_id}_{phrase_id}_{retargeting_id}_{source}_{source_type}_{campaign_type}_{addphrases}_{device_type}_{position_type}_{region_id}&region={region_id}&region_name={region_name}&v=2,Верхние души Hansgrohe матово черные,Оригинальные верхние души Hansgrohe. Бесплатная доставка. Покупайте!,,,,,,,
https://hansgrohe-russia.ru/dushevaya-programma/verhnie-dushi/shopby/hg_poverkhnost-matovyy_chernyy?utm_medium=cpc&utm_source=ya_direct&utm_campaign={campaign_name}|{campaign_id}&utm_term={keyword}&utm_content=k50id|01000000{phrase_id}_{retargeting_id}|cid|{campaign_id}|gid|{gbid}|aid|{ad_id}|adp|{addphrases}|pos|{position_type}{position}|src|{source_type}_{source}|dvc|{device_type}|dop_0&k50id=01000000{phrase_id}_{retargeting_id}&cm_id={campaign_id}_{gbid}_{banner_id}_{phrase_id}_{retargeting_id}_{source}_{source_type}_{campaign_type}_{addphrases}_{device_type}_{position_type}_{region_id}&region={region_id}&region_name={region_name}&v=3,Верхние души Hansgrohe матово черные,Приобретайте верхние души Hansgrohe с официальной гарантией. Доставка 0 руб!,,,,,,,
https://hansgrohe-russia.ru/dushevaya-programma/verhnie-dushi/shopby/hg_poverkhnost-matovyy_chernyy?utm_medium=cpc&utm_source=ya_direct&utm_campaign={campaign_name}|{campaign_id}&utm_term={keyword}&utm_content=k50id|01000000{phrase_id}_{retargeting_id}|cid|{campaign_id}|gid|{gbid}|aid|{ad_id}|adp|{addphrases}|pos|{position_type}{position}|src|{source_type}_{source}|dvc|{device_type}|dop_0&k50id=01000000{phrase_id}_{retargeting_id}&cm_id={campaign_id}_{gbid}_{banner_id}_{phrase_id}_{retargeting_id}_{source}_{source_type}_{campaign_type}_{addphrases}_{device_type}_{position_type}_{region_id}&region={region_id}&region_name={region_name}&v=4,Верхние души Hansgrohe матово черные,Оригинальные верхние души Hansgrohe. Скидка 5% на покупку. Переходите на сайт!,,,,,,,
https://hansgrohe-russia.ru/dushevaya-programma/verhnie-dushi/shopby/hg_poverkhnost-matovyy_chernyy-shlifovannyy_chernyy_hrom-chernyy_hrom?utm_medium=cpc&utm_source=ya_direct&utm_campaign={campaign_name}|{campaign_id}&utm_term={keyword}&utm_content=k50id|01000000{phrase_id}_{retargeting_id}|cid|{campaign_id}|gid|{gbid}|aid|{ad_id}|adp|{addphrases}|pos|{position_type}{position}|src|{source_type}_{source}|dvc|{device_type}|dop_0&k50id=01000000{phrase_id}_{retargeting_id}&cm_id={campaign_id}_{gbid}_{banner_id}_{phrase_id}_{retargeting_id}_{source}_{source_type}_{campaign_type}_{addphrases}_{device_type}_{position_type}_{region_id}&region={region_id}&region_name={region_name}&v=1,Верхние души Hansgrohe черного цвета,Покупайте верхние души от бренда Hansgrohe с гарантией производителя!,,,,,,,
https://hansgrohe-russia.ru/dushevaya-programma/verhnie-dushi/shopby/hg_poverkhnost-matovyy_chernyy-shlifovannyy_chernyy_hrom-chernyy_hrom?utm_medium=cpc&utm_source=ya_direct&utm_campaign={campaign_name}|{campaign_id}&utm_term={keyword}&utm_content=k50id|01000000{phrase_id}_{retargeting_id}|cid|{campaign_id}|gid|{gbid}|aid|{ad_id}|adp|{addphrases}|pos|{position_type}{position}|src|{source_type}_{source}|dvc|{device_type}|dop_0&k50id=01000000{phrase_id}_{retargeting_id}&cm_id={campaign_id}_{gbid}_{banner_id}_{phrase_id}_{retargeting_id}_{source}_{source_type}_{campaign_type}_{addphrases}_{device_type}_{position_type}_{region_id}&region={region_id}&region_name={region_name}&v=2,Верхние души Hansgrohe черного цвета,Оригинальные верхние души Hansgrohe. Бесплатная доставка. Покупайте!,,,,,,,
https://hansgrohe-russia.ru/dushevaya-programma/verhnie-dushi/shopby/hg_poverkhnost-matovyy_chernyy-shlifovannyy_chernyy_hrom-chernyy_hrom?utm_medium=cpc&utm_source=ya_direct&utm_campaign={campaign_name}|{campaign_id}&utm_term={keyword}&utm_content=k50id|01000000{phrase_id}_{retargeting_id}|cid|{campaign_id}|gid|{gbid}|aid|{ad_id}|adp|{addphrases}|pos|{position_type}{position}|src|{source_type}_{source}|dvc|{device_type}|dop_0&k50id=01000000{phrase_id}_{retargeting_id}&cm_id={campaign_id}_{gbid}_{banner_id}_{phrase_id}_{retargeting_id}_{source}_{source_type}_{campaign_type}_{addphrases}_{device_type}_{position_type}_{region_id}&region={region_id}&region_name={region_name}&v=3,Верхние души Hansgrohe черного цвета,Приобретайте верхние души Hansgrohe с официальной гарантией. Доставка 0 руб!,,,,,,,
https://hansgrohe-russia.ru/dushevaya-programma/verhnie-dushi/shopby/hg_poverkhnost-matovyy_chernyy-shlifovannyy_chernyy_hrom-chernyy_hrom?utm_medium=cpc&utm_source=ya_direct&utm_campaign={campaign_name}|{campaign_id}&utm_term={keyword}&utm_content=k50id|01000000{phrase_id}_{retargeting_id}|cid|{campaign_id}|gid|{gbid}|aid|{ad_id}|adp|{addphrases}|pos|{position_type}{position}|src|{source_type}_{source}|dvc|{device_type}|dop_0&k50id=01000000{phrase_id}_{retargeting_id}&cm_id={campaign_id}_{gbid}_{banner_id}_{phrase_id}_{retargeting_id}_{source}_{source_type}_{campaign_type}_{addphrases}_{device_type}_{position_type}_{region_id}&region={region_id}&region_name={region_name}&v=4,Верхние души Hansgrohe черного цвета,Оригинальные верхние души Hansgrohe. Скидка 5% на покупку. Переходите на сайт!,,,,,,,
https://hansgrohe-russia.ru/dushevaya-programma/verhnie-dushi/shopby/hg_technology_attribute-airpower?v=1#catalog?utm_medium=cpc&utm_source=ya_direct&utm_campaign={campaign_name}|{campaign_id}&utm_term={keyword}&utm_content=k50id|01000000{phrase_id}_{retargeting_id}|cid|{campaign_id}|gid|{gbid}|aid|{ad_id}|adp|{addphrases}|pos|{position_type}{position}|src|{source_type}_{source}|dvc|{device_type}|dop_0&k50id=01000000{phrase_id}_{retargeting_id}&cm_id={campaign_id}_{gbid}_{banner_id}_{phrase_id}_{retargeting_id}_{source}_{source_type}_{campaign_type}_{addphrases}_{device_type}_{position_type}_{region_id}&region={region_id}&region_name={region_name},Верхние души Hansgrohe Air. Доставка по всей России!,Покупайте верхние души от бренда Hansgrohe с гарантией производителя!,,,,,,,
https://hansgrohe-russia.ru/dushevaya-programma/verhnie-dushi/shopby/hg_technology_attribute-airpower?v=2#catalog?utm_medium=cpc&utm_source=ya_direct&utm_campaign={campaign_name}|{campaign_id}&utm_term={keyword}&utm_content=k50id|01000000{phrase_id}_{retargeting_id}|cid|{campaign_id}|gid|{gbid}|aid|{ad_id}|adp|{addphrases}|pos|{position_type}{position}|src|{source_type}_{source}|dvc|{device_type}|dop_0&k50id=01000000{phrase_id}_{retargeting_id}&cm_id={campaign_id}_{gbid}_{banner_id}_{phrase_id}_{retargeting_id}_{source}_{source_type}_{campaign_type}_{addphrases}_{device_type}_{position_type}_{region_id}&region={region_id}&region_name={region_name},Верхние души Hansgrohe Air,Оригинальные верхние души Hansgrohe. Бесплатная доставка. Покупайте!,,,,,,,
https://hansgrohe-russia.ru/dushevaya-programma/verhnie-dushi/shopby/hg_technology_attribute-airpower?v=3#catalog?utm_medium=cpc&utm_source=ya_direct&utm_campaign={campaign_name}|{campaign_id}&utm_term={keyword}&utm_content=k50id|01000000{phrase_id}_{retargeting_id}|cid|{campaign_id}|gid|{gbid}|aid|{ad_id}|adp|{addphrases}|pos|{position_type}{position}|src|{source_type}_{source}|dvc|{device_type}|dop_0&k50id=01000000{phrase_id}_{retargeting_id}&cm_id={campaign_id}_{gbid}_{banner_id}_{phrase_id}_{retargeting_id}_{source}_{source_type}_{campaign_type}_{addphrases}_{device_type}_{position_type}_{region_id}&region={region_id}&region_name={region_name},Верхние души Hansgrohe Air. Оригинальная продукция,Приобретайте верхние души Hansgrohe с официальной гарантией. Доставка 0 руб!,,,,,,,
https://hansgrohe-russia.ru/dushevaya-programma/verhnie-dushi/shopby/hg_technology_attribute-airpower?v=4#catalog?utm_medium=cpc&utm_source=ya_direct&utm_campaign={campaign_name}|{campaign_id}&utm_term={keyword}&utm_content=k50id|01000000{phrase_id}_{retargeting_id}|cid|{campaign_id}|gid|{gbid}|aid|{ad_id}|adp|{addphrases}|pos|{position_type}{position}|src|{source_type}_{source}|dvc|{device_type}|dop_0&k50id=01000000{phrase_id}_{retargeting_id}&cm_id={campaign_id}_{gbid}_{banner_id}_{phrase_id}_{retargeting_id}_{source}_{source_type}_{campaign_type}_{addphrases}_{device_type}_{position_type}_{region_id}&region={region_id}&region_name={region_name},Верхние души Hansgrohe Air. Суперцены каждый день!,Оригинальные верхние души Hansgrohe. Скидка 5% на покупку. Переходите на сайт!,,,,,,,
https://hansgrohe-russia.ru/kollektsii/croma-1/shopby/hg_kollektsii-croma_select_e-croma_select_s?v=5#catalog?utm_medium=cpc&utm_source=ya_direct&utm_campaign={campaign_name}|{campaign_id}&utm_term={keyword}&utm_content=k50id|01000000{phrase_id}_{retargeting_id}|cid|{campaign_id}|gid|{gbid}|aid|{ad_id}|adp|{addphrases}|pos|{position_type}{position}|src|{source_type}_{source}|dvc|{device_type}|dop_0&k50id=01000000{phrase_id}_{retargeting_id}&cm_id={campaign_id}_{gbid}_{banner_id}_{phrase_id}_{retargeting_id}_{source}_{source_type}_{campaign_type}_{addphrases}_{device_type}_{position_type}_{region_id}&region={region_id}&region_name={region_name},Душ Hansgrohe Croma Select. Доставка по всей России!,Покупайте оригинальные души от бренда Hansgrohe с гарантией производителя!,,,,,,,
https://hansgrohe-russia.ru/kollektsii/croma-1/shopby/hg_kollektsii-croma_select_e-croma_select_s?v=6#catalog?utm_medium=cpc&utm_source=ya_direct&utm_campaign={campaign_name}|{campaign_id}&utm_term={keyword}&utm_content=k50id|01000000{phrase_id}_{retargeting_id}|cid|{campaign_id}|gid|{gbid}|aid|{ad_id}|adp|{addphrases}|pos|{position_type}{position}|src|{source_type}_{source}|dvc|{device_type}|dop_0&k50id=01000000{phrase_id}_{retargeting_id}&cm_id={campaign_id}_{gbid}_{banner_id}_{phrase_id}_{retargeting_id}_{source}_{source_type}_{campaign_type}_{addphrases}_{device_type}_{position_type}_{region_id}&region={region_id}&region_name={region_name},Душ Hansgrohe Croma Select,Оригинальные души Hansgrohe. Бесплатная доставка. Покупайте!,,,,,,,
https://hansgrohe-russia.ru/kollektsii/croma-1/shopby/hg_kollektsii-croma_select_e-croma_select_s?v=7#catalog?utm_medium=cpc&utm_source=ya_direct&utm_campaign={campaign_name}|{campaign_id}&utm_term={keyword}&utm_content=k50id|01000000{phrase_id}_{retargeting_id}|cid|{campaign_id}|gid|{gbid}|aid|{ad_id}|adp|{addphrases}|pos|{position_type}{position}|src|{source_type}_{source}|dvc|{device_type}|dop_0&k50id=01000000{phrase_id}_{retargeting_id}&cm_id={campaign_id}_{gbid}_{banner_id}_{phrase_id}_{retargeting_id}_{source}_{source_type}_{campaign_type}_{addphrases}_{device_type}_{position_type}_{region_id}&region={region_id}&region_name={region_name},Душ Hansgrohe Croma Select. Оригинальная продукция,Приобретайте оригинальные души Hansgrohe с официальной гарантией. Доставка 0 руб!,,,,,,,
https://hansgrohe-russia.ru/kollektsii/croma-1/shopby/hg_kollektsii-croma_select_e-croma_select_s?v=8#catalog?utm_medium=cpc&utm_source=ya_direct&utm_campaign={campaign_name}|{campaign_id}&utm_term={keyword}&utm_content=k50id|01000000{phrase_id}_{retargeting_id}|cid|{campaign_id}|gid|{gbid}|aid|{ad_id}|adp|{addphrases}|pos|{position_type}{position}|src|{source_type}_{source}|dvc|{device_type}|dop_0&k50id=01000000{phrase_id}_{retargeting_id}&cm_id={campaign_id}_{gbid}_{banner_id}_{phrase_id}_{retargeting_id}_{source}_{source_type}_{campaign_type}_{addphrases}_{device_type}_{position_type}_{region_id}&region={region_id}&region_name={region_name},Душ Hansgrohe Croma Select. Суперцены каждый день!,Оригинальные души Hansgrohe. Скидка 5% на покупку. Переходите на сайт!,,,,,,,
https://hansgrohe-russia.ru/kollektsii/croma-1/shopby/hg_tip-verhnie_dushi?v=1#catalog?utm_medium=cpc&utm_source=ya_direct&utm_campaign={campaign_name}|{campaign_id}&utm_term={keyword}&utm_content=k50id|01000000{phrase_id}_{retargeting_id}|cid|{campaign_id}|gid|{gbid}|aid|{ad_id}|adp|{addphrases}|pos|{position_type}{position}|src|{source_type}_{source}|dvc|{device_type}|dop_0&k50id=01000000{phrase_id}_{retargeting_id}&cm_id={campaign_id}_{gbid}_{banner_id}_{phrase_id}_{retargeting_id}_{source}_{source_type}_{campaign_type}_{addphrases}_{device_type}_{position_type}_{region_id}&region={region_id}&region_name={region_name},Верхние души Hansgrohe Croma. Доставка по всей России!,Покупайте верхние души от бренда Hansgrohe с гарантией производителя!,,,,,,,
https://hansgrohe-russia.ru/kollektsii/croma-1/shopby/hg_tip-verhnie_dushi?v=2#catalog?utm_medium=cpc&utm_source=ya_direct&utm_campaign={campaign_name}|{campaign_id}&utm_term={keyword}&utm_content=k50id|01000000{phrase_id}_{retargeting_id}|cid|{campaign_id}|gid|{gbid}|aid|{ad_id}|adp|{addphrases}|pos|{position_type}{position}|src|{source_type}_{source}|dvc|{device_type}|dop_0&k50id=01000000{phrase_id}_{retargeting_id}&cm_id={campaign_id}_{gbid}_{banner_id}_{phrase_id}_{retargeting_id}_{source}_{source_type}_{campaign_type}_{addphrases}_{device_type}_{position_type}_{region_id}&region={region_id}&region_name={region_name},Верхние души Hansgrohe Croma,Оригинальные верхние души Hansgrohe. Бесплатная доставка. Покупайте!,,,,,,,
https://hansgrohe-russia.ru/kollektsii/croma-1/shopby/hg_tip-verhnie_dushi?v=3#catalog?utm_medium=cpc&utm_source=ya_direct&utm_campaign={campaign_name}|{campaign_id}&utm_term={keyword}&utm_content=k50id|01000000{phrase_id}_{retargeting_id}|cid|{campaign_id}|gid|{gbid}|aid|{ad_id}|adp|{addphrases}|pos|{position_type}{position}|src|{source_type}_{source}|dvc|{device_type}|dop_0&k50id=01000000{phrase_id}_{retargeting_id}&cm_id={campaign_id}_{gbid}_{banner_id}_{phrase_id}_{retargeting_id}_{source}_{source_type}_{campaign_type}_{addphrases}_{device_type}_{position_type}_{region_id}&region={region_id}&region_name={region_name},Верхние души Hansgrohe Croma. Оригинальная продукция,Приобретайте верхние души Hansgrohe с официальной гарантией. Доставка 0 руб!,,,,,,,
https://hansgrohe-russia.ru/kollektsii/croma-1/shopby/hg_tip-verhnie_dushi?v=4#catalog?utm_medium=cpc&utm_source=ya_direct&utm_campaign={campaign_name}|{campaign_id}&utm_term={keyword}&utm_content=k50id|01000000{phrase_id}_{retargeting_id}|cid|{campaign_id}|gid|{gbid}|aid|{ad_id}|adp|{addphrases}|pos|{position_type}{position}|src|{source_type}_{source}|dvc|{device_type}|dop_0&k50id=01000000{phrase_id}_{retargeting_id}&cm_id={campaign_id}_{gbid}_{banner_id}_{phrase_id}_{retargeting_id}_{source}_{source_type}_{campaign_type}_{addphrases}_{device_type}_{position_type}_{region_id}&region={region_id}&region_name={region_name},Верхние души Hansgrohe Croma. Суперцены каждый день!,Оригинальные верхние души Hansgrohe. Скидка 5% на покупку. Переходите на сайт!,,,,,,,
https://hansgrohe-russia.ru/kollektsii/crometta?utm_medium=cpc&utm_source=ya_direct&utm_campaign={campaign_name}|{campaign_id}&utm_term={keyword}&utm_content=k50id|01000000{phrase_id}_{retargeting_id}|cid|{campaign_id}|gid|{gbid}|aid|{ad_id}|adp|{addphrases}|pos|{position_type}{position}|src|{source_type}_{source}|dvc|{device_type}|dop_0&k50id=01000000{phrase_id}_{retargeting_id}&cm_id={campaign_id}_{gbid}_{banner_id}_{phrase_id}_{retargeting_id}_{source}_{source_type}_{campaign_type}_{addphrases}_{device_type}_{position_type}_{region_id}&region={region_id}&region_name={region_name}&v=9,Душ Hansgrohe Crometta. Доставка по всей России!,Покупайте оригинальные души от бренда Hansgrohe с гарантией производителя!,,,,,,,
https://hansgrohe-russia.ru/kollektsii/crometta?utm_medium=cpc&utm_source=ya_direct&utm_campaign={campaign_name}|{campaign_id}&utm_term={keyword}&utm_content=k50id|01000000{phrase_id}_{retargeting_id}|cid|{campaign_id}|gid|{gbid}|aid|{ad_id}|adp|{addphrases}|pos|{position_type}{position}|src|{source_type}_{source}|dvc|{device_type}|dop_0&k50id=01000000{phrase_id}_{retargeting_id}&cm_id={campaign_id}_{gbid}_{banner_id}_{phrase_id}_{retargeting_id}_{source}_{source_type}_{campaign_type}_{addphrases}_{device_type}_{position_type}_{region_id}&region={region_id}&region_name={region_name}&v=10,Душ Hansgrohe Crometta. Получайте подарки за покупку!,Оригинальные души Hansgrohe. Бесплатная доставка. Покупайте!,,,,,,,
https://hansgrohe-russia.ru/kollektsii/crometta?utm_medium=cpc&utm_source=ya_direct&utm_campaign={campaign_name}|{campaign_id}&utm_term={keyword}&utm_content=k50id|01000000{phrase_id}_{retargeting_id}|cid|{campaign_id}|gid|{gbid}|aid|{ad_id}|adp|{addphrases}|pos|{position_type}{position}|src|{source_type}_{source}|dvc|{device_type}|dop_0&k50id=01000000{phrase_id}_{retargeting_id}&cm_id={campaign_id}_{gbid}_{banner_id}_{phrase_id}_{retargeting_id}_{source}_{source_type}_{campaign_type}_{addphrases}_{device_type}_{position_type}_{region_id}&region={region_id}&region_name={region_name}&v=11,Душ Hansgrohe Crometta. Оригинальная продукция,Приобретайте оригинальные души Hansgrohe с официальной гарантией. Доставка 0 руб!,,,,,,,
https://hansgrohe-russia.ru/kollektsii/crometta?utm_medium=cpc&utm_source=ya_direct&utm_campaign={campaign_name}|{campaign_id}&utm_term={keyword}&utm_content=k50id|01000000{phrase_id}_{retargeting_id}|cid|{campaign_id}|gid|{gbid}|aid|{ad_id}|adp|{addphrases}|pos|{position_type}{position}|src|{source_type}_{source}|dvc|{device_type}|dop_0&k50id=01000000{phrase_id}_{retargeting_id}&cm_id={campaign_id}_{gbid}_{banner_id}_{phrase_id}_{retargeting_id}_{source}_{source_type}_{campaign_type}_{addphrases}_{device_type}_{position_type}_{region_id}&region={region_id}&region_name={region_name}&v=12,Душ Hansgrohe Crometta. Суперцены каждый день!,Оригинальные души Hansgrohe. Скидка 5% на покупку. Переходите на сайт!,,,,,,,
https://hansgrohe-russia.ru/kollektsii/crometta/shopby/hg_tip-verhnie_dushi?v=1#catalog?utm_medium=cpc&utm_source=ya_direct&utm_campaign={campaign_name}|{campaign_id}&utm_term={keyword}&utm_content=k50id|01000000{phrase_id}_{retargeting_id}|cid|{campaign_id}|gid|{gbid}|aid|{ad_id}|adp|{addphrases}|pos|{position_type}{position}|src|{source_type}_{source}|dvc|{device_type}|dop_0&k50id=01000000{phrase_id}_{retargeting_id}&cm_id={campaign_id}_{gbid}_{banner_id}_{phrase_id}_{retargeting_id}_{source}_{source_type}_{campaign_type}_{addphrases}_{device_type}_{position_type}_{region_id}&region={region_id}&region_name={region_name},Верхние души Hansgrohe Crometta,Покупайте верхние души от бренда Hansgrohe с гарантией производителя!,,,,,,,
https://hansgrohe-russia.ru/kollektsii/crometta/shopby/hg_tip-verhnie_dushi?v=2#catalog?utm_medium=cpc&utm_source=ya_direct&utm_campaign={campaign_name}|{campaign_id}&utm_term={keyword}&utm_content=k50id|01000000{phrase_id}_{retargeting_id}|cid|{campaign_id}|gid|{gbid}|aid|{ad_id}|adp|{addphrases}|pos|{position_type}{position}|src|{source_type}_{source}|dvc|{device_type}|dop_0&k50id=01000000{phrase_id}_{retargeting_id}&cm_id={campaign_id}_{gbid}_{banner_id}_{phrase_id}_{retargeting_id}_{source}_{source_type}_{campaign_type}_{addphrases}_{device_type}_{position_type}_{region_id}&region={region_id}&region_name={region_name},Верхние души Hansgrohe Crometta,Оригинальные верхние души Hansgrohe. Бесплатная доставка. Покупайте!,,,,,,,
https://hansgrohe-russia.ru/kollektsii/crometta/shopby/hg_tip-verhnie_dushi?v=3#catalog?utm_medium=cpc&utm_source=ya_direct&utm_campaign={campaign_name}|{campaign_id}&utm_term={keyword}&utm_content=k50id|01000000{phrase_id}_{retargeting_id}|cid|{campaign_id}|gid|{gbid}|aid|{ad_id}|adp|{addphrases}|pos|{position_type}{position}|src|{source_type}_{source}|dvc|{device_type}|dop_0&k50id=01000000{phrase_id}_{retargeting_id}&cm_id={campaign_id}_{gbid}_{banner_id}_{phrase_id}_{retargeting_id}_{source}_{source_type}_{campaign_type}_{addphrases}_{device_type}_{position_type}_{region_id}&region={region_id}&region_name={region_name},Верхние души Hansgrohe Crometta. Оригинальная продукция,Приобретайте верхние души Hansgrohe с официальной гарантией. Доставка 0 руб!,,,,,,,
https://hansgrohe-russia.ru/kollektsii/crometta/shopby/hg_tip-verhnie_dushi?v=4#catalog?utm_medium=cpc&utm_source=ya_direct&utm_campaign={campaign_name}|{campaign_id}&utm_term={keyword}&utm_content=k50id|01000000{phrase_id}_{retargeting_id}|cid|{campaign_id}|gid|{gbid}|aid|{ad_id}|adp|{addphrases}|pos|{position_type}{position}|src|{source_type}_{source}|dvc|{device_type}|dop_0&k50id=01000000{phrase_id}_{retargeting_id}&cm_id={campaign_id}_{gbid}_{banner_id}_{phrase_id}_{retargeting_id}_{source}_{source_type}_{campaign_type}_{addphrases}_{device_type}_{position_type}_{region_id}&region={region_id}&region_name={region_name},Верхние души Hansgrohe Crometta. Суперцены каждый день!,Оригинальные верхние души Hansgrohe. Скидка 5% на покупку. Переходите на сайт!,,,,,,,
https://hansgrohe-russia.ru/kollektsii/ecostat-1?utm_medium=cpc&utm_source=ya_direct&utm_campaign={campaign_name}|{campaign_id}&utm_term={keyword}&utm_content=k50id|01000000{phrase_id}_{retargeting_id}|cid|{campaign_id}|gid|{gbid}|aid|{ad_id}|adp|{addphrases}|pos|{position_type}{position}|src|{source_type}_{source}|dvc|{device_type}|dop_0&k50id=01000000{phrase_id}_{retargeting_id}&cm_id={campaign_id}_{gbid}_{banner_id}_{phrase_id}_{retargeting_id}_{source}_{source_type}_{campaign_type}_{addphrases}_{device_type}_{position_type}_{region_id}&region={region_id}&region_name={region_name}&v=21,Душ Hansgrohe Ecostat. Доставка по всей России!,Покупайте оригинальные души от бренда Hansgrohe с гарантией производителя!,,,,,,,
https://hansgrohe-russia.ru/kollektsii/ecostat-1?utm_medium=cpc&utm_source=ya_direct&utm_campaign={campaign_name}|{campaign_id}&utm_term={keyword}&utm_content=k50id|01000000{phrase_id}_{retargeting_id}|cid|{campaign_id}|gid|{gbid}|aid|{ad_id}|adp|{addphrases}|pos|{position_type}{position}|src|{source_type}_{source}|dvc|{device_type}|dop_0&k50id=01000000{phrase_id}_{retargeting_id}&cm_id={campaign_id}_{gbid}_{banner_id}_{phrase_id}_{retargeting_id}_{source}_{source_type}_{campaign_type}_{addphrases}_{device_type}_{position_type}_{region_id}&region={region_id}&region_name={region_name}&v=22,Душ Hansgrohe Ecostat. Получайте подарки за покупку!,Оригинальные души Hansgrohe. Бесплатная доставка. Покупайте!,,,,,,,
https://hansgrohe-russia.ru/kollektsii/ecostat-1?utm_medium=cpc&utm_source=ya_direct&utm_campaign={campaign_name}|{campaign_id}&utm_term={keyword}&utm_content=k50id|01000000{phrase_id}_{retargeting_id}|cid|{campaign_id}|gid|{gbid}|aid|{ad_id}|adp|{addphrases}|pos|{position_type}{position}|src|{source_type}_{source}|dvc|{device_type}|dop_0&k50id=01000000{phrase_id}_{retargeting_id}&cm_id={campaign_id}_{gbid}_{banner_id}_{phrase_id}_{retargeting_id}_{source}_{source_type}_{campaign_type}_{addphrases}_{device_type}_{position_type}_{region_id}&region={region_id}&region_name={region_name}&v=23,Душ Hansgrohe Ecostat. Оригинальная продукция,Приобретайте оригинальные души Hansgrohe с официальной гарантией. Доставка 0 руб!,,,,,,,
https://hansgrohe-russia.ru/kollektsii/ecostat-1?utm_medium=cpc&utm_source=ya_direct&utm_campaign={campaign_name}|{campaign_id}&utm_term={keyword}&utm_content=k50id|01000000{phrase_id}_{retargeting_id}|cid|{campaign_id}|gid|{gbid}|aid|{ad_id}|adp|{addphrases}|pos|{position_type}{position}|src|{source_type}_{source}|dvc|{device_type}|dop_0&k50id=01000000{phrase_id}_{retargeting_id}&cm_id={campaign_id}_{gbid}_{banner_id}_{phrase_id}_{retargeting_id}_{source}_{source_type}_{campaign_type}_{addphrases}_{device_type}_{position_type}_{region_id}&region={region_id}&region_name={region_name}&v=24,Душ Hansgrohe Ecostat. Суперцены каждый день!,Оригинальные души Hansgrohe. Скидка 5% на покупку. Переходите на сайт!,,,,,,,
https://hansgrohe-russia.ru/kollektsii/logis-1?utm_medium=cpc&utm_source=ya_direct&utm_campaign={campaign_name}|{campaign_id}&utm_term={keyword}&utm_content=k50id|01000000{phrase_id}_{retargeting_id}|cid|{campaign_id}|gid|{gbid}|aid|{ad_id}|adp|{addphrases}|pos|{position_type}{position}|src|{source_type}_{source}|dvc|{device_type}|dop_0&k50id=01000000{phrase_id}_{retargeting_id}&cm_id={campaign_id}_{gbid}_{banner_id}_{phrase_id}_{retargeting_id}_{source}_{source_type}_{campaign_type}_{addphrases}_{device_type}_{position_type}_{region_id}&region={region_id}&region_name={region_name}&v=25,Душевые комплекты Hansgrohe Logis,Покупайте оригинальные души от бренда Hansgrohe с гарантией производителя!,,,,,,,
https://hansgrohe-russia.ru/kollektsii/logis-1?utm_medium=cpc&utm_source=ya_direct&utm_campaign={campaign_name}|{campaign_id}&utm_term={keyword}&utm_content=k50id|01000000{phrase_id}_{retargeting_id}|cid|{campaign_id}|gid|{gbid}|aid|{ad_id}|adp|{addphrases}|pos|{position_type}{position}|src|{source_type}_{source}|dvc|{device_type}|dop_0&k50id=01000000{phrase_id}_{retargeting_id}&cm_id={campaign_id}_{gbid}_{banner_id}_{phrase_id}_{retargeting_id}_{source}_{source_type}_{campaign_type}_{addphrases}_{device_type}_{position_type}_{region_id}&region={region_id}&region_name={region_name}&v=26,Душевые комплекты Hansgrohe Logis,Оригинальные души Hansgrohe. Бесплатная доставка. Покупайте!,,,,,,,
https://hansgrohe-russia.ru/kollektsii/logis-1?utm_medium=cpc&utm_source=ya_direct&utm_campaign={campaign_name}|{campaign_id}&utm_term={keyword}&utm_content=k50id|01000000{phrase_id}_{retargeting_id}|cid|{campaign_id}|gid|{gbid}|aid|{ad_id}|adp|{addphrases}|pos|{position_type}{position}|src|{source_type}_{source}|dvc|{device_type}|dop_0&k50id=01000000{phrase_id}_{retargeting_id}&cm_id={campaign_id}_{gbid}_{banner_id}_{phrase_id}_{retargeting_id}_{source}_{source_type}_{campaign_type}_{addphrases}_{device_type}_{position_type}_{region_id}&region={region_id}&region_name={region_name}&v=27,Душевые комплекты Hansgrohe Logis,Приобретайте оригинальные души Hansgrohe с официальной гарантией. Доставка 0 руб!,,,,,,,
https://hansgrohe-russia.ru/kollektsii/logis-1?utm_medium=cpc&utm_source=ya_direct&utm_campaign={campaign_name}|{campaign_id}&utm_term={keyword}&utm_content=k50id|01000000{phrase_id}_{retargeting_id}|cid|{campaign_id}|gid|{gbid}|aid|{ad_id}|adp|{addphrases}|pos|{position_type}{position}|src|{source_type}_{source}|dvc|{device_type}|dop_0&k50id=01000000{phrase_id}_{retargeting_id}&cm_id={campaign_id}_{gbid}_{banner_id}_{phrase_id}_{retargeting_id}_{source}_{source_type}_{campaign_type}_{addphrases}_{device_type}_{position_type}_{region_id}&region={region_id}&region_name={region_name}&v=28,Душевые комплекты Hansgrohe Logis,Оригинальные души Hansgrohe. Скидка 5% на покупку. Переходите на сайт!,,,,,,,
https://hansgrohe-russia.ru/kollektsii/porter?utm_medium=cpc&utm_source=ya_direct&utm_campaign={campaign_name}|{campaign_id}&utm_term={keyword}&utm_content=k50id|01000000{phrase_id}_{retargeting_id}|cid|{campaign_id}|gid|{gbid}|aid|{ad_id}|adp|{addphrases}|pos|{position_type}{position}|src|{source_type}_{source}|dvc|{device_type}|dop_0&k50id=01000000{phrase_id}_{retargeting_id}&cm_id={campaign_id}_{gbid}_{banner_id}_{phrase_id}_{retargeting_id}_{source}_{source_type}_{campaign_type}_{addphrases}_{device_type}_{position_type}_{region_id}&region={region_id}&region_name={region_name}&v=1,Душ Hansgrohe Porter. Доставка по всей России!,Покупайте оригинальные души от бренда Hansgrohe с гарантией производителя!,,,,,,,
https://hansgrohe-russia.ru/kollektsii/porter?utm_medium=cpc&utm_source=ya_direct&utm_campaign={campaign_name}|{campaign_id}&utm_term={keyword}&utm_content=k50id|01000000{phrase_id}_{retargeting_id}|cid|{campaign_id}|gid|{gbid}|aid|{ad_id}|adp|{addphrases}|pos|{position_type}{position}|src|{source_type}_{source}|dvc|{device_type}|dop_0&k50id=01000000{phrase_id}_{retargeting_id}&cm_id={campaign_id}_{gbid}_{banner_id}_{phrase_id}_{retargeting_id}_{source}_{source_type}_{campaign_type}_{addphrases}_{device_type}_{position_type}_{region_id}&region={region_id}&region_name={region_name}&v=2,Душ Hansgrohe Porter. Получайте подарки за покупку!,Оригинальные души Hansgrohe. Бесплатная доставка. Покупайте!,,,,,,,
https://hansgrohe-russia.ru/kollektsii/porter?utm_medium=cpc&utm_source=ya_direct&utm_campaign={campaign_name}|{campaign_id}&utm_term={keyword}&utm_content=k50id|01000000{phrase_id}_{retargeting_id}|cid|{campaign_id}|gid|{gbid}|aid|{ad_id}|adp|{addphrases}|pos|{position_type}{position}|src|{source_type}_{source}|dvc|{device_type}|dop_0&k50id=01000000{phrase_id}_{retargeting_id}&cm_id={campaign_id}_{gbid}_{banner_id}_{phrase_id}_{retargeting_id}_{source}_{source_type}_{campaign_type}_{addphrases}_{device_type}_{position_type}_{region_id}&region={region_id}&region_name={region_name}&v=3,Душ Hansgrohe Porter. Оригинальная продукция,Приобретайте оригинальные души Hansgrohe с официальной гарантией. Доставка 0 руб!,,,,,,,
https://hansgrohe-russia.ru/kollektsii/porter?utm_medium=cpc&utm_source=ya_direct&utm_campaign={campaign_name}|{campaign_id}&utm_term={keyword}&utm_content=k50id|01000000{phrase_id}_{retargeting_id}|cid|{campaign_id}|gid|{gbid}|aid|{ad_id}|adp|{addphrases}|pos|{position_type}{position}|src|{source_type}_{source}|dvc|{device_type}|dop_0&k50id=01000000{phrase_id}_{retargeting_id}&cm_id={campaign_id}_{gbid}_{banner_id}_{phrase_id}_{retargeting_id}_{source}_{source_type}_{campaign_type}_{addphrases}_{device_type}_{position_type}_{region_id}&region={region_id}&region_name={region_name}&v=4,Душ Hansgrohe Porter. Суперцены каждый день!,Оригинальные души Hansgrohe. Скидка 5% на покупку. Переходите на сайт!,,,,,,,
https://hansgrohe-russia.ru/kollektsii/puravida?utm_medium=cpc&utm_source=ya_direct&utm_campaign={campaign_name}|{campaign_id}&utm_term={keyword}&utm_content=k50id|01000000{phrase_id}_{retargeting_id}|cid|{campaign_id}|gid|{gbid}|aid|{ad_id}|adp|{addphrases}|pos|{position_type}{position}|src|{source_type}_{source}|dvc|{device_type}|dop_0&k50id=01000000{phrase_id}_{retargeting_id}&cm_id={campaign_id}_{gbid}_{banner_id}_{phrase_id}_{retargeting_id}_{source}_{source_type}_{campaign_type}_{addphrases}_{device_type}_{position_type}_{region_id}&region={region_id}&region_name={region_name}&v=5,Душ Hansgrohe Puravida. Доставка по всей России!,Покупайте оригинальные души от бренда Hansgrohe с гарантией производителя!,,,,,,,
https://hansgrohe-russia.ru/kollektsii/puravida?utm_medium=cpc&utm_source=ya_direct&utm_campaign={campaign_name}|{campaign_id}&utm_term={keyword}&utm_content=k50id|01000000{phrase_id}_{retargeting_id}|cid|{campaign_id}|gid|{gbid}|aid|{ad_id}|adp|{addphrases}|pos|{position_type}{position}|src|{source_type}_{source}|dvc|{device_type}|dop_0&k50id=01000000{phrase_id}_{retargeting_id}&cm_id={campaign_id}_{gbid}_{banner_id}_{phrase_id}_{retargeting_id}_{source}_{source_type}_{campaign_type}_{addphrases}_{device_type}_{position_type}_{region_id}&region={region_id}&region_name={region_name}&v=6,Душ Hansgrohe Puravida. Получайте подарки за покупку!,Оригинальные души Hansgrohe. Бесплатная доставка. Покупайте!,,,,,,,
https://hansgrohe-russia.ru/kollektsii/puravida?utm_medium=cpc&utm_source=ya_direct&utm_campaign={campaign_name}|{campaign_id}&utm_term={keyword}&utm_content=k50id|01000000{phrase_id}_{retargeting_id}|cid|{campaign_id}|gid|{gbid}|aid|{ad_id}|adp|{addphrases}|pos|{position_type}{position}|src|{source_type}_{source}|dvc|{device_type}|dop_0&k50id=01000000{phrase_id}_{retargeting_id}&cm_id={campaign_id}_{gbid}_{banner_id}_{phrase_id}_{retargeting_id}_{source}_{source_type}_{campaign_type}_{addphrases}_{device_type}_{position_type}_{region_id}&region={region_id}&region_name={region_name}&v=7,Душ Hansgrohe Puravida. Оригинальная продукция,Приобретайте оригинальные души Hansgrohe с официальной гарантией. Доставка 0 руб!,,,,,,,
https://hansgrohe-russia.ru/kollektsii/puravida?utm_medium=cpc&utm_source=ya_direct&utm_campaign={campaign_name}|{campaign_id}&utm_term={keyword}&utm_content=k50id|01000000{phrase_id}_{retargeting_id}|cid|{campaign_id}|gid|{gbid}|aid|{ad_id}|adp|{addphrases}|pos|{position_type}{position}|src|{source_type}_{source}|dvc|{device_type}|dop_0&k50id=01000000{phrase_id}_{retargeting_id}&cm_id={campaign_id}_{gbid}_{banner_id}_{phrase_id}_{retargeting_id}_{source}_{source_type}_{campaign_type}_{addphrases}_{device_type}_{position_type}_{region_id}&region={region_id}&region_name={region_name}&v=8,Душ Hansgrohe Puravida. Суперцены каждый день!,Оригинальные души Hansgrohe. Скидка 5% на покупку. Переходите на сайт!,,,,,,,
https://hansgrohe-russia.ru/kollektsii/raindance?utm_medium=cpc&utm_source=ya_direct&utm_campaign={campaign_name}|{campaign_id}&utm_term={keyword}&utm_content=k50id|01000000{phrase_id}_{retargeting_id}|cid|{campaign_id}|gid|{gbid}|aid|{ad_id}|adp|{addphrases}|pos|{position_type}{position}|src|{source_type}_{source}|dvc|{device_type}|dop_0&k50id=01000000{phrase_id}_{retargeting_id}&cm_id={campaign_id}_{gbid}_{banner_id}_{phrase_id}_{retargeting_id}_{source}_{source_type}_{campaign_type}_{addphrases}_{device_type}_{position_type}_{region_id}&region={region_id}&region_name={region_name}&v=5,Душ Hansgrohe Raindance. Доставка по всей России!,Покупайте оригинальные души от бренда Hansgrohe с гарантией производителя!,,,,,,,
https://hansgrohe-russia.ru/kollektsii/raindance?utm_medium=cpc&utm_source=ya_direct&utm_campaign={campaign_name}|{campaign_id}&utm_term={keyword}&utm_content=k50id|01000000{phrase_id}_{retargeting_id}|cid|{campaign_id}|gid|{gbid}|aid|{ad_id}|adp|{addphrases}|pos|{position_type}{position}|src|{source_type}_{source}|dvc|{device_type}|dop_0&k50id=01000000{phrase_id}_{retargeting_id}&cm_id={campaign_id}_{gbid}_{banner_id}_{phrase_id}_{retargeting_id}_{source}_{source_type}_{campaign_type}_{addphrases}_{device_type}_{position_type}_{region_id}&region={region_id}&region_name={region_name}&v=6,Душ Hansgrohe Raindance. Получайте подарки за покупку!,Оригинальные души Hansgrohe. Бесплатная доставка. Покупайте!,,,,,,,
https://hansgrohe-russia.ru/kollektsii/raindance?utm_medium=cpc&utm_source=ya_direct&utm_campaign={campaign_name}|{campaign_id}&utm_term={keyword}&utm_content=k50id|01000000{phrase_id}_{retargeting_id}|cid|{campaign_id}|gid|{gbid}|aid|{ad_id}|adp|{addphrases}|pos|{position_type}{position}|src|{source_type}_{source}|dvc|{device_type}|dop_0&k50id=01000000{phrase_id}_{retargeting_id}&cm_id={campaign_id}_{gbid}_{banner_id}_{phrase_id}_{retargeting_id}_{source}_{source_type}_{campaign_type}_{addphrases}_{device_type}_{position_type}_{region_id}&region={region_id}&region_name={region_name}&v=7,Душ Hansgrohe Raindance. Оригинальная продукция,Приобретайте оригинальные души Hansgrohe с официальной гарантией. Доставка 0 руб!,,,,,,,
https://hansgrohe-russia.ru/kollektsii/raindance?utm_medium=cpc&utm_source=ya_direct&utm_campaign={campaign_name}|{campaign_id}&utm_term={keyword}&utm_content=k50id|01000000{phrase_id}_{retargeting_id}|cid|{campaign_id}|gid|{gbid}|aid|{ad_id}|adp|{addphrases}|pos|{position_type}{position}|src|{source_type}_{source}|dvc|{device_type}|dop_0&k50id=01000000{phrase_id}_{retargeting_id}&cm_id={campaign_id}_{gbid}_{banner_id}_{phrase_id}_{retargeting_id}_{source}_{source_type}_{campaign_type}_{addphrases}_{device_type}_{position_type}_{region_id}&region={region_id}&region_name={region_name}&v=8,Душ Hansgrohe Raindance. Суперцены каждый день!,Оригинальные души Hansgrohe. Скидка 5% на покупку. Переходите на сайт!,,,,,,,
https://hansgrohe-russia.ru/kollektsii/raindance/shopby/hg_kollektsii-raindance_e?v=1#catalog?utm_medium=cpc&utm_source=ya_direct&utm_campaign={campaign_name}|{campaign_id}&utm_term={keyword}&utm_content=k50id|01000000{phrase_id}_{retargeting_id}|cid|{campaign_id}|gid|{gbid}|aid|{ad_id}|adp|{addphrases}|pos|{position_type}{position}|src|{source_type}_{source}|dvc|{device_type}|dop_0&k50id=01000000{phrase_id}_{retargeting_id}&cm_id={campaign_id}_{gbid}_{banner_id}_{phrase_id}_{retargeting_id}_{source}_{source_type}_{campaign_type}_{addphrases}_{device_type}_{position_type}_{region_id}&region={region_id}&region_name={region_name},Души Hansgrohe Raindance E 300. Доставка по всей России!,Покупайте души от бренда Hansgrohe с гарантией производителя!,,,,,,,
https://hansgrohe-russia.ru/kollektsii/raindance/shopby/hg_kollektsii-raindance_e?v=2#catalog?utm_medium=cpc&utm_source=ya_direct&utm_campaign={campaign_name}|{campaign_id}&utm_term={keyword}&utm_content=k50id|01000000{phrase_id}_{retargeting_id}|cid|{campaign_id}|gid|{gbid}|aid|{ad_id}|adp|{addphrases}|pos|{position_type}{position}|src|{source_type}_{source}|dvc|{device_type}|dop_0&k50id=01000000{phrase_id}_{retargeting_id}&cm_id={campaign_id}_{gbid}_{banner_id}_{phrase_id}_{retargeting_id}_{source}_{source_type}_{campaign_type}_{addphrases}_{device_type}_{position_type}_{region_id}&region={region_id}&region_name={region_name},Души Hansgrohe Raindance E 300,Оригинальные души Hansgrohe. Бесплатная доставка. Покупайте!,,,,,,,
https://hansgrohe-russia.ru/kollektsii/raindance/shopby/hg_kollektsii-raindance_e?v=3#catalog?utm_medium=cpc&utm_source=ya_direct&utm_campaign={campaign_name}|{campaign_id}&utm_term={keyword}&utm_content=k50id|01000000{phrase_id}_{retargeting_id}|cid|{campaign_id}|gid|{gbid}|aid|{ad_id}|adp|{addphrases}|pos|{position_type}{position}|src|{source_type}_{source}|dvc|{device_type}|dop_0&k50id=01000000{phrase_id}_{retargeting_id}&cm_id={campaign_id}_{gbid}_{banner_id}_{phrase_id}_{retargeting_id}_{source}_{source_type}_{campaign_type}_{addphrases}_{device_type}_{position_type}_{region_id}&region={region_id}&region_name={region_name},Души Hansgrohe Raindance E 300. Оригинальная продукция,Приобретайте души Hansgrohe с официальной гарантией. Доставка 0 руб!,,,,,,,
https://hansgrohe-russia.ru/kollektsii/raindance/shopby/hg_kollektsii-raindance_e?v=4#catalog?utm_medium=cpc&utm_source=ya_direct&utm_campaign={campaign_name}|{campaign_id}&utm_term={keyword}&utm_content=k50id|01000000{phrase_id}_{retargeting_id}|cid|{campaign_id}|gid|{gbid}|aid|{ad_id}|adp|{addphrases}|pos|{position_type}{position}|src|{source_type}_{source}|dvc|{device_type}|dop_0&k50id=01000000{phrase_id}_{retargeting_id}&cm_id={campaign_id}_{gbid}_{banner_id}_{phrase_id}_{retargeting_id}_{source}_{source_type}_{campaign_type}_{addphrases}_{device_type}_{position_type}_{region_id}&region={region_id}&region_name={region_name},Души Hansgrohe Raindance E 300. Суперцены каждый день!,Оригинальные души Hansgrohe. Скидка 5% на покупку. Переходите на сайт!,,,,,,,
https://hansgrohe-russia.ru/kollektsii/raindance/shopby/hg_kollektsii-raindance_select-raindance_select_e-raindance_select_s?v=5#catalog?utm_medium=cpc&utm_source=ya_direct&utm_campaign={campaign_name}|{campaign_id}&utm_term={keyword}&utm_content=k50id|01000000{phrase_id}_{retargeting_id}|cid|{campaign_id}|gid|{gbid}|aid|{ad_id}|adp|{addphrases}|pos|{position_type}{position}|src|{source_type}_{source}|dvc|{device_type}|dop_0&k50id=01000000{phrase_id}_{retargeting_id}&cm_id={campaign_id}_{gbid}_{banner_id}_{phrase_id}_{retargeting_id}_{source}_{source_type}_{campaign_type}_{addphrases}_{device_type}_{position_type}_{region_id}&region={region_id}&region_name={region_name},Душ Hansgrohe Raindance Select. Доставка по всей России!,Покупайте оригинальные души от бренда Hansgrohe с гарантией производителя!,,,,,,,
https://hansgrohe-russia.ru/kollektsii/raindance/shopby/hg_kollektsii-raindance_select-raindance_select_e-raindance_select_s?v=6#catalog?utm_medium=cpc&utm_source=ya_direct&utm_campaign={campaign_name}|{campaign_id}&utm_term={keyword}&utm_content=k50id|01000000{phrase_id}_{retargeting_id}|cid|{campaign_id}|gid|{gbid}|aid|{ad_id}|adp|{addphrases}|pos|{position_type}{position}|src|{source_type}_{source}|dvc|{device_type}|dop_0&k50id=01000000{phrase_id}_{retargeting_id}&cm_id={campaign_id}_{gbid}_{banner_id}_{phrase_id}_{retargeting_id}_{source}_{source_type}_{campaign_type}_{addphrases}_{device_type}_{position_type}_{region_id}&region={region_id}&region_name={region_name},Душ Hansgrohe Raindance Select,Оригинальные души Hansgrohe. Бесплатная доставка. Покупайте!,,,,,,,
https://hansgrohe-russia.ru/kollektsii/raindance/shopby/hg_kollektsii-raindance_select-raindance_select_e-raindance_select_s?v=7#catalog?utm_medium=cpc&utm_source=ya_direct&utm_campaign={campaign_name}|{campaign_id}&utm_term={keyword}&utm_content=k50id|01000000{phrase_id}_{retargeting_id}|cid|{campaign_id}|gid|{gbid}|aid|{ad_id}|adp|{addphrases}|pos|{position_type}{position}|src|{source_type}_{source}|dvc|{device_type}|dop_0&k50id=01000000{phrase_id}_{retargeting_id}&cm_id={campaign_id}_{gbid}_{banner_id}_{phrase_id}_{retargeting_id}_{source}_{source_type}_{campaign_type}_{addphrases}_{device_type}_{position_type}_{region_id}&region={region_id}&region_name={region_name},Душ Hansgrohe Raindance Select. Оригинальная продукция,Приобретайте оригинальные души Hansgrohe с официальной гарантией. Доставка 0 руб!,,,,,,,
https://hansgrohe-russia.ru/kollektsii/raindance/shopby/hg_kollektsii-raindance_select-raindance_select_e-raindance_select_s?v=8#catalog?utm_medium=cpc&utm_source=ya_direct&utm_campaign={campaign_name}|{campaign_id}&utm_term={keyword}&utm_content=k50id|01000000{phrase_id}_{retargeting_id}|cid|{campaign_id}|gid|{gbid}|aid|{ad_id}|adp|{addphrases}|pos|{position_type}{position}|src|{source_type}_{source}|dvc|{device_type}|dop_0&k50id=01000000{phrase_id}_{retargeting_id}&cm_id={campaign_id}_{gbid}_{banner_id}_{phrase_id}_{retargeting_id}_{source}_{source_type}_{campaign_type}_{addphrases}_{device_type}_{position_type}_{region_id}&region={region_id}&region_name={region_name},Душ Hansgrohe Raindance Select. Суперцены каждый день!,Оригинальные души Hansgrohe. Скидка 5% на покупку. Переходите на сайт!,,,,,,,
https://hansgrohe-russia.ru/kollektsii/raindance/shopby/hg_tip-verhnie_dushi?utm_medium=cpc&utm_source=ya_direct&utm_campaign={campaign_name}|{campaign_id}&utm_term={keyword}&utm_content=k50id|01000000{phrase_id}_{retargeting_id}|cid|{campaign_id}|gid|{gbid}|aid|{ad_id}|adp|{addphrases}|pos|{position_type}{position}|src|{source_type}_{source}|dvc|{device_type}|dop_0&k50id=01000000{phrase_id}_{retargeting_id}&cm_id={campaign_id}_{gbid}_{banner_id}_{phrase_id}_{retargeting_id}_{source}_{source_type}_{campaign_type}_{addphrases}_{device_type}_{position_type}_{region_id}&region={region_id}&region_name={region_name}&v=1,Верхние души Hansgrohe Raindance,Покупайте верхние души от бренда Hansgrohe с гарантией производителя!,,,,,,,
https://hansgrohe-russia.ru/kollektsii/raindance/shopby/hg_tip-verhnie_dushi?utm_medium=cpc&utm_source=ya_direct&utm_campaign={campaign_name}|{campaign_id}&utm_term={keyword}&utm_content=k50id|01000000{phrase_id}_{retargeting_id}|cid|{campaign_id}|gid|{gbid}|aid|{ad_id}|adp|{addphrases}|pos|{position_type}{position}|src|{source_type}_{source}|dvc|{device_type}|dop_0&k50id=01000000{phrase_id}_{retargeting_id}&cm_id={campaign_id}_{gbid}_{banner_id}_{phrase_id}_{retargeting_id}_{source}_{source_type}_{campaign_type}_{addphrases}_{device_type}_{position_type}_{region_id}&region={region_id}&region_name={region_name}&v=2,Верхние души Hansgrohe Raindance,Оригинальные верхние души Hansgrohe. Бесплатная доставка. Покупайте!,,,,,,,
https://hansgrohe-russia.ru/kollektsii/raindance/shopby/hg_tip-verhnie_dushi?utm_medium=cpc&utm_source=ya_direct&utm_campaign={campaign_name}|{campaign_id}&utm_term={keyword}&utm_content=k50id|01000000{phrase_id}_{retargeting_id}|cid|{campaign_id}|gid|{gbid}|aid|{ad_id}|adp|{addphrases}|pos|{position_type}{position}|src|{source_type}_{source}|dvc|{device_type}|dop_0&k50id=01000000{phrase_id}_{retargeting_id}&cm_id={campaign_id}_{gbid}_{banner_id}_{phrase_id}_{retargeting_id}_{source}_{source_type}_{campaign_type}_{addphrases}_{device_type}_{position_type}_{region_id}&region={region_id}&region_name={region_name}&v=3,Верхние души Hansgrohe Raindance. Оригинальная продукция,Приобретайте верхние души Hansgrohe с официальной гарантией. Доставка 0 руб!,,,,,,,
https://hansgrohe-russia.ru/kollektsii/raindance/shopby/hg_tip-verhnie_dushi?utm_medium=cpc&utm_source=ya_direct&utm_campaign={campaign_name}|{campaign_id}&utm_term={keyword}&utm_content=k50id|01000000{phrase_id}_{retargeting_id}|cid|{campaign_id}|gid|{gbid}|aid|{ad_id}|adp|{addphrases}|pos|{position_type}{position}|src|{source_type}_{source}|dvc|{device_type}|dop_0&k50id=01000000{phrase_id}_{retargeting_id}&cm_id={campaign_id}_{gbid}_{banner_id}_{phrase_id}_{retargeting_id}_{source}_{source_type}_{campaign_type}_{addphrases}_{device_type}_{position_type}_{region_id}&region={region_id}&region_name={region_name}&v=4,Верхние души Hansgrohe Raindance. Суперцены каждый день!,Оригинальные верхние души Hansgrohe. Скидка 5% на покупку. Переходите на сайт!,,,,,,,
https://hansgrohe-russia.ru/kollektsii/raindance/shopby/hg_tip-verhnie_dushi?utm_medium=cpc&utm_source=ya_direct&utm_campaign={campaign_name}|{campaign_id}&utm_term={keyword}&utm_content=k50id|01000000{phrase_id}_{retargeting_id}|cid|{campaign_id}|gid|{gbid}|aid|{ad_id}|adp|{addphrases}|pos|{position_type}{position}|src|{source_type}_{source}|dvc|{device_type}|dop_0&k50id=01000000{phrase_id}_{retargeting_id}&cm_id={campaign_id}_{gbid}_{banner_id}_{phrase_id}_{retargeting_id}_{source}_{source_type}_{campaign_type}_{addphrases}_{device_type}_{position_type}_{region_id}&region={region_id}&region_name={region_name}&v=5,Верхние души Hansgrohe Raindance 240,Покупайте верхние души от бренда Hansgrohe с гарантией производителя!,,,,,,,
https://hansgrohe-russia.ru/kollektsii/raindance/shopby/hg_tip-verhnie_dushi?utm_medium=cpc&utm_source=ya_direct&utm_campaign={campaign_name}|{campaign_id}&utm_term={keyword}&utm_content=k50id|01000000{phrase_id}_{retargeting_id}|cid|{campaign_id}|gid|{gbid}|aid|{ad_id}|adp|{addphrases}|pos|{position_type}{position}|src|{source_type}_{source}|dvc|{device_type}|dop_0&k50id=01000000{phrase_id}_{retargeting_id}&cm_id={campaign_id}_{gbid}_{banner_id}_{phrase_id}_{retargeting_id}_{source}_{source_type}_{campaign_type}_{addphrases}_{device_type}_{position_type}_{region_id}&region={region_id}&region_name={region_name}&v=6,Верхние души Hansgrohe Raindance 240,Оригинальные верхние души Hansgrohe. Бесплатная доставка. Покупайте!,,,,,,,
https://hansgrohe-russia.ru/kollektsii/raindance/shopby/hg_tip-verhnie_dushi?utm_medium=cpc&utm_source=ya_direct&utm_campaign={campaign_name}|{campaign_id}&utm_term={keyword}&utm_content=k50id|01000000{phrase_id}_{retargeting_id}|cid|{campaign_id}|gid|{gbid}|aid|{ad_id}|adp|{addphrases}|pos|{position_type}{position}|src|{source_type}_{source}|dvc|{device_type}|dop_0&k50id=01000000{phrase_id}_{retargeting_id}&cm_id={campaign_id}_{gbid}_{banner_id}_{phrase_id}_{retargeting_id}_{source}_{source_type}_{campaign_type}_{addphrases}_{device_type}_{position_type}_{region_id}&region={region_id}&region_name={region_name}&v=7,Верхние души Hansgrohe Raindance 240,Приобретайте верхние души Hansgrohe с официальной гарантией. Доставка 0 руб!,,,,,,,
https://hansgrohe-russia.ru/kollektsii/raindance/shopby/hg_tip-verhnie_dushi?utm_medium=cpc&utm_source=ya_direct&utm_campaign={campaign_name}|{campaign_id}&utm_term={keyword}&utm_content=k50id|01000000{phrase_id}_{retargeting_id}|cid|{campaign_id}|gid|{gbid}|aid|{ad_id}|adp|{addphrases}|pos|{position_type}{position}|src|{source_type}_{source}|dvc|{device_type}|dop_0&k50id=01000000{phrase_id}_{retargeting_id}&cm_id={campaign_id}_{gbid}_{banner_id}_{phrase_id}_{retargeting_id}_{source}_{source_type}_{campaign_type}_{addphrases}_{device_type}_{position_type}_{region_id}&region={region_id}&region_name={region_name}&v=8,Верхние души Hansgrohe Raindance 240,Оригинальные верхние души Hansgrohe. Скидка 5% на покупку. Переходите на сайт!,,,,,,,
https://hansgrohe-russia.ru/kollektsii/raindance/shopby/hg_tip-verhnie_dushi/hg_kollektsii-raindance_e-raindance_select_e?utm_medium=cpc&utm_source=ya_direct&utm_campaign={campaign_name}|{campaign_id}&utm_term={keyword}&utm_content=k50id|01000000{phrase_id}_{retargeting_id}|cid|{campaign_id}|gid|{gbid}|aid|{ad_id}|adp|{addphrases}|pos|{position_type}{position}|src|{source_type}_{source}|dvc|{device_type}|dop_0&k50id=01000000{phrase_id}_{retargeting_id}&cm_id={campaign_id}_{gbid}_{banner_id}_{phrase_id}_{retargeting_id}_{source}_{source_type}_{campaign_type}_{addphrases}_{device_type}_{position_type}_{region_id}&region={region_id}&region_name={region_name}&v=1,Верхние души Hansgrohe Raindance E,Покупайте верхние души от бренда Hansgrohe с гарантией производителя!,,,,,,,
https://hansgrohe-russia.ru/kollektsii/raindance/shopby/hg_tip-verhnie_dushi/hg_kollektsii-raindance_e-raindance_select_e?utm_medium=cpc&utm_source=ya_direct&utm_campaign={campaign_name}|{campaign_id}&utm_term={keyword}&utm_content=k50id|01000000{phrase_id}_{retargeting_id}|cid|{campaign_id}|gid|{gbid}|aid|{ad_id}|adp|{addphrases}|pos|{position_type}{position}|src|{source_type}_{source}|dvc|{device_type}|dop_0&k50id=01000000{phrase_id}_{retargeting_id}&cm_id={campaign_id}_{gbid}_{banner_id}_{phrase_id}_{retargeting_id}_{source}_{source_type}_{campaign_type}_{addphrases}_{device_type}_{position_type}_{region_id}&region={region_id}&region_name={region_name}&v=2,Верхние души Hansgrohe Raindance E,Оригинальные верхние души Hansgrohe. Бесплатная доставка. Покупайте!,,,,,,,
https://hansgrohe-russia.ru/kollektsii/raindance/shopby/hg_tip-verhnie_dushi/hg_kollektsii-raindance_e-raindance_select_e?utm_medium=cpc&utm_source=ya_direct&utm_campaign={campaign_name}|{campaign_id}&utm_term={keyword}&utm_content=k50id|01000000{phrase_id}_{retargeting_id}|cid|{campaign_id}|gid|{gbid}|aid|{ad_id}|adp|{addphrases}|pos|{position_type}{position}|src|{source_type}_{source}|dvc|{device_type}|dop_0&k50id=01000000{phrase_id}_{retargeting_id}&cm_id={campaign_id}_{gbid}_{banner_id}_{phrase_id}_{retargeting_id}_{source}_{source_type}_{campaign_type}_{addphrases}_{device_type}_{position_type}_{region_id}&region={region_id}&region_name={region_name}&v=3,Верхние души Hansgrohe Raindance E,Приобретайте верхние души Hansgrohe с официальной гарантией. Доставка 0 руб!,,,,,,,
https://hansgrohe-russia.ru/kollektsii/raindance/shopby/hg_tip-verhnie_dushi/hg_kollektsii-raindance_e-raindance_select_e?utm_medium=cpc&utm_source=ya_direct&utm_campaign={campaign_name}|{campaign_id}&utm_term={keyword}&utm_content=k50id|01000000{phrase_id}_{retargeting_id}|cid|{campaign_id}|gid|{gbid}|aid|{ad_id}|adp|{addphrases}|pos|{position_type}{position}|src|{source_type}_{source}|dvc|{device_type}|dop_0&k50id=01000000{phrase_id}_{retargeting_id}&cm_id={campaign_id}_{gbid}_{banner_id}_{phrase_id}_{retargeting_id}_{source}_{source_type}_{campaign_type}_{addphrases}_{device_type}_{position_type}_{region_id}&region={region_id}&region_name={region_name}&v=4,Верхние души Hansgrohe Raindance E,Оригинальные верхние души Hansgrohe. Скидка 5% на покупку. Переходите на сайт!,,,,,,,
https://hansgrohe-russia.ru/kollektsii/raindance/shopby/hg_tip-verhnie_dushi/hg_kollektsii-raindance_select-raindance_select_e-raindance_select_s?v=1#catalog?utm_medium=cpc&utm_source=ya_direct&utm_campaign={campaign_name}|{campaign_id}&utm_term={keyword}&utm_content=k50id|01000000{phrase_id}_{retargeting_id}|cid|{campaign_id}|gid|{gbid}|aid|{ad_id}|adp|{addphrases}|pos|{position_type}{position}|src|{source_type}_{source}|dvc|{device_type}|dop_0&k50id=01000000{phrase_id}_{retargeting_id}&cm_id={campaign_id}_{gbid}_{banner_id}_{phrase_id}_{retargeting_id}_{source}_{source_type}_{campaign_type}_{addphrases}_{device_type}_{position_type}_{region_id}&region={region_id}&region_name={region_name},Верхние души Hansgrohe Raindance Select,Покупайте верхние души от бренда Hansgrohe с гарантией производителя!,,,,,,,
https://hansgrohe-russia.ru/kollektsii/raindance/shopby/hg_tip-verhnie_dushi/hg_kollektsii-raindance_select-raindance_select_e-raindance_select_s?v=2#catalog?utm_medium=cpc&utm_source=ya_direct&utm_campaign={campaign_name}|{campaign_id}&utm_term={keyword}&utm_content=k50id|01000000{phrase_id}_{retargeting_id}|cid|{campaign_id}|gid|{gbid}|aid|{ad_id}|adp|{addphrases}|pos|{position_type}{position}|src|{source_type}_{source}|dvc|{device_type}|dop_0&k50id=01000000{phrase_id}_{retargeting_id}&cm_id={campaign_id}_{gbid}_{banner_id}_{phrase_id}_{retargeting_id}_{source}_{source_type}_{campaign_type}_{addphrases}_{device_type}_{position_type}_{region_id}&region={region_id}&region_name={region_name},Верхние души Hansgrohe Raindance Select,Оригинальные верхние души Hansgrohe. Бесплатная доставка. Покупайте!,,,,,,,
https://hansgrohe-russia.ru/kollektsii/raindance/shopby/hg_tip-verhnie_dushi/hg_kollektsii-raindance_select-raindance_select_e-raindance_select_s?v=3#catalog?utm_medium=cpc&utm_source=ya_direct&utm_campaign={campaign_name}|{campaign_id}&utm_term={keyword}&utm_content=k50id|01000000{phrase_id}_{retargeting_id}|cid|{campaign_id}|gid|{gbid}|aid|{ad_id}|adp|{addphrases}|pos|{position_type}{position}|src|{source_type}_{source}|dvc|{device_type}|dop_0&k50id=01000000{phrase_id}_{retargeting_id}&cm_id={campaign_id}_{gbid}_{banner_id}_{phrase_id}_{retargeting_id}_{source}_{source_type}_{campaign_type}_{addphrases}_{device_type}_{position_type}_{region_id}&region={region_id}&region_name={region_name},Верхние души Hansgrohe Raindance Select,Приобретайте верхние души Hansgrohe с официальной гарантией. Доставка 0 руб!,,,,,,,
https://hansgrohe-russia.ru/kollektsii/raindance/shopby/hg_tip-verhnie_dushi/hg_kollektsii-raindance_select-raindance_select_e-raindance_select_s?v=4#catalog?utm_medium=cpc&utm_source=ya_direct&utm_campaign={campaign_name}|{campaign_id}&utm_term={keyword}&utm_content=k50id|01000000{phrase_id}_{retargeting_id}|cid|{campaign_id}|gid|{gbid}|aid|{ad_id}|adp|{addphrases}|pos|{position_type}{position}|src|{source_type}_{source}|dvc|{device_type}|dop_0&k50id=01000000{phrase_id}_{retargeting_id}&cm_id={campaign_id}_{gbid}_{banner_id}_{phrase_id}_{retargeting_id}_{source}_{source_type}_{campaign_type}_{addphrases}_{device_type}_{position_type}_{region_id}&region={region_id}&region_name={region_name},Верхние души Hansgrohe Raindance Select,Оригинальные верхние души Hansgrohe. Скидка 5% на покупку. Переходите на сайт!,,,,,,,
https://hansgrohe-russia.ru/kollektsii/rainfinity?utm_medium=cpc&utm_source=ya_direct&utm_campaign={campaign_name}|{campaign_id}&utm_term={keyword}&utm_content=k50id|01000000{phrase_id}_{retargeting_id}|cid|{campaign_id}|gid|{gbid}|aid|{ad_id}|adp|{addphrases}|pos|{position_type}{position}|src|{source_type}_{source}|dvc|{device_type}|dop_0&k50id=01000000{phrase_id}_{retargeting_id}&cm_id={campaign_id}_{gbid}_{banner_id}_{phrase_id}_{retargeting_id}_{source}_{source_type}_{campaign_type}_{addphrases}_{device_type}_{position_type}_{region_id}&region={region_id}&region_name={region_name}&v=1,Душ Hansgrohe Rainfinity. Доставка по всей России!,Покупайте оригинальные души от бренда Hansgrohe с гарантией производителя!,,,,,,,
https://hansgrohe-russia.ru/kollektsii/rainfinity?utm_medium=cpc&utm_source=ya_direct&utm_campaign={campaign_name}|{campaign_id}&utm_term={keyword}&utm_content=k50id|01000000{phrase_id}_{retargeting_id}|cid|{campaign_id}|gid|{gbid}|aid|{ad_id}|adp|{addphrases}|pos|{position_type}{position}|src|{source_type}_{source}|dvc|{device_type}|dop_0&k50id=01000000{phrase_id}_{retargeting_id}&cm_id={campaign_id}_{gbid}_{banner_id}_{phrase_id}_{retargeting_id}_{source}_{source_type}_{campaign_type}_{addphrases}_{device_type}_{position_type}_{region_id}&region={region_id}&region_name={region_name}&v=2,Душ Hansgrohe Rainfinity. Получайте подарки за покупку!,Оригинальные души Hansgrohe. Бесплатная доставка. Покупайте!,,,,,,,
https://hansgrohe-russia.ru/kollektsii/rainfinity?utm_medium=cpc&utm_source=ya_direct&utm_campaign={campaign_name}|{campaign_id}&utm_term={keyword}&utm_content=k50id|01000000{phrase_id}_{retargeting_id}|cid|{campaign_id}|gid|{gbid}|aid|{ad_id}|adp|{addphrases}|pos|{position_type}{position}|src|{source_type}_{source}|dvc|{device_type}|dop_0&k50id=01000000{phrase_id}_{retargeting_id}&cm_id={campaign_id}_{gbid}_{banner_id}_{phrase_id}_{retargeting_id}_{source}_{source_type}_{campaign_type}_{addphrases}_{device_type}_{position_type}_{region_id}&region={region_id}&region_name={region_name}&v=3,Душ Hansgrohe Rainfinity. Оригинальная продукция,Приобретайте оригинальные души Hansgrohe с официальной гарантией. Доставка 0 руб!,,,,,,,
https://hansgrohe-russia.ru/kollektsii/rainfinity?utm_medium=cpc&utm_source=ya_direct&utm_campaign={campaign_name}|{campaign_id}&utm_term={keyword}&utm_content=k50id|01000000{phrase_id}_{retargeting_id}|cid|{campaign_id}|gid|{gbid}|aid|{ad_id}|adp|{addphrases}|pos|{position_type}{position}|src|{source_type}_{source}|dvc|{device_type}|dop_0&k50id=01000000{phrase_id}_{retargeting_id}&cm_id={campaign_id}_{gbid}_{banner_id}_{phrase_id}_{retargeting_id}_{source}_{source_type}_{campaign_type}_{addphrases}_{device_type}_{position_type}_{region_id}&region={region_id}&region_name={region_name}&v=4,Душ Hansgrohe Rainfinity. Суперцены каждый день!,Оригинальные души Hansgrohe. Скидка 5% на покупку. Переходите на сайт!,,,,,,,
https://hansgrohe-russia.ru/kollektsii/rainfinity/shopby/hg_razmer_verkhn_dusha-300-400?utm_medium=cpc&utm_source=ya_direct&utm_campaign={campaign_name}|{campaign_id}&utm_term={keyword}&utm_content=k50id|01000000{phrase_id}_{retargeting_id}|cid|{campaign_id}|gid|{gbid}|aid|{ad_id}|adp|{addphrases}|pos|{position_type}{position}|src|{source_type}_{source}|dvc|{device_type}|dop_0&k50id=01000000{phrase_id}_{retargeting_id}&cm_id={campaign_id}_{gbid}_{banner_id}_{phrase_id}_{retargeting_id}_{source}_{source_type}_{campaign_type}_{addphrases}_{device_type}_{position_type}_{region_id}&region={region_id}&region_name={region_name}&v=1,Верхние души Hansgrohe Rainfinity 360,Покупайте верхние души от бренда Hansgrohe с гарантией производителя!,,,,,,,
https://hansgrohe-russia.ru/kollektsii/rainfinity/shopby/hg_razmer_verkhn_dusha-300-400?utm_medium=cpc&utm_source=ya_direct&utm_campaign={campaign_name}|{campaign_id}&utm_term={keyword}&utm_content=k50id|01000000{phrase_id}_{retargeting_id}|cid|{campaign_id}|gid|{gbid}|aid|{ad_id}|adp|{addphrases}|pos|{position_type}{position}|src|{source_type}_{source}|dvc|{device_type}|dop_0&k50id=01000000{phrase_id}_{retargeting_id}&cm_id={campaign_id}_{gbid}_{banner_id}_{phrase_id}_{retargeting_id}_{source}_{source_type}_{campaign_type}_{addphrases}_{device_type}_{position_type}_{region_id}&region={region_id}&region_name={region_name}&v=2,Верхние души Hansgrohe Rainfinity 360,Оригинальные верхние души Hansgrohe. Бесплатная доставка. Покупайте!,,,,,,,
https://hansgrohe-russia.ru/kollektsii/rainfinity/shopby/hg_razmer_verkhn_dusha-300-400?utm_medium=cpc&utm_source=ya_direct&utm_campaign={campaign_name}|{campaign_id}&utm_term={keyword}&utm_content=k50id|01000000{phrase_id}_{retargeting_id}|cid|{campaign_id}|gid|{gbid}|aid|{ad_id}|adp|{addphrases}|pos|{position_type}{position}|src|{source_type}_{source}|dvc|{device_type}|dop_0&k50id=01000000{phrase_id}_{retargeting_id}&cm_id={campaign_id}_{gbid}_{banner_id}_{phrase_id}_{retargeting_id}_{source}_{source_type}_{campaign_type}_{addphrases}_{device_type}_{position_type}_{region_id}&region={region_id}&region_name={region_name}&v=3,Верхние души Hansgrohe Rainfinity 360,Приобретайте верхние души Hansgrohe с официальной гарантией. Доставка 0 руб!,,,,,,,
https://hansgrohe-russia.ru/kollektsii/rainfinity/shopby/hg_razmer_verkhn_dusha-300-400?utm_medium=cpc&utm_source=ya_direct&utm_campaign={campaign_name}|{campaign_id}&utm_term={keyword}&utm_content=k50id|01000000{phrase_id}_{retargeting_id}|cid|{campaign_id}|gid|{gbid}|aid|{ad_id}|adp|{addphrases}|pos|{position_type}{position}|src|{source_type}_{source}|dvc|{device_type}|dop_0&k50id=01000000{phrase_id}_{retargeting_id}&cm_id={campaign_id}_{gbid}_{banner_id}_{phrase_id}_{retargeting_id}_{source}_{source_type}_{campaign_type}_{addphrases}_{device_type}_{position_type}_{region_id}&region={region_id}&region_name={region_name}&v=4,Верхние души Hansgrohe Rainfinity 360,Оригинальные верхние души Hansgrohe. Скидка 5% на покупку. Переходите на сайт!,,,,,,,
https://hansgrohe-russia.ru/kollektsii/rainfinity/shopby/hg_tip-verhnie_dushi?v=1#catalog?utm_medium=cpc&utm_source=ya_direct&utm_campaign={campaign_name}|{campaign_id}&utm_term={keyword}&utm_content=k50id|01000000{phrase_id}_{retargeting_id}|cid|{campaign_id}|gid|{gbid}|aid|{ad_id}|adp|{addphrases}|pos|{position_type}{position}|src|{source_type}_{source}|dvc|{device_type}|dop_0&k50id=01000000{phrase_id}_{retargeting_id}&cm_id={campaign_id}_{gbid}_{banner_id}_{phrase_id}_{retargeting_id}_{source}_{source_type}_{campaign_type}_{addphrases}_{device_type}_{position_type}_{region_id}&region={region_id}&region_name={region_name},Верхние души Hansgrohe Rainfinity,Покупайте верхние души от бренда Hansgrohe с гарантией производителя!,,,,,,,
https://hansgrohe-russia.ru/kollektsii/rainfinity/shopby/hg_tip-verhnie_dushi?v=2#catalog?utm_medium=cpc&utm_source=ya_direct&utm_campaign={campaign_name}|{campaign_id}&utm_term={keyword}&utm_content=k50id|01000000{phrase_id}_{retargeting_id}|cid|{campaign_id}|gid|{gbid}|aid|{ad_id}|adp|{addphrases}|pos|{position_type}{position}|src|{source_type}_{source}|dvc|{device_type}|dop_0&k50id=01000000{phrase_id}_{retargeting_id}&cm_id={campaign_id}_{gbid}_{banner_id}_{phrase_id}_{retargeting_id}_{source}_{source_type}_{campaign_type}_{addphrases}_{device_type}_{position_type}_{region_id}&region={region_id}&region_name={region_name},Верхние души Hansgrohe Rainfinity,Оригинальные верхние души Hansgrohe. Бесплатная доставка. Покупайте!,,,,,,,
https://hansgrohe-russia.ru/kollektsii/rainfinity/shopby/hg_tip-verhnie_dushi?v=3#catalog?utm_medium=cpc&utm_source=ya_direct&utm_campaign={campaign_name}|{campaign_id}&utm_term={keyword}&utm_content=k50id|01000000{phrase_id}_{retargeting_id}|cid|{campaign_id}|gid|{gbid}|aid|{ad_id}|adp|{addphrases}|pos|{position_type}{position}|src|{source_type}_{source}|dvc|{device_type}|dop_0&k50id=01000000{phrase_id}_{retargeting_id}&cm_id={campaign_id}_{gbid}_{banner_id}_{phrase_id}_{retargeting_id}_{source}_{source_type}_{campaign_type}_{addphrases}_{device_type}_{position_type}_{region_id}&region={region_id}&region_name={region_name},Верхние души Hansgrohe Rainfinity,Приобретайте верхние души Hansgrohe с официальной гарантией. Доставка 0 руб!,,,,,,,
https://hansgrohe-russia.ru/kollektsii/rainfinity/shopby/hg_tip-verhnie_dushi?v=4#catalog?utm_medium=cpc&utm_source=ya_direct&utm_campaign={campaign_name}|{campaign_id}&utm_term={keyword}&utm_content=k50id|01000000{phrase_id}_{retargeting_id}|cid|{campaign_id}|gid|{gbid}|aid|{ad_id}|adp|{addphrases}|pos|{position_type}{position}|src|{source_type}_{source}|dvc|{device_type}|dop_0&k50id=01000000{phrase_id}_{retargeting_id}&cm_id={campaign_id}_{gbid}_{banner_id}_{phrase_id}_{retargeting_id}_{source}_{source_type}_{campaign_type}_{addphrases}_{device_type}_{position_type}_{region_id}&region={region_id}&region_name={region_name},Верхние души Hansgrohe Rainfinity,Оригинальные верхние души Hansgrohe. Скидка 5% на покупку. Переходите на сайт!,,,,,,,
https://hansgrohe-russia.ru/kollektsii/rainmaker?utm_medium=cpc&utm_source=ya_direct&utm_campaign={campaign_name}|{campaign_id}&utm_term={keyword}&utm_content=k50id|01000000{phrase_id}_{retargeting_id}|cid|{campaign_id}|gid|{gbid}|aid|{ad_id}|adp|{addphrases}|pos|{position_type}{position}|src|{source_type}_{source}|dvc|{device_type}|dop_0&k50id=01000000{phrase_id}_{retargeting_id}&cm_id={campaign_id}_{gbid}_{banner_id}_{phrase_id}_{retargeting_id}_{source}_{source_type}_{campaign_type}_{addphrases}_{device_type}_{position_type}_{region_id}&region={region_id}&region_name={region_name}&v=1,Душ Hansgrohe Rainmaker Select. Доставка по всей России!,Покупайте оригинальные души от бренда Hansgrohe с гарантией производителя!,,,,,,,
https://hansgrohe-russia.ru/kollektsii/rainmaker?utm_medium=cpc&utm_source=ya_direct&utm_campaign={campaign_name}|{campaign_id}&utm_term={keyword}&utm_content=k50id|01000000{phrase_id}_{retargeting_id}|cid|{campaign_id}|gid|{gbid}|aid|{ad_id}|adp|{addphrases}|pos|{position_type}{position}|src|{source_type}_{source}|dvc|{device_type}|dop_0&k50id=01000000{phrase_id}_{retargeting_id}&cm_id={campaign_id}_{gbid}_{banner_id}_{phrase_id}_{retargeting_id}_{source}_{source_type}_{campaign_type}_{addphrases}_{device_type}_{position_type}_{region_id}&region={region_id}&region_name={region_name}&v=2,Душ Hansgrohe Rainmaker Select,Оригинальные души Hansgrohe. Бесплатная доставка. Покупайте!,,,,,,,
https://hansgrohe-russia.ru/kollektsii/rainmaker?utm_medium=cpc&utm_source=ya_direct&utm_campaign={campaign_name}|{campaign_id}&utm_term={keyword}&utm_content=k50id|01000000{phrase_id}_{retargeting_id}|cid|{campaign_id}|gid|{gbid}|aid|{ad_id}|adp|{addphrases}|pos|{position_type}{position}|src|{source_type}_{source}|dvc|{device_type}|dop_0&k50id=01000000{phrase_id}_{retargeting_id}&cm_id={campaign_id}_{gbid}_{banner_id}_{phrase_id}_{retargeting_id}_{source}_{source_type}_{campaign_type}_{addphrases}_{device_type}_{position_type}_{region_id}&region={region_id}&region_name={region_name}&v=3,Душ Hansgrohe Rainmaker Select. Оригинальная продукция,Приобретайте оригинальные души Hansgrohe с официальной гарантией. Доставка 0 руб!,,,,,,,
https://hansgrohe-russia.ru/kollektsii/rainmaker?utm_medium=cpc&utm_source=ya_direct&utm_campaign={campaign_name}|{campaign_id}&utm_term={keyword}&utm_content=k50id|01000000{phrase_id}_{retargeting_id}|cid|{campaign_id}|gid|{gbid}|aid|{ad_id}|adp|{addphrases}|pos|{position_type}{position}|src|{source_type}_{source}|dvc|{device_type}|dop_0&k50id=01000000{phrase_id}_{retargeting_id}&cm_id={campaign_id}_{gbid}_{banner_id}_{phrase_id}_{retargeting_id}_{source}_{source_type}_{campaign_type}_{addphrases}_{device_type}_{position_type}_{region_id}&region={region_id}&region_name={region_name}&v=4,Душ Hansgrohe Rainmaker Select. Суперцены каждый день!,Оригинальные души Hansgrohe. Скидка 5% на покупку. Переходите на сайт!,,,,,,,
https://hansgrohe-russia.ru/kollektsii/talis-1?utm_medium=cpc&utm_source=ya_direct&utm_campaign={campaign_name}|{campaign_id}&utm_term={keyword}&utm_content=k50id|01000000{phrase_id}_{retargeting_id}|cid|{campaign_id}|gid|{gbid}|aid|{ad_id}|adp|{addphrases}|pos|{position_type}{position}|src|{source_type}_{source}|dvc|{device_type}|dop_0&k50id=01000000{phrase_id}_{retargeting_id}&cm_id={campaign_id}_{gbid}_{banner_id}_{phrase_id}_{retargeting_id}_{source}_{source_type}_{campaign_type}_{addphrases}_{device_type}_{position_type}_{region_id}&region={region_id}&region_name={region_name}&v=9,Души Hansgrohe Talis. Доставка по всей России!,Покупайте души от бренда Hansgrohe с гарантией производителя!,,,,,,,
https://hansgrohe-russia.ru/kollektsii/talis-1?utm_medium=cpc&utm_source=ya_direct&utm_campaign={campaign_name}|{campaign_id}&utm_term={keyword}&utm_content=k50id|01000000{phrase_id}_{retargeting_id}|cid|{campaign_id}|gid|{gbid}|aid|{ad_id}|adp|{addphrases}|pos|{position_type}{position}|src|{source_type}_{source}|dvc|{device_type}|dop_0&k50id=01000000{phrase_id}_{retargeting_id}&cm_id={campaign_id}_{gbid}_{banner_id}_{phrase_id}_{retargeting_id}_{source}_{source_type}_{campaign_type}_{addphrases}_{device_type}_{position_type}_{region_id}&region={region_id}&region_name={region_name}&v=10,Души Hansgrohe Talis. Получайте подарки за покупку!,Оригинальные души Hansgrohe. Бесплатная доставка. Покупайте!,,,,,,,
https://hansgrohe-russia.ru/kollektsii/talis-1?utm_medium=cpc&utm_source=ya_direct&utm_campaign={campaign_name}|{campaign_id}&utm_term={keyword}&utm_content=k50id|01000000{phrase_id}_{retargeting_id}|cid|{campaign_id}|gid|{gbid}|aid|{ad_id}|adp|{addphrases}|pos|{position_type}{position}|src|{source_type}_{source}|dvc|{device_type}|dop_0&k50id=01000000{phrase_id}_{retargeting_id}&cm_id={campaign_id}_{gbid}_{banner_id}_{phrase_id}_{retargeting_id}_{source}_{source_type}_{campaign_type}_{addphrases}_{device_type}_{position_type}_{region_id}&region={region_id}&region_name={region_name}&v=11,Души Hansgrohe Talis. Оригинальная продукция,Приобретайте души Hansgrohe с официальной гарантией. Доставка 0 руб!,,,,,,,
https://hansgrohe-russia.ru/kollektsii/talis-1?utm_medium=cpc&utm_source=ya_direct&utm_campaign={campaign_name}|{campaign_id}&utm_term={keyword}&utm_content=k50id|01000000{phrase_id}_{retargeting_id}|cid|{campaign_id}|gid|{gbid}|aid|{ad_id}|adp|{addphrases}|pos|{position_type}{position}|src|{source_type}_{source}|dvc|{device_type}|dop_0&k50id=01000000{phrase_id}_{retargeting_id}&cm_id={campaign_id}_{gbid}_{banner_id}_{phrase_id}_{retargeting_id}_{source}_{source_type}_{campaign_type}_{addphrases}_{device_type}_{position_type}_{region_id}&region={region_id}&region_name={region_name}&v=12,Души Hansgrohe Talis. Суперцены каждый день!,Оригинальные души Hansgrohe. Скидка 5% на покупку. Переходите на сайт!,,,,,,,
https://hansgrohe-russia.ru/dushevaya-programma/dushevye-forsunki?utm_medium=cpc&utm_source=ya_direct&utm_campaign={campaign_name}|{campaign_id}&utm_term={keyword}&utm_content=k50id|01000000{phrase_id}_{retargeting_id}|cid|{campaign_id}|gid|{gbid}|aid|{ad_id}|adp|{addphrases}|pos|{position_type}{position}|src|{source_type}_{source}|dvc|{device_type}|dop_0&k50id=01000000{phrase_id}_{retargeting_id}&cm_id={campaign_id}_{gbid}_{banner_id}_{phrase_id}_{retargeting_id}_{source}_{source_type}_{campaign_type}_{addphrases}_{device_type}_{position_type}_{region_id}&region={region_id}&region_name={region_name}&v=1,Боковые душевые форсунки Hansgrohe,Покупайте душевые форсунки от бренда Hansgrohe с гарантией производителя!,,,,,,,
https://hansgrohe-russia.ru/dushevaya-programma/dushevye-forsunki?utm_medium=cpc&utm_source=ya_direct&utm_campaign={campaign_name}|{campaign_id}&utm_term={keyword}&utm_content=k50id|01000000{phrase_id}_{retargeting_id}|cid|{campaign_id}|gid|{gbid}|aid|{ad_id}|adp|{addphrases}|pos|{position_type}{position}|src|{source_type}_{source}|dvc|{device_type}|dop_0&k50id=01000000{phrase_id}_{retargeting_id}&cm_id={campaign_id}_{gbid}_{banner_id}_{phrase_id}_{retargeting_id}_{source}_{source_type}_{campaign_type}_{addphrases}_{device_type}_{position_type}_{region_id}&region={region_id}&region_name={region_name}&v=2,Боковые душевые форсунки Hansgrohe,Боковые душевые форсунки Hansgrohe. Бесплатная доставка. Покупайте!,,,,,,,
https://hansgrohe-russia.ru/dushevaya-programma/dushevye-forsunki?utm_medium=cpc&utm_source=ya_direct&utm_campaign={campaign_name}|{campaign_id}&utm_term={keyword}&utm_content=k50id|01000000{phrase_id}_{retargeting_id}|cid|{campaign_id}|gid|{gbid}|aid|{ad_id}|adp|{addphrases}|pos|{position_type}{position}|src|{source_type}_{source}|dvc|{device_type}|dop_0&k50id=01000000{phrase_id}_{retargeting_id}&cm_id={campaign_id}_{gbid}_{banner_id}_{phrase_id}_{retargeting_id}_{source}_{source_type}_{campaign_type}_{addphrases}_{device_type}_{position_type}_{region_id}&region={region_id}&region_name={region_name}&v=3,Боковые душевые форсунки Hansgrohe,Приобретайте душевые форсунки Hansgrohe с официальной гарантией. Доставка 0 руб!,,,,,,,
https://hansgrohe-russia.ru/dushevaya-programma/dushevye-forsunki?utm_medium=cpc&utm_source=ya_direct&utm_campaign={campaign_name}|{campaign_id}&utm_term={keyword}&utm_content=k50id|01000000{phrase_id}_{retargeting_id}|cid|{campaign_id}|gid|{gbid}|aid|{ad_id}|adp|{addphrases}|pos|{position_type}{position}|src|{source_type}_{source}|dvc|{device_type}|dop_0&k50id=01000000{phrase_id}_{retargeting_id}&cm_id={campaign_id}_{gbid}_{banner_id}_{phrase_id}_{retargeting_id}_{source}_{source_type}_{campaign_type}_{addphrases}_{device_type}_{position_type}_{region_id}&region={region_id}&region_name={region_name}&v=4,Боковые душевые форсунки Hansgrohe,Боковые душевые форсунки Hansgrohe. Скидка 5% на покупку. Переходите на сайт!,,,,,,,
https://hansgrohe-russia.ru/kollektsii/croma-1?utm_medium=cpc&utm_source=ya_direct&utm_campaign={campaign_name}|{campaign_id}&utm_term={keyword}&utm_content=k50id|01000000{phrase_id}_{retargeting_id}|cid|{campaign_id}|gid|{gbid}|aid|{ad_id}|adp|{addphrases}|pos|{position_type}{position}|src|{source_type}_{source}|dvc|{device_type}|dop_0&k50id=01000000{phrase_id}_{retargeting_id}&cm_id={campaign_id}_{gbid}_{banner_id}_{phrase_id}_{retargeting_id}_{source}_{source_type}_{campaign_type}_{addphrases}_{device_type}_{position_type}_{region_id}&region={region_id}&region_name={region_name}&v=9,Душ Hansgrohe Croma. Доставка по всей России!,Покупайте оригинальные души от бренда Hansgrohe с гарантией производителя!,,,,,,,
https://hansgrohe-russia.ru/kollektsii/croma-1?utm_medium=cpc&utm_source=ya_direct&utm_campaign={campaign_name}|{campaign_id}&utm_term={keyword}&utm_content=k50id|01000000{phrase_id}_{retargeting_id}|cid|{campaign_id}|gid|{gbid}|aid|{ad_id}|adp|{addphrases}|pos|{position_type}{position}|src|{source_type}_{source}|dvc|{device_type}|dop_0&k50id=01000000{phrase_id}_{retargeting_id}&cm_id={campaign_id}_{gbid}_{banner_id}_{phrase_id}_{retargeting_id}_{source}_{source_type}_{campaign_type}_{addphrases}_{device_type}_{position_type}_{region_id}&region={region_id}&region_name={region_name}&v=10,Душ Hansgrohe Croma. Получайте подарки за покупку!,Оригинальные души Hansgrohe. Бесплатная доставка. Покупайте!,,,,,,,
https://hansgrohe-russia.ru/kollektsii/croma-1?utm_medium=cpc&utm_source=ya_direct&utm_campaign={campaign_name}|{campaign_id}&utm_term={keyword}&utm_content=k50id|01000000{phrase_id}_{retargeting_id}|cid|{campaign_id}|gid|{gbid}|aid|{ad_id}|adp|{addphrases}|pos|{position_type}{position}|src|{source_type}_{source}|dvc|{device_type}|dop_0&k50id=01000000{phrase_id}_{retargeting_id}&cm_id={campaign_id}_{gbid}_{banner_id}_{phrase_id}_{retargeting_id}_{source}_{source_type}_{campaign_type}_{addphrases}_{device_type}_{position_type}_{region_id}&region={region_id}&region_name={region_name}&v=11,Душ Hansgrohe Croma. Оригинальная продукция,Приобретайте оригинальные души Hansgrohe с официальной гарантией. Доставка 0 руб!,,,,,,,
https://hansgrohe-russia.ru/kollektsii/croma-1?utm_medium=cpc&utm_source=ya_direct&utm_campaign={campaign_name}|{campaign_id}&utm_term={keyword}&utm_content=k50id|01000000{phrase_id}_{retargeting_id}|cid|{campaign_id}|gid|{gbid}|aid|{ad_id}|adp|{addphrases}|pos|{position_type}{position}|src|{source_type}_{source}|dvc|{device_type}|dop_0&k50id=01000000{phrase_id}_{retargeting_id}&cm_id={campaign_id}_{gbid}_{banner_id}_{phrase_id}_{retargeting_id}_{source}_{source_type}_{campaign_type}_{addphrases}_{device_type}_{position_type}_{region_id}&region={region_id}&region_name={region_name}&v=12,Душ Hansgrohe Croma. Суперцены каждый день!,Оригинальные души Hansgrohe. Скидка 5% на покупку. Переходите на сайт!,,,,,,,
https://hansgrohe-russia.ru/vstraivaemyy-montazh/smesiteli-dlya-rakoviny-skrytogo-montazha?ysclid=lq5a4f0ypm710076549&utm_medium=cpc&utm_source=ya_direct&utm_campaign={campaign_name}|{campaign_id}&utm_term={keyword}&utm_content=k50id|01000000{phrase_id}_{retargeting_id}|cid|{campaign_id}|gid|{gbid}|aid|{ad_id}|adp|{addphrases}|pos|{position_type}{position}|src|{source_type}_{source}|dvc|{device_type}|dop_0&k50id=01000000{phrase_id}_{retargeting_id}&cm_id={campaign_id}_{gbid}_{banner_id}_{phrase_id}_{retargeting_id}_{source}_{source_type}_{campaign_type}_{addphrases}_{device_type}_{position_type}_{region_id}&region={region_id}&region_name={region_name}&v=1,Встраиваемые смесители для раковины Hansgrohe,Покупайте оригинальные смесители от бренда Hansgrohe с гарантией производителя!,,,,,,,
https://hansgrohe-russia.ru/vstraivaemyy-montazh/smesiteli-dlya-rakoviny-skrytogo-montazha?ysclid=lq5a4f0ypm710076549&utm_medium=cpc&utm_source=ya_direct&utm_campaign={campaign_name}|{campaign_id}&utm_term={keyword}&utm_content=k50id|01000000{phrase_id}_{retargeting_id}|cid|{campaign_id}|gid|{gbid}|aid|{ad_id}|adp|{addphrases}|pos|{position_type}{position}|src|{source_type}_{source}|dvc|{device_type}|dop_0&k50id=01000000{phrase_id}_{retargeting_id}&cm_id={campaign_id}_{gbid}_{banner_id}_{phrase_id}_{retargeting_id}_{source}_{source_type}_{campaign_type}_{addphrases}_{device_type}_{position_type}_{region_id}&region={region_id}&region_name={region_name}&v=2,Встраиваемые смесители для раковины Hansgrohe,Оригинальные смесители Hansgrohe. Бесплатная доставка. Покупайте!,,,,,,,
https://hansgrohe-russia.ru/vstraivaemyy-montazh/smesiteli-dlya-rakoviny-skrytogo-montazha?ysclid=lq5a4f0ypm710076549&utm_medium=cpc&utm_source=ya_direct&utm_campaign={campaign_name}|{campaign_id}&utm_term={keyword}&utm_content=k50id|01000000{phrase_id}_{retargeting_id}|cid|{campaign_id}|gid|{gbid}|aid|{ad_id}|adp|{addphrases}|pos|{position_type}{position}|src|{source_type}_{source}|dvc|{device_type}|dop_0&k50id=01000000{phrase_id}_{retargeting_id}&cm_id={campaign_id}_{gbid}_{banner_id}_{phrase_id}_{retargeting_id}_{source}_{source_type}_{campaign_type}_{addphrases}_{device_type}_{position_type}_{region_id}&region={region_id}&region_name={region_name}&v=3,Встраиваемые смесители для раковины Hansgrohe,Приобретайте смесители Hansgrohe с официальной гарантией. Доставка 0 руб!,,,,,,,
https://hansgrohe-russia.ru/vstraivaemyy-montazh/smesiteli-dlya-rakoviny-skrytogo-montazha?ysclid=lq5a4f0ypm710076549&utm_medium=cpc&utm_source=ya_direct&utm_campaign={campaign_name}|{campaign_id}&utm_term={keyword}&utm_content=k50id|01000000{phrase_id}_{retargeting_id}|cid|{campaign_id}|gid|{gbid}|aid|{ad_id}|adp|{addphrases}|pos|{position_type}{position}|src|{source_type}_{source}|dvc|{device_type}|dop_0&k50id=01000000{phrase_id}_{retargeting_id}&cm_id={campaign_id}_{gbid}_{banner_id}_{phrase_id}_{retargeting_id}_{source}_{source_type}_{campaign_type}_{addphrases}_{device_type}_{position_type}_{region_id}&region={region_id}&region_name={region_name}&v=4,Встраиваемые смесители для раковины Hansgrohe,Оригинальные смесители Hansgrohe. Скидка 5% на покупку. Переходите на сайт!,,,,,,,
https://hansgrohe-russia.ru/vstraivaemyy-montazh/smesiteli-dlya-rakoviny-skrytogo-montazha?ysclid=lq5a4f0ypm710076549&utm_medium=cpc&utm_source=ya_direct&utm_campaign={campaign_name}|{campaign_id}&utm_term={keyword}&utm_content=k50id|01000000{phrase_id}_{retargeting_id}|cid|{campaign_id}|gid|{gbid}|aid|{ad_id}|adp|{addphrases}|pos|{position_type}{position}|src|{source_type}_{source}|dvc|{device_type}|dop_0&k50id=01000000{phrase_id}_{retargeting_id}&cm_id={campaign_id}_{gbid}_{banner_id}_{phrase_id}_{retargeting_id}_{source}_{source_type}_{campaign_type}_{addphrases}_{device_type}_{position_type}_{region_id}&region={region_id}&region_name={region_name}&v=5,Встраиваемые смесители Hansgrohe,Оригинальные смесители Hansgrohe. Бесплатная доставка. Покупайте!,,,,,,,
https://hansgrohe-russia.ru/vstraivaemyy-montazh/smesiteli-dlya-rakoviny-skrytogo-montazha?ysclid=lq5a4f0ypm710076549&utm_medium=cpc&utm_source=ya_direct&utm_campaign={campaign_name}|{campaign_id}&utm_term={keyword}&utm_content=k50id|01000000{phrase_id}_{retargeting_id}|cid|{campaign_id}|gid|{gbid}|aid|{ad_id}|adp|{addphrases}|pos|{position_type}{position}|src|{source_type}_{source}|dvc|{device_type}|dop_0&k50id=01000000{phrase_id}_{retargeting_id}&cm_id={campaign_id}_{gbid}_{banner_id}_{phrase_id}_{retargeting_id}_{source}_{source_type}_{campaign_type}_{addphrases}_{device_type}_{position_type}_{region_id}&region={region_id}&region_name={region_name}&v=6,Встраиваемые смесители Hansgrohe. Оригинальная продукция,Приобретайте смесители Hansgrohe с официальной гарантией. Доставка 0 руб!,,,,,,,
https://hansgrohe-russia.ru/vstraivaemyy-montazh/smesiteli-dlya-rakoviny-skrytogo-montazha?ysclid=lq5a4f0ypm710076549&utm_medium=cpc&utm_source=ya_direct&utm_campaign={campaign_name}|{campaign_id}&utm_term={keyword}&utm_content=k50id|01000000{phrase_id}_{retargeting_id}|cid|{campaign_id}|gid|{gbid}|aid|{ad_id}|adp|{addphrases}|pos|{position_type}{position}|src|{source_type}_{source}|dvc|{device_type}|dop_0&k50id=01000000{phrase_id}_{retargeting_id}&cm_id={campaign_id}_{gbid}_{banner_id}_{phrase_id}_{retargeting_id}_{source}_{source_type}_{campaign_type}_{addphrases}_{device_type}_{position_type}_{region_id}&region={region_id}&region_name={region_name}&v=7,Встраиваемые смесители Hansgrohe. Суперцены каждый день!,Оригинальные смесители Hansgrohe. Скидка 5% на покупку. Переходите на сайт!,,,,,,,
https://hansgrohe-russia.ru/vstraivaemyy-montazh/smesiteli-dlya-rakoviny-skrytogo-montazha?ysclid=lq5a4f0ypm710076549&utm_medium=cpc&utm_source=ya_direct&utm_campaign={campaign_name}|{campaign_id}&utm_term={keyword}&utm_content=k50id|01000000{phrase_id}_{retargeting_id}|cid|{campaign_id}|gid|{gbid}|aid|{ad_id}|adp|{addphrases}|pos|{position_type}{position}|src|{source_type}_{source}|dvc|{device_type}|dop_0&k50id=01000000{phrase_id}_{retargeting_id}&cm_id={campaign_id}_{gbid}_{banner_id}_{phrase_id}_{retargeting_id}_{source}_{source_type}_{campaign_type}_{addphrases}_{device_type}_{position_type}_{region_id}&region={region_id}&region_name={region_name}&v=8,Встраиваемые смесители Hansgrohe,Покупайте оригинальные смесители от бренда Hansgrohe с гарантией производителя!,,,,,,,
https://hansgrohe-russia.ru/kukhnya/smesiteli-dlja-kuhonnoj-mojki?utm_medium=cpc&utm_source=ya_direct&utm_campaign={campaign_name}|{campaign_id}&utm_term={keyword}&utm_content=k50id|01000000{phrase_id}_{retargeting_id}|cid|{campaign_id}|gid|{gbid}|aid|{ad_id}|adp|{addphrases}|pos|{position_type}{position}|src|{source_type}_{source}|dvc|{device_type}|dop_0&k50id=01000000{phrase_id}_{retargeting_id}&cm_id={campaign_id}_{gbid}_{banner_id}_{phrase_id}_{retargeting_id}_{source}_{source_type}_{campaign_type}_{addphrases}_{device_type}_{position_type}_{region_id}&region={region_id}&region_name={region_name}&v=1,Смесители для кухни Hansgrohe,Оригинальные смесители Hansgrohe. Бесплатная доставка. Покупайте!,,,,,,,
https://hansgrohe-russia.ru/kukhnya/smesiteli-dlja-kuhonnoj-mojki?utm_medium=cpc&utm_source=ya_direct&utm_campaign={campaign_name}|{campaign_id}&utm_term={keyword}&utm_content=k50id|01000000{phrase_id}_{retargeting_id}|cid|{campaign_id}|gid|{gbid}|aid|{ad_id}|adp|{addphrases}|pos|{position_type}{position}|src|{source_type}_{source}|dvc|{device_type}|dop_0&k50id=01000000{phrase_id}_{retargeting_id}&cm_id={campaign_id}_{gbid}_{banner_id}_{phrase_id}_{retargeting_id}_{source}_{source_type}_{campaign_type}_{addphrases}_{device_type}_{position_type}_{region_id}&region={region_id}&region_name={region_name}&v=2,Смесители для кухни Hansgrohe. Оригинальная продукция,Приобретайте смесители Hansgrohe с официальной гарантией. Доставка 0 руб!,,,,,,,
https://hansgrohe-russia.ru/kukhnya/smesiteli-dlja-kuhonnoj-mojki?utm_medium=cpc&utm_source=ya_direct&utm_campaign={campaign_name}|{campaign_id}&utm_term={keyword}&utm_content=k50id|01000000{phrase_id}_{retargeting_id}|cid|{campaign_id}|gid|{gbid}|aid|{ad_id}|adp|{addphrases}|pos|{position_type}{position}|src|{source_type}_{source}|dvc|{device_type}|dop_0&k50id=01000000{phrase_id}_{retargeting_id}&cm_id={campaign_id}_{gbid}_{banner_id}_{phrase_id}_{retargeting_id}_{source}_{source_type}_{campaign_type}_{addphrases}_{device_type}_{position_type}_{region_id}&region={region_id}&region_name={region_name}&v=3,Смесители для кухни Hansgrohe. Суперцены каждый день!,Оригинальные смесители Hansgrohe. Скидка 5% на покупку. Переходите на сайт!,,,,,,,
https://hansgrohe-russia.ru/kukhnya/smesiteli-dlja-kuhonnoj-mojki?utm_medium=cpc&utm_source=ya_direct&utm_campaign={campaign_name}|{campaign_id}&utm_term={keyword}&utm_content=k50id|01000000{phrase_id}_{retargeting_id}|cid|{campaign_id}|gid|{gbid}|aid|{ad_id}|adp|{addphrases}|pos|{position_type}{position}|src|{source_type}_{source}|dvc|{device_type}|dop_0&k50id=01000000{phrase_id}_{retargeting_id}&cm_id={campaign_id}_{gbid}_{banner_id}_{phrase_id}_{retargeting_id}_{source}_{source_type}_{campaign_type}_{addphrases}_{device_type}_{position_type}_{region_id}&region={region_id}&region_name={region_name}&v=4,Смесители для кухни Hansgrohe. Доставка по всей России!,Покупайте оригинальные смесители от бренда Hansgrohe с гарантией производителя!,,,,,,,
https://hansgrohe-russia.ru/kukhnya/smesiteli-dlja-kuhonnoj-mojki?utm_medium=cpc&utm_source=ya_direct&utm_campaign={campaign_name}|{campaign_id}&utm_term={keyword}&utm_content=k50id|01000000{phrase_id}_{retargeting_id}|cid|{campaign_id}|gid|{gbid}|aid|{ad_id}|adp|{addphrases}|pos|{position_type}{position}|src|{source_type}_{source}|dvc|{device_type}|dop_0&k50id=01000000{phrase_id}_{retargeting_id}&cm_id={campaign_id}_{gbid}_{banner_id}_{phrase_id}_{retargeting_id}_{source}_{source_type}_{campaign_type}_{addphrases}_{device_type}_{position_type}_{region_id}&region={region_id}&region_name={region_name}&v=5,Кухонные смесители Hansgrohe,Оригинальные смесители Hansgrohe. Бесплатная доставка. Покупайте!,,,,,,,
https://hansgrohe-russia.ru/kukhnya/smesiteli-dlja-kuhonnoj-mojki?utm_medium=cpc&utm_source=ya_direct&utm_campaign={campaign_name}|{campaign_id}&utm_term={keyword}&utm_content=k50id|01000000{phrase_id}_{retargeting_id}|cid|{campaign_id}|gid|{gbid}|aid|{ad_id}|adp|{addphrases}|pos|{position_type}{position}|src|{source_type}_{source}|dvc|{device_type}|dop_0&k50id=01000000{phrase_id}_{retargeting_id}&cm_id={campaign_id}_{gbid}_{banner_id}_{phrase_id}_{retargeting_id}_{source}_{source_type}_{campaign_type}_{addphrases}_{device_type}_{position_type}_{region_id}&region={region_id}&region_name={region_name}&v=6,Кухонные смесители Hansgrohe. Оригинальная продукция,Приобретайте смесители Hansgrohe с официальной гарантией. Доставка 0 руб!,,,,,,,
https://hansgrohe-russia.ru/kukhnya/smesiteli-dlja-kuhonnoj-mojki?utm_medium=cpc&utm_source=ya_direct&utm_campaign={campaign_name}|{campaign_id}&utm_term={keyword}&utm_content=k50id|01000000{phrase_id}_{retargeting_id}|cid|{campaign_id}|gid|{gbid}|aid|{ad_id}|adp|{addphrases}|pos|{position_type}{position}|src|{source_type}_{source}|dvc|{device_type}|dop_0&k50id=01000000{phrase_id}_{retargeting_id}&cm_id={campaign_id}_{gbid}_{banner_id}_{phrase_id}_{retargeting_id}_{source}_{source_type}_{campaign_type}_{addphrases}_{device_type}_{position_type}_{region_id}&region={region_id}&region_name={region_name}&v=7,Кухонные смесители Hansgrohe. Суперцены каждый день!,Оригинальные смесители Hansgrohe. Скидка 5% на покупку. Переходите на сайт!,,,,,,,
https://hansgrohe-russia.ru/kukhnya/smesiteli-dlja-kuhonnoj-mojki?utm_medium=cpc&utm_source=ya_direct&utm_campaign={campaign_name}|{campaign_id}&utm_term={keyword}&utm_content=k50id|01000000{phrase_id}_{retargeting_id}|cid|{campaign_id}|gid|{gbid}|aid|{ad_id}|adp|{addphrases}|pos|{position_type}{position}|src|{source_type}_{source}|dvc|{device_type}|dop_0&k50id=01000000{phrase_id}_{retargeting_id}&cm_id={campaign_id}_{gbid}_{banner_id}_{phrase_id}_{retargeting_id}_{source}_{source_type}_{campaign_type}_{addphrases}_{device_type}_{position_type}_{region_id}&region={region_id}&region_name={region_name}&v=8,Кухонные смесители Hansgrohe. Доставка по всей России!,Покупайте оригинальные смесители от бренда Hansgrohe с гарантией производителя!,,,,,,,
https://hansgrohe-russia.ru/vstraivaemyy-montazh/smesiteli-dlya-rakoviny-skrytogo-montazha?ysclid=lq5a4f0ypm710076549&utm_medium=cpc&utm_source=ya_direct&utm_campaign={campaign_name}|{campaign_id}&utm_term={keyword}&utm_content=k50id|01000000{phrase_id}_{retargeting_id}|cid|{campaign_id}|gid|{gbid}|aid|{ad_id}|adp|{addphrases}|pos|{position_type}{position}|src|{source_type}_{source}|dvc|{device_type}|dop_0&k50id=01000000{phrase_id}_{retargeting_id}&cm_id={campaign_id}_{gbid}_{banner_id}_{phrase_id}_{retargeting_id}_{source}_{source_type}_{campaign_type}_{addphrases}_{device_type}_{position_type}_{region_id}&region={region_id}&region_name={region_name}&v=9,Скрытые смесители Hansgrohe,Оригинальные смесители Hansgrohe. Бесплатная доставка. Покупайте!,,,,,,,
https://hansgrohe-russia.ru/vstraivaemyy-montazh/smesiteli-dlya-rakoviny-skrytogo-montazha?ysclid=lq5a4f0ypm710076549&utm_medium=cpc&utm_source=ya_direct&utm_campaign={campaign_name}|{campaign_id}&utm_term={keyword}&utm_content=k50id|01000000{phrase_id}_{retargeting_id}|cid|{campaign_id}|gid|{gbid}|aid|{ad_id}|adp|{addphrases}|pos|{position_type}{position}|src|{source_type}_{source}|dvc|{device_type}|dop_0&k50id=01000000{phrase_id}_{retargeting_id}&cm_id={campaign_id}_{gbid}_{banner_id}_{phrase_id}_{retargeting_id}_{source}_{source_type}_{campaign_type}_{addphrases}_{device_type}_{position_type}_{region_id}&region={region_id}&region_name={region_name}&v=10,Скрытые смесители Hansgrohe. Оригинальная продукция,Приобретайте смесители Hansgrohe с официальной гарантией. Доставка 0 руб!,,,,,,,
https://hansgrohe-russia.ru/vstraivaemyy-montazh/smesiteli-dlya-rakoviny-skrytogo-montazha?ysclid=lq5a4f0ypm710076549&utm_medium=cpc&utm_source=ya_direct&utm_campaign={campaign_name}|{campaign_id}&utm_term={keyword}&utm_content=k50id|01000000{phrase_id}_{retargeting_id}|cid|{campaign_id}|gid|{gbid}|aid|{ad_id}|adp|{addphrases}|pos|{position_type}{position}|src|{source_type}_{source}|dvc|{device_type}|dop_0&k50id=01000000{phrase_id}_{retargeting_id}&cm_id={campaign_id}_{gbid}_{banner_id}_{phrase_id}_{retargeting_id}_{source}_{source_type}_{campaign_type}_{addphrases}_{device_type}_{position_type}_{region_id}&region={region_id}&region_name={region_name}&v=11,Скрытые смесители Hansgrohe. Суперцены каждый день!,Оригинальные смесители Hansgrohe. Скидка 5% на покупку. Переходите на сайт!,,,,,,,
https://hansgrohe-russia.ru/vstraivaemyy-montazh/smesiteli-dlya-rakoviny-skrytogo-montazha?ysclid=lq5a4f0ypm710076549&utm_medium=cpc&utm_source=ya_direct&utm_campaign={campaign_name}|{campaign_id}&utm_term={keyword}&utm_content=k50id|01000000{phrase_id}_{retargeting_id}|cid|{campaign_id}|gid|{gbid}|aid|{ad_id}|adp|{addphrases}|pos|{position_type}{position}|src|{source_type}_{source}|dvc|{device_type}|dop_0&k50id=01000000{phrase_id}_{retargeting_id}&cm_id={campaign_id}_{gbid}_{banner_id}_{phrase_id}_{retargeting_id}_{source}_{source_type}_{campaign_type}_{addphrases}_{device_type}_{position_type}_{region_id}&region={region_id}&region_name={region_name}&v=12,Скрытые смесители Hansgrohe. Доставка по всей России!,Покупайте оригинальные смесители от бренда Hansgrohe с гарантией производителя!,,,,,,,
https://hansgrohe-russia.ru/vstraivaemyy-montazh?utm_medium=cpc&utm_source=ya_direct&utm_campaign={campaign_name}|{campaign_id}&utm_term={keyword}&utm_content=k50id|01000000{phrase_id}_{retargeting_id}|cid|{campaign_id}|gid|{gbid}|aid|{ad_id}|adp|{addphrases}|pos|{position_type}{position}|src|{source_type}_{source}|dvc|{device_type}|dop_0&k50id=01000000{phrase_id}_{retargeting_id}&cm_id={campaign_id}_{gbid}_{banner_id}_{phrase_id}_{retargeting_id}_{source}_{source_type}_{campaign_type}_{addphrases}_{device_type}_{position_type}_{region_id}&region={region_id}&region_name={region_name}&v=1,Встраиваемые смесители Hansgrohe. Доставка по России!,Покупайте встраиваемые смесители от бренда Hansgrohe с гарантией производителя,,,,,,,
https://hansgrohe-russia.ru/vstraivaemyy-montazh?utm_medium=cpc&utm_source=ya_direct&utm_campaign={campaign_name}|{campaign_id}&utm_term={keyword}&utm_content=k50id|01000000{phrase_id}_{retargeting_id}|cid|{campaign_id}|gid|{gbid}|aid|{ad_id}|adp|{addphrases}|pos|{position_type}{position}|src|{source_type}_{source}|dvc|{device_type}|dop_0&k50id=01000000{phrase_id}_{retargeting_id}&cm_id={campaign_id}_{gbid}_{banner_id}_{phrase_id}_{retargeting_id}_{source}_{source_type}_{campaign_type}_{addphrases}_{device_type}_{position_type}_{region_id}&region={region_id}&region_name={region_name}&v=2,Встраиваемые смесители Hansgrohe. Подарки за покупку!,Встраиваемые смесители Hansgrohe. Бесплатная доставка. Переходите на сайт!,,,,,,,
https://hansgrohe-russia.ru/vstraivaemyy-montazh?utm_medium=cpc&utm_source=ya_direct&utm_campaign={campaign_name}|{campaign_id}&utm_term={keyword}&utm_content=k50id|01000000{phrase_id}_{retargeting_id}|cid|{campaign_id}|gid|{gbid}|aid|{ad_id}|adp|{addphrases}|pos|{position_type}{position}|src|{source_type}_{source}|dvc|{device_type}|dop_0&k50id=01000000{phrase_id}_{retargeting_id}&cm_id={campaign_id}_{gbid}_{banner_id}_{phrase_id}_{retargeting_id}_{source}_{source_type}_{campaign_type}_{addphrases}_{device_type}_{position_type}_{region_id}&region={region_id}&region_name={region_name}&v=3,Встраиваемые смесители Hansgrohe. Суперцены каждый день!,Приобретай встраиваемые смесители Hansgrohe с официальной гарантией. Доставка 0 р!,,,,,,,
https://hansgrohe-russia.ru/vstraivaemyy-montazh?utm_medium=cpc&utm_source=ya_direct&utm_campaign={campaign_name}|{campaign_id}&utm_term={keyword}&utm_content=k50id|01000000{phrase_id}_{retargeting_id}|cid|{campaign_id}|gid|{gbid}|aid|{ad_id}|adp|{addphrases}|pos|{position_type}{position}|src|{source_type}_{source}|dvc|{device_type}|dop_0&k50id=01000000{phrase_id}_{retargeting_id}&cm_id={campaign_id}_{gbid}_{banner_id}_{phrase_id}_{retargeting_id}_{source}_{source_type}_{campaign_type}_{addphrases}_{device_type}_{position_type}_{region_id}&region={region_id}&region_name={region_name}&v=4,Встраиваемые смесители Hansgrohe. Оригинальная продукция,Встраиваемые смесители Hansgrohe. Скидка 5% при предоплате. Покупайте!,,,,,,,
https://hansgrohe-russia.ru/vstraivaemyy-montazh/vstraivaemye-smesiteli-i-termostaty-dlya-dusha?utm_medium=cpc&utm_source=ya_direct&utm_campaign={campaign_name}|{campaign_id}&utm_term={keyword}&utm_content=k50id|01000000{phrase_id}_{retargeting_id}|cid|{campaign_id}|gid|{gbid}|aid|{ad_id}|adp|{addphrases}|pos|{position_type}{position}|src|{source_type}_{source}|dvc|{device_type}|dop_0&k50id=01000000{phrase_id}_{retargeting_id}&cm_id={campaign_id}_{gbid}_{banner_id}_{phrase_id}_{retargeting_id}_{source}_{source_type}_{campaign_type}_{addphrases}_{device_type}_{position_type}_{region_id}&region={region_id}&region_name={region_name}&v=5,Встраиваемые смесители Hansgrohe для душа. Доставка 0 р,Покупайте встраиваемые смесители от бренда Hansgrohe с гарантией производителя,,,,,,,
https://hansgrohe-russia.ru/vstraivaemyy-montazh/vstraivaemye-smesiteli-i-termostaty-dlya-dusha?utm_medium=cpc&utm_source=ya_direct&utm_campaign={campaign_name}|{campaign_id}&utm_term={keyword}&utm_content=k50id|01000000{phrase_id}_{retargeting_id}|cid|{campaign_id}|gid|{gbid}|aid|{ad_id}|adp|{addphrases}|pos|{position_type}{position}|src|{source_type}_{source}|dvc|{device_type}|dop_0&k50id=01000000{phrase_id}_{retargeting_id}&cm_id={campaign_id}_{gbid}_{banner_id}_{phrase_id}_{retargeting_id}_{source}_{source_type}_{campaign_type}_{addphrases}_{device_type}_{position_type}_{region_id}&region={region_id}&region_name={region_name}&v=6,Встраиваемые смесители Hansgrohe. Подарки за покупку!,Встраиваемые смесители Hansgrohe для душа. Бесплатная доставка. Переходи на сайт!,,,,,,,
https://hansgrohe-russia.ru/vstraivaemyy-montazh/vstraivaemye-smesiteli-i-termostaty-dlya-dusha?utm_medium=cpc&utm_source=ya_direct&utm_campaign={campaign_name}|{campaign_id}&utm_term={keyword}&utm_content=k50id|01000000{phrase_id}_{retargeting_id}|cid|{campaign_id}|gid|{gbid}|aid|{ad_id}|adp|{addphrases}|pos|{position_type}{position}|src|{source_type}_{source}|dvc|{device_type}|dop_0&k50id=01000000{phrase_id}_{retargeting_id}&cm_id={campaign_id}_{gbid}_{banner_id}_{phrase_id}_{retargeting_id}_{source}_{source_type}_{campaign_type}_{addphrases}_{device_type}_{position_type}_{region_id}&region={region_id}&region_name={region_name}&v=7,Встраиваемые смесители Hansgrohe для душа. Суперцены!,Приобретай встраиваемые смесители Hansgrohe с официальной гарантией. Доставка 0 р!,,,,,,,
https://hansgrohe-russia.ru/vstraivaemyy-montazh/vstraivaemye-smesiteli-i-termostaty-dlya-dusha?utm_medium=cpc&utm_source=ya_direct&utm_campaign={campaign_name}|{campaign_id}&utm_term={keyword}&utm_content=k50id|01000000{phrase_id}_{retargeting_id}|cid|{campaign_id}|gid|{gbid}|aid|{ad_id}|adp|{addphrases}|pos|{position_type}{position}|src|{source_type}_{source}|dvc|{device_type}|dop_0&k50id=01000000{phrase_id}_{retargeting_id}&cm_id={campaign_id}_{gbid}_{banner_id}_{phrase_id}_{retargeting_id}_{source}_{source_type}_{campaign_type}_{addphrases}_{device_type}_{position_type}_{region_id}&region={region_id}&region_name={region_name}&v=8,Встраиваемые смесители Hansgrohe для душа. Оригинал!,Встраиваемые смесители Hansgrohe для душа. Скидка 5% при предоплате. Покупайте!,,,,,,,
https://hansgrohe-russia.ru/vstraivaemyy-montazh?utm_medium=cpc&utm_source=ya_direct&utm_campaign={campaign_name}|{campaign_id}&utm_term={keyword}&utm_content=k50id|01000000{phrase_id}_{retargeting_id}|cid|{campaign_id}|gid|{gbid}|aid|{ad_id}|adp|{addphrases}|pos|{position_type}{position}|src|{source_type}_{source}|dvc|{device_type}|dop_0&k50id=01000000{phrase_id}_{retargeting_id}&cm_id={campaign_id}_{gbid}_{banner_id}_{phrase_id}_{retargeting_id}_{source}_{source_type}_{campaign_type}_{addphrases}_{device_type}_{position_type}_{region_id}&region={region_id}&region_name={region_name}&v=5,Встроенные смесители Hansgrohe. Доставка по России!,Покупайте встроенные смесители от бренда Hansgrohe с гарантией производителя,,,,,,,
https://hansgrohe-russia.ru/vstraivaemyy-montazh?utm_medium=cpc&utm_source=ya_direct&utm_campaign={campaign_name}|{campaign_id}&utm_term={keyword}&utm_content=k50id|01000000{phrase_id}_{retargeting_id}|cid|{campaign_id}|gid|{gbid}|aid|{ad_id}|adp|{addphrases}|pos|{position_type}{position}|src|{source_type}_{source}|dvc|{device_type}|dop_0&k50id=01000000{phrase_id}_{retargeting_id}&cm_id={campaign_id}_{gbid}_{banner_id}_{phrase_id}_{retargeting_id}_{source}_{source_type}_{campaign_type}_{addphrases}_{device_type}_{position_type}_{region_id}&region={region_id}&region_name={region_name}&v=6,Встроенные смесители Hansgrohe. Подарки за покупку!,Встроенные смесители Hansgrohe. Бесплатная доставка. Переходите на сайт!,,,,,,,
https://hansgrohe-russia.ru/vstraivaemyy-montazh?utm_medium=cpc&utm_source=ya_direct&utm_campaign={campaign_name}|{campaign_id}&utm_term={keyword}&utm_content=k50id|01000000{phrase_id}_{retargeting_id}|cid|{campaign_id}|gid|{gbid}|aid|{ad_id}|adp|{addphrases}|pos|{position_type}{position}|src|{source_type}_{source}|dvc|{device_type}|dop_0&k50id=01000000{phrase_id}_{retargeting_id}&cm_id={campaign_id}_{gbid}_{banner_id}_{phrase_id}_{retargeting_id}_{source}_{source_type}_{campaign_type}_{addphrases}_{device_type}_{position_type}_{region_id}&region={region_id}&region_name={region_name}&v=7,Встроенные смесители Hansgrohe. Суперцены каждый день!,Приобретай встроенные смесители Hansgrohe с официальной гарантией. Доставка 0 руб!,,,,,,,
https://hansgrohe-russia.ru/vstraivaemyy-montazh?utm_medium=cpc&utm_source=ya_direct&utm_campaign={campaign_name}|{campaign_id}&utm_term={keyword}&utm_content=k50id|01000000{phrase_id}_{retargeting_id}|cid|{campaign_id}|gid|{gbid}|aid|{ad_id}|adp|{addphrases}|pos|{position_type}{position}|src|{source_type}_{source}|dvc|{device_type}|dop_0&k50id=01000000{phrase_id}_{retargeting_id}&cm_id={campaign_id}_{gbid}_{banner_id}_{phrase_id}_{retargeting_id}_{source}_{source_type}_{campaign_type}_{addphrases}_{device_type}_{position_type}_{region_id}&region={region_id}&region_name={region_name}&v=8,Встроенные смесители Hansgrohe. Оригинальная продукция!,Встроенные смесители Hansgrohe. Скидка 5% при предоплате. Покупайте!,,,,,,,
https://hansgrohe-russia.ru/smesiteli/smesiteli-dlja-dusha?utm_medium=cpc&utm_source=ya_direct&utm_campaign={campaign_name}|{campaign_id}&utm_term={keyword}&utm_content=k50id|01000000{phrase_id}_{retargeting_id}|cid|{campaign_id}|gid|{gbid}|aid|{ad_id}|adp|{addphrases}|pos|{position_type}{position}|src|{source_type}_{source}|dvc|{device_type}|dop_0&k50id=01000000{phrase_id}_{retargeting_id}&cm_id={campaign_id}_{gbid}_{banner_id}_{phrase_id}_{retargeting_id}_{source}_{source_type}_{campaign_type}_{addphrases}_{device_type}_{position_type}_{region_id}&region={region_id}&region_name={region_name}&v=29,Душевые смесители Hansgrohe. Доставка по России!,Покупайте душевые смесители от бренда Hansgrohe с гарантией производителя,,,,,,,
https://hansgrohe-russia.ru/smesiteli/smesiteli-dlja-dusha?utm_medium=cpc&utm_source=ya_direct&utm_campaign={campaign_name}|{campaign_id}&utm_term={keyword}&utm_content=k50id|01000000{phrase_id}_{retargeting_id}|cid|{campaign_id}|gid|{gbid}|aid|{ad_id}|adp|{addphrases}|pos|{position_type}{position}|src|{source_type}_{source}|dvc|{device_type}|dop_0&k50id=01000000{phrase_id}_{retargeting_id}&cm_id={campaign_id}_{gbid}_{banner_id}_{phrase_id}_{retargeting_id}_{source}_{source_type}_{campaign_type}_{addphrases}_{device_type}_{position_type}_{region_id}&region={region_id}&region_name={region_name}&v=30,Душевые смесители Hansgrohe. Подарки за покупку!,Душевые смесители Hansgrohe. Бесплатная доставка. Переходите на сайт!,,,,,,,
https://hansgrohe-russia.ru/smesiteli/smesiteli-dlja-dusha?utm_medium=cpc&utm_source=ya_direct&utm_campaign={campaign_name}|{campaign_id}&utm_term={keyword}&utm_content=k50id|01000000{phrase_id}_{retargeting_id}|cid|{campaign_id}|gid|{gbid}|aid|{ad_id}|adp|{addphrases}|pos|{position_type}{position}|src|{source_type}_{source}|dvc|{device_type}|dop_0&k50id=01000000{phrase_id}_{retargeting_id}&cm_id={campaign_id}_{gbid}_{banner_id}_{phrase_id}_{retargeting_id}_{source}_{source_type}_{campaign_type}_{addphrases}_{device_type}_{position_type}_{region_id}&region={region_id}&region_name={region_name}&v=31,Душевые смесители Hansgrohe. Суперцены каждый день!,Приобретайте душевые смесители Hansgrohe с официальной гарантией. Доставка 0 руб!,,,,,,,
https://hansgrohe-russia.ru/smesiteli/smesiteli-dlja-dusha?utm_medium=cpc&utm_source=ya_direct&utm_campaign={campaign_name}|{campaign_id}&utm_term={keyword}&utm_content=k50id|01000000{phrase_id}_{retargeting_id}|cid|{campaign_id}|gid|{gbid}|aid|{ad_id}|adp|{addphrases}|pos|{position_type}{position}|src|{source_type}_{source}|dvc|{device_type}|dop_0&k50id=01000000{phrase_id}_{retargeting_id}&cm_id={campaign_id}_{gbid}_{banner_id}_{phrase_id}_{retargeting_id}_{source}_{source_type}_{campaign_type}_{addphrases}_{device_type}_{position_type}_{region_id}&region={region_id}&region_name={region_name}&v=32,Душевые смесители Hansgrohe. Оригинальная продукция!,Душевые смесители Hansgrohe. Скидка 5% при предоплате. Покупайте!,,,,,,,
https://hansgrohe-russia.ru/smesiteli?utm_medium=cpc&utm_source=ya_direct&utm_campaign={campaign_name}|{campaign_id}&utm_term={keyword}&utm_content=k50id|01000000{phrase_id}_{retargeting_id}|cid|{campaign_id}|gid|{gbid}|aid|{ad_id}|adp|{addphrases}|pos|{position_type}{position}|src|{source_type}_{source}|dvc|{device_type}|dop_0&k50id=01000000{phrase_id}_{retargeting_id}&cm_id={campaign_id}_{gbid}_{banner_id}_{phrase_id}_{retargeting_id}_{source}_{source_type}_{campaign_type}_{addphrases}_{device_type}_{position_type}_{region_id}&region={region_id}&region_name={region_name}&v=57,Краны Hansgrohe. Доставка по России!,Покупайте краны от бренда Hansgrohe с гарантией производителя,,,,,,,
https://hansgrohe-russia.ru/smesiteli?utm_medium=cpc&utm_source=ya_direct&utm_campaign={campaign_name}|{campaign_id}&utm_term={keyword}&utm_content=k50id|01000000{phrase_id}_{retargeting_id}|cid|{campaign_id}|gid|{gbid}|aid|{ad_id}|adp|{addphrases}|pos|{position_type}{position}|src|{source_type}_{source}|dvc|{device_type}|dop_0&k50id=01000000{phrase_id}_{retargeting_id}&cm_id={campaign_id}_{gbid}_{banner_id}_{phrase_id}_{retargeting_id}_{source}_{source_type}_{campaign_type}_{addphrases}_{device_type}_{position_type}_{region_id}&region={region_id}&region_name={region_name}&v=58,Краны Hansgrohe. Подарки за покупку!,Краны Hansgrohe. Бесплатная доставка. Переходите на сайт!,,,,,,,
https://hansgrohe-russia.ru/smesiteli?utm_medium=cpc&utm_source=ya_direct&utm_campaign={campaign_name}|{campaign_id}&utm_term={keyword}&utm_content=k50id|01000000{phrase_id}_{retargeting_id}|cid|{campaign_id}|gid|{gbid}|aid|{ad_id}|adp|{addphrases}|pos|{position_type}{position}|src|{source_type}_{source}|dvc|{device_type}|dop_0&k50id=01000000{phrase_id}_{retargeting_id}&cm_id={campaign_id}_{gbid}_{banner_id}_{phrase_id}_{retargeting_id}_{source}_{source_type}_{campaign_type}_{addphrases}_{device_type}_{position_type}_{region_id}&region={region_id}&region_name={region_name}&v=59,Краны Hansgrohe. Суперцены каждый день!,Приобретайте краны Hansgrohe с официальной гарантией. Доставка 0 руб!,,,,,,,
https://hansgrohe-russia.ru/smesiteli?utm_medium=cpc&utm_source=ya_direct&utm_campaign={campaign_name}|{campaign_id}&utm_term={keyword}&utm_content=k50id|01000000{phrase_id}_{retargeting_id}|cid|{campaign_id}|gid|{gbid}|aid|{ad_id}|adp|{addphrases}|pos|{position_type}{position}|src|{source_type}_{source}|dvc|{device_type}|dop_0&k50id=01000000{phrase_id}_{retargeting_id}&cm_id={campaign_id}_{gbid}_{banner_id}_{phrase_id}_{retargeting_id}_{source}_{source_type}_{campaign_type}_{addphrases}_{device_type}_{position_type}_{region_id}&region={region_id}&region_name={region_name}&v=60,Краны Hansgrohe. Оригинальная продукция!,Краны Hansgrohe. Скидка 5% при предоплате. Покупайте!,,,,,,,
https://hansgrohe-russia.ru/smesiteli/smesiteli-dlya-vanny?utm_medium=cpc&utm_source=ya_direct&utm_campaign={campaign_name}|{campaign_id}&utm_term={keyword}&utm_content=k50id|01000000{phrase_id}_{retargeting_id}|cid|{campaign_id}|gid|{gbid}|aid|{ad_id}|adp|{addphrases}|pos|{position_type}{position}|src|{source_type}_{source}|dvc|{device_type}|dop_0&k50id=01000000{phrase_id}_{retargeting_id}&cm_id={campaign_id}_{gbid}_{banner_id}_{phrase_id}_{retargeting_id}_{source}_{source_type}_{campaign_type}_{addphrases}_{device_type}_{position_type}_{region_id}&region={region_id}&region_name={region_name}&v=45,Краны Hansgrohe для ванны. Доставка по России!,Покупайте краны для ванны от бренда Hansgrohe с гарантией производителя,,,,,,,
https://hansgrohe-russia.ru/smesiteli/smesiteli-dlya-vanny?utm_medium=cpc&utm_source=ya_direct&utm_campaign={campaign_name}|{campaign_id}&utm_term={keyword}&utm_content=k50id|01000000{phrase_id}_{retargeting_id}|cid|{campaign_id}|gid|{gbid}|aid|{ad_id}|adp|{addphrases}|pos|{position_type}{position}|src|{source_type}_{source}|dvc|{device_type}|dop_0&k50id=01000000{phrase_id}_{retargeting_id}&cm_id={campaign_id}_{gbid}_{banner_id}_{phrase_id}_{retargeting_id}_{source}_{source_type}_{campaign_type}_{addphrases}_{device_type}_{position_type}_{region_id}&region={region_id}&region_name={region_name}&v=46,Краны Hansgrohe для ванны. Подарки за покупку!,Краны Hansgrohe для ванны. Бесплатная доставка. Переходите на сайт!,,,,,,,
https://hansgrohe-russia.ru/smesiteli/smesiteli-dlya-vanny?utm_medium=cpc&utm_source=ya_direct&utm_campaign={campaign_name}|{campaign_id}&utm_term={keyword}&utm_content=k50id|01000000{phrase_id}_{retargeting_id}|cid|{campaign_id}|gid|{gbid}|aid|{ad_id}|adp|{addphrases}|pos|{position_type}{position}|src|{source_type}_{source}|dvc|{device_type}|dop_0&k50id=01000000{phrase_id}_{retargeting_id}&cm_id={campaign_id}_{gbid}_{banner_id}_{phrase_id}_{retargeting_id}_{source}_{source_type}_{campaign_type}_{addphrases}_{device_type}_{position_type}_{region_id}&region={region_id}&region_name={region_name}&v=47,Краны Hansgrohe для ванны. Суперцены каждый день!,Приобретайте краны Hansgrohe для ванны с официальной гарантией. Доставка 0 руб!,,,,,,,
https://hansgrohe-russia.ru/smesiteli/smesiteli-dlya-vanny?utm_medium=cpc&utm_source=ya_direct&utm_campaign={campaign_name}|{campaign_id}&utm_term={keyword}&utm_content=k50id|01000000{phrase_id}_{retargeting_id}|cid|{campaign_id}|gid|{gbid}|aid|{ad_id}|adp|{addphrases}|pos|{position_type}{position}|src|{source_type}_{source}|dvc|{device_type}|dop_0&k50id=01000000{phrase_id}_{retargeting_id}&cm_id={campaign_id}_{gbid}_{banner_id}_{phrase_id}_{retargeting_id}_{source}_{source_type}_{campaign_type}_{addphrases}_{device_type}_{position_type}_{region_id}&region={region_id}&region_name={region_name}&v=48,Краны Hansgrohe для ванны. Оригинальная продукция!,Краны Hansgrohe для ванны. Скидка 5% при предоплате. Покупайте!,,,,,,,
https://hansgrohe-russia.ru/kukhnya/smesiteli-dlja-kuhonnoj-mojki?utm_medium=cpc&utm_source=ya_direct&utm_campaign={campaign_name}|{campaign_id}&utm_term={keyword}&utm_content=k50id|01000000{phrase_id}_{retargeting_id}|cid|{campaign_id}|gid|{gbid}|aid|{ad_id}|adp|{addphrases}|pos|{position_type}{position}|src|{source_type}_{source}|dvc|{device_type}|dop_0&k50id=01000000{phrase_id}_{retargeting_id}&cm_id={campaign_id}_{gbid}_{banner_id}_{phrase_id}_{retargeting_id}_{source}_{source_type}_{campaign_type}_{addphrases}_{device_type}_{position_type}_{region_id}&region={region_id}&region_name={region_name}&v=9,Краны Hansgrohe для кухни. Доставка по России!,Покупайте краны для кухни от бренда Hansgrohe с гарантией производителя,,,,,,,
https://hansgrohe-russia.ru/kukhnya/smesiteli-dlja-kuhonnoj-mojki?utm_medium=cpc&utm_source=ya_direct&utm_campaign={campaign_name}|{campaign_id}&utm_term={keyword}&utm_content=k50id|01000000{phrase_id}_{retargeting_id}|cid|{campaign_id}|gid|{gbid}|aid|{ad_id}|adp|{addphrases}|pos|{position_type}{position}|src|{source_type}_{source}|dvc|{device_type}|dop_0&k50id=01000000{phrase_id}_{retargeting_id}&cm_id={campaign_id}_{gbid}_{banner_id}_{phrase_id}_{retargeting_id}_{source}_{source_type}_{campaign_type}_{addphrases}_{device_type}_{position_type}_{region_id}&region={region_id}&region_name={region_name}&v=10,Краны Hansgrohe для кухни. Подарки за покупку!,Краны Hansgrohe для кухни. Бесплатная доставка. Переходите на сайт!,,,,,,,
https://hansgrohe-russia.ru/kukhnya/smesiteli-dlja-kuhonnoj-mojki?utm_medium=cpc&utm_source=ya_direct&utm_campaign={campaign_name}|{campaign_id}&utm_term={keyword}&utm_content=k50id|01000000{phrase_id}_{retargeting_id}|cid|{campaign_id}|gid|{gbid}|aid|{ad_id}|adp|{addphrases}|pos|{position_type}{position}|src|{source_type}_{source}|dvc|{device_type}|dop_0&k50id=01000000{phrase_id}_{retargeting_id}&cm_id={campaign_id}_{gbid}_{banner_id}_{phrase_id}_{retargeting_id}_{source}_{source_type}_{campaign_type}_{addphrases}_{device_type}_{position_type}_{region_id}&region={region_id}&region_name={region_name}&v=11,Краны Hansgrohe для кухни. Суперцены каждый день!,Приобретайте краны Hansgrohe для кухни с официальной гарантией. Доставка 0 руб!,,,,,,,
https://hansgrohe-russia.ru/kukhnya/smesiteli-dlja-kuhonnoj-mojki?utm_medium=cpc&utm_source=ya_direct&utm_campaign={campaign_name}|{campaign_id}&utm_term={keyword}&utm_content=k50id|01000000{phrase_id}_{retargeting_id}|cid|{campaign_id}|gid|{gbid}|aid|{ad_id}|adp|{addphrases}|pos|{position_type}{position}|src|{source_type}_{source}|dvc|{device_type}|dop_0&k50id=01000000{phrase_id}_{retargeting_id}&cm_id={campaign_id}_{gbid}_{banner_id}_{phrase_id}_{retargeting_id}_{source}_{source_type}_{campaign_type}_{addphrases}_{device_type}_{position_type}_{region_id}&region={region_id}&region_name={region_name}&v=12,Краны Hansgrohe для кухни. Оригинальная продукция!,Краны Hansgrohe для кухни. Скидка 5% при предоплате. Покупайте!,,,,,,,
https://hansgrohe-russia.ru/smesiteli/smesiteli-dlya-rakoviny?utm_medium=cpc&utm_source=ya_direct&utm_campaign={campaign_name}|{campaign_id}&utm_term={keyword}&utm_content=k50id|01000000{phrase_id}_{retargeting_id}|cid|{campaign_id}|gid|{gbid}|aid|{ad_id}|adp|{addphrases}|pos|{position_type}{position}|src|{source_type}_{source}|dvc|{device_type}|dop_0&k50id=01000000{phrase_id}_{retargeting_id}&cm_id={campaign_id}_{gbid}_{banner_id}_{phrase_id}_{retargeting_id}_{source}_{source_type}_{campaign_type}_{addphrases}_{device_type}_{position_type}_{region_id}&region={region_id}&region_name={region_name}&v=33,Краны Hansgrohe для раковины. Доставка по России!,Покупайте краны для раковины от бренда Hansgrohe с гарантией производителя,,,,,,,
https://hansgrohe-russia.ru/smesiteli/smesiteli-dlya-rakoviny?utm_medium=cpc&utm_source=ya_direct&utm_campaign={campaign_name}|{campaign_id}&utm_term={keyword}&utm_content=k50id|01000000{phrase_id}_{retargeting_id}|cid|{campaign_id}|gid|{gbid}|aid|{ad_id}|adp|{addphrases}|pos|{position_type}{position}|src|{source_type}_{source}|dvc|{device_type}|dop_0&k50id=01000000{phrase_id}_{retargeting_id}&cm_id={campaign_id}_{gbid}_{banner_id}_{phrase_id}_{retargeting_id}_{source}_{source_type}_{campaign_type}_{addphrases}_{device_type}_{position_type}_{region_id}&region={region_id}&region_name={region_name}&v=34,Краны Hansgrohe для раковины. Подарки за покупку!,Краны Hansgrohe для раковины. Бесплатная доставка. Переходите на сайт!,,,,,,,
https://hansgrohe-russia.ru/smesiteli/smesiteli-dlya-rakoviny?utm_medium=cpc&utm_source=ya_direct&utm_campaign={campaign_name}|{campaign_id}&utm_term={keyword}&utm_content=k50id|01000000{phrase_id}_{retargeting_id}|cid|{campaign_id}|gid|{gbid}|aid|{ad_id}|adp|{addphrases}|pos|{position_type}{position}|src|{source_type}_{source}|dvc|{device_type}|dop_0&k50id=01000000{phrase_id}_{retargeting_id}&cm_id={campaign_id}_{gbid}_{banner_id}_{phrase_id}_{retargeting_id}_{source}_{source_type}_{campaign_type}_{addphrases}_{device_type}_{position_type}_{region_id}&region={region_id}&region_name={region_name}&v=35,Краны Hansgrohe для раковины. Суперцены каждый день!,Приобретай краны Hansgrohe для раковины с официальной гарантией. Доставка 0 руб!,,,,,,,
https://hansgrohe-russia.ru/smesiteli/smesiteli-dlya-rakoviny?utm_medium=cpc&utm_source=ya_direct&utm_campaign={campaign_name}|{campaign_id}&utm_term={keyword}&utm_content=k50id|01000000{phrase_id}_{retargeting_id}|cid|{campaign_id}|gid|{gbid}|aid|{ad_id}|adp|{addphrases}|pos|{position_type}{position}|src|{source_type}_{source}|dvc|{device_type}|dop_0&k50id=01000000{phrase_id}_{retargeting_id}&cm_id={campaign_id}_{gbid}_{banner_id}_{phrase_id}_{retargeting_id}_{source}_{source_type}_{campaign_type}_{addphrases}_{device_type}_{position_type}_{region_id}&region={region_id}&region_name={region_name}&v=36,Краны Hansgrohe для раковины. Оригинальная продукция!,Краны Hansgrohe для раковины. Скидка 5% при предоплате. Покупайте!,,,,,,,
https://hansgrohe-russia.ru/smesiteli?utm_medium=cpc&utm_source=ya_direct&utm_campaign={campaign_name}|{campaign_id}&utm_term={keyword}&utm_content=k50id|01000000{phrase_id}_{retargeting_id}|cid|{campaign_id}|gid|{gbid}|aid|{ad_id}|adp|{addphrases}|pos|{position_type}{position}|src|{source_type}_{source}|dvc|{device_type}|dop_0&k50id=01000000{phrase_id}_{retargeting_id}&cm_id={campaign_id}_{gbid}_{banner_id}_{phrase_id}_{retargeting_id}_{source}_{source_type}_{campaign_type}_{addphrases}_{device_type}_{position_type}_{region_id}&region={region_id}&region_name={region_name}&v=61,Купить смесители Hansgrohe. Доставка по России!,Покупайте смесители от бренда Hansgrohe с гарантией производителя,,,,,,,
https://hansgrohe-russia.ru/smesiteli?utm_medium=cpc&utm_source=ya_direct&utm_campaign={campaign_name}|{campaign_id}&utm_term={keyword}&utm_content=k50id|01000000{phrase_id}_{retargeting_id}|cid|{campaign_id}|gid|{gbid}|aid|{ad_id}|adp|{addphrases}|pos|{position_type}{position}|src|{source_type}_{source}|dvc|{device_type}|dop_0&k50id=01000000{phrase_id}_{retargeting_id}&cm_id={campaign_id}_{gbid}_{banner_id}_{phrase_id}_{retargeting_id}_{source}_{source_type}_{campaign_type}_{addphrases}_{device_type}_{position_type}_{region_id}&region={region_id}&region_name={region_name}&v=62,Купить смесители Hansgrohe. Подарки за покупку!,Купить смесители Hansgrohe. Бесплатная доставка. Переходите на сайт!,,,,,,,
https://hansgrohe-russia.ru/smesiteli?utm_medium=cpc&utm_source=ya_direct&utm_campaign={campaign_name}|{campaign_id}&utm_term={keyword}&utm_content=k50id|01000000{phrase_id}_{retargeting_id}|cid|{campaign_id}|gid|{gbid}|aid|{ad_id}|adp|{addphrases}|pos|{position_type}{position}|src|{source_type}_{source}|dvc|{device_type}|dop_0&k50id=01000000{phrase_id}_{retargeting_id}&cm_id={campaign_id}_{gbid}_{banner_id}_{phrase_id}_{retargeting_id}_{source}_{source_type}_{campaign_type}_{addphrases}_{device_type}_{position_type}_{region_id}&region={region_id}&region_name={region_name}&v=63,Купить смесители Hansgrohe. Суперцены каждый день!,Приобретайте смесители Hansgrohe с официальной гарантией. Доставка 0 руб!,,,,,,,
https://hansgrohe-russia.ru/smesiteli?utm_medium=cpc&utm_source=ya_direct&utm_campaign={campaign_name}|{campaign_id}&utm_term={keyword}&utm_content=k50id|01000000{phrase_id}_{retargeting_id}|cid|{campaign_id}|gid|{gbid}|aid|{ad_id}|adp|{addphrases}|pos|{position_type}{position}|src|{source_type}_{source}|dvc|{device_type}|dop_0&k50id=01000000{phrase_id}_{retargeting_id}&cm_id={campaign_id}_{gbid}_{banner_id}_{phrase_id}_{retargeting_id}_{source}_{source_type}_{campaign_type}_{addphrases}_{device_type}_{position_type}_{region_id}&region={region_id}&region_name={region_name}&v=64,Купить смесители Hansgrohe. Оригинальная продукция!,Купить смесители Hansgrohe. Скидка 5% при предоплате. Покупайте!,,,,,,,
https://hansgrohe-russia.ru/smesiteli?utm_medium=cpc&utm_source=ya_direct&utm_campaign={campaign_name}|{campaign_id}&utm_term={keyword}&utm_content=k50id|01000000{phrase_id}_{retargeting_id}|cid|{campaign_id}|gid|{gbid}|aid|{ad_id}|adp|{addphrases}|pos|{position_type}{position}|src|{source_type}_{source}|dvc|{device_type}|dop_0&k50id=01000000{phrase_id}_{retargeting_id}&cm_id={campaign_id}_{gbid}_{banner_id}_{phrase_id}_{retargeting_id}_{source}_{source_type}_{campaign_type}_{addphrases}_{device_type}_{position_type}_{region_id}&region={region_id}&region_name={region_name}&v=65,Купить смесители Hansgrohe в Москве. Подарки за покупку!,Покупайте смесители в Москве от бренда Hansgrohe с гарантией производителя,,,,,,,
https://hansgrohe-russia.ru/smesiteli?utm_medium=cpc&utm_source=ya_direct&utm_campaign={campaign_name}|{campaign_id}&utm_term={keyword}&utm_content=k50id|01000000{phrase_id}_{retargeting_id}|cid|{campaign_id}|gid|{gbid}|aid|{ad_id}|adp|{addphrases}|pos|{position_type}{position}|src|{source_type}_{source}|dvc|{device_type}|dop_0&k50id=01000000{phrase_id}_{retargeting_id}&cm_id={campaign_id}_{gbid}_{banner_id}_{phrase_id}_{retargeting_id}_{source}_{source_type}_{campaign_type}_{addphrases}_{device_type}_{position_type}_{region_id}&region={region_id}&region_name={region_name}&v=66,Купить смесители Hansgrohe в Москве. Подарки за покупку!,Купить смесители Hansgrohe в Москве. Бесплатная доставка. Переходите на сайт!,,,,,,,
https://hansgrohe-russia.ru/smesiteli?utm_medium=cpc&utm_source=ya_direct&utm_campaign={campaign_name}|{campaign_id}&utm_term={keyword}&utm_content=k50id|01000000{phrase_id}_{retargeting_id}|cid|{campaign_id}|gid|{gbid}|aid|{ad_id}|adp|{addphrases}|pos|{position_type}{position}|src|{source_type}_{source}|dvc|{device_type}|dop_0&k50id=01000000{phrase_id}_{retargeting_id}&cm_id={campaign_id}_{gbid}_{banner_id}_{phrase_id}_{retargeting_id}_{source}_{source_type}_{campaign_type}_{addphrases}_{device_type}_{position_type}_{region_id}&region={region_id}&region_name={region_name}&v=67,Купить смесители Hansgrohe в Москве. Суперцены!,Приобретайте смесители Hansgrohe в Москве с официальной гарантией!,,,,,,,
https://hansgrohe-russia.ru/smesiteli?utm_medium=cpc&utm_source=ya_direct&utm_campaign={campaign_name}|{campaign_id}&utm_term={keyword}&utm_content=k50id|01000000{phrase_id}_{retargeting_id}|cid|{campaign_id}|gid|{gbid}|aid|{ad_id}|adp|{addphrases}|pos|{position_type}{position}|src|{source_type}_{source}|dvc|{device_type}|dop_0&k50id=01000000{phrase_id}_{retargeting_id}&cm_id={campaign_id}_{gbid}_{banner_id}_{phrase_id}_{retargeting_id}_{source}_{source_type}_{campaign_type}_{addphrases}_{device_type}_{position_type}_{region_id}&region={region_id}&region_name={region_name}&v=68,Купить смесители Hansgrohe в Москве. Оригинал!,Купить смесители Hansgrohe в Москве. Скидка 5% при предоплате. Покупайте!,,,,,,,
https://hansgrohe-russia.ru/kukhnya/smesiteli-dlja-kuhonnoj-mojki?utm_medium=cpc&utm_source=ya_direct&utm_campaign={campaign_name}|{campaign_id}&utm_term={keyword}&utm_content=k50id|01000000{phrase_id}_{retargeting_id}|cid|{campaign_id}|gid|{gbid}|aid|{ad_id}|adp|{addphrases}|pos|{position_type}{position}|src|{source_type}_{source}|dvc|{device_type}|dop_0&k50id=01000000{phrase_id}_{retargeting_id}&cm_id={campaign_id}_{gbid}_{banner_id}_{phrase_id}_{retargeting_id}_{source}_{source_type}_{campaign_type}_{addphrases}_{device_type}_{position_type}_{region_id}&region={region_id}&region_name={region_name}&v=13,Кухонные смесители Hansgrohe. Доставка по России!,Покупайте кухонные смесители от бренда Hansgrohe с гарантией производителя,,,,,,,
https://hansgrohe-russia.ru/kukhnya/smesiteli-dlja-kuhonnoj-mojki?utm_medium=cpc&utm_source=ya_direct&utm_campaign={campaign_name}|{campaign_id}&utm_term={keyword}&utm_content=k50id|01000000{phrase_id}_{retargeting_id}|cid|{campaign_id}|gid|{gbid}|aid|{ad_id}|adp|{addphrases}|pos|{position_type}{position}|src|{source_type}_{source}|dvc|{device_type}|dop_0&k50id=01000000{phrase_id}_{retargeting_id}&cm_id={campaign_id}_{gbid}_{banner_id}_{phrase_id}_{retargeting_id}_{source}_{source_type}_{campaign_type}_{addphrases}_{device_type}_{position_type}_{region_id}&region={region_id}&region_name={region_name}&v=14,Кухонные смесители Hansgrohe. Подарки за покупку!,Кухонные смесители Hansgrohe. Бесплатная доставка. Переходите на сайт!,,,,,,,
https://hansgrohe-russia.ru/kukhnya/smesiteli-dlja-kuhonnoj-mojki?utm_medium=cpc&utm_source=ya_direct&utm_campaign={campaign_name}|{campaign_id}&utm_term={keyword}&utm_content=k50id|01000000{phrase_id}_{retargeting_id}|cid|{campaign_id}|gid|{gbid}|aid|{ad_id}|adp|{addphrases}|pos|{position_type}{position}|src|{source_type}_{source}|dvc|{device_type}|dop_0&k50id=01000000{phrase_id}_{retargeting_id}&cm_id={campaign_id}_{gbid}_{banner_id}_{phrase_id}_{retargeting_id}_{source}_{source_type}_{campaign_type}_{addphrases}_{device_type}_{position_type}_{region_id}&region={region_id}&region_name={region_name}&v=15,Кухонные смесители Hansgrohe. Суперцены каждый день!,Приобретайте кухонные смесители Hansgrohe с официальной гарантией. Доставка 0 руб,,,,,,,
https://hansgrohe-russia.ru/kukhnya/smesiteli-dlja-kuhonnoj-mojki?utm_medium=cpc&utm_source=ya_direct&utm_campaign={campaign_name}|{campaign_id}&utm_term={keyword}&utm_content=k50id|01000000{phrase_id}_{retargeting_id}|cid|{campaign_id}|gid|{gbid}|aid|{ad_id}|adp|{addphrases}|pos|{position_type}{position}|src|{source_type}_{source}|dvc|{device_type}|dop_0&k50id=01000000{phrase_id}_{retargeting_id}&cm_id={campaign_id}_{gbid}_{banner_id}_{phrase_id}_{retargeting_id}_{source}_{source_type}_{campaign_type}_{addphrases}_{device_type}_{position_type}_{region_id}&region={region_id}&region_name={region_name}&v=16,Кухонные смесители Hansgrohe. Оригинальная продукция!,Кухонные смесители Hansgrohe. Скидка 5% при предоплате. Покупайте!,,,,,,,
https://hansgrohe-russia.ru/smesiteli/napolnye-smesiteli?utm_medium=cpc&utm_source=ya_direct&utm_campaign={campaign_name}|{campaign_id}&utm_term={keyword}&utm_content=k50id|01000000{phrase_id}_{retargeting_id}|cid|{campaign_id}|gid|{gbid}|aid|{ad_id}|adp|{addphrases}|pos|{position_type}{position}|src|{source_type}_{source}|dvc|{device_type}|dop_0&k50id=01000000{phrase_id}_{retargeting_id}&cm_id={campaign_id}_{gbid}_{banner_id}_{phrase_id}_{retargeting_id}_{source}_{source_type}_{campaign_type}_{addphrases}_{device_type}_{position_type}_{region_id}&region={region_id}&region_name={region_name}&v=9,Напольные смесители Hansgrohe. Доставка по России!,Покупайте напольные смесители от бренда Hansgrohe с гарантией производителя,,,,,,,
https://hansgrohe-russia.ru/smesiteli/napolnye-smesiteli?utm_medium=cpc&utm_source=ya_direct&utm_campaign={campaign_name}|{campaign_id}&utm_term={keyword}&utm_content=k50id|01000000{phrase_id}_{retargeting_id}|cid|{campaign_id}|gid|{gbid}|aid|{ad_id}|adp|{addphrases}|pos|{position_type}{position}|src|{source_type}_{source}|dvc|{device_type}|dop_0&k50id=01000000{phrase_id}_{retargeting_id}&cm_id={campaign_id}_{gbid}_{banner_id}_{phrase_id}_{retargeting_id}_{source}_{source_type}_{campaign_type}_{addphrases}_{device_type}_{position_type}_{region_id}&region={region_id}&region_name={region_name}&v=10,Напольные смесители Hansgrohe. Подарки за покупку!,Напольные смесители Hansgrohe. Бесплатная доставка. Переходите на сайт!,,,,,,,
https://hansgrohe-russia.ru/smesiteli/napolnye-smesiteli?utm_medium=cpc&utm_source=ya_direct&utm_campaign={campaign_name}|{campaign_id}&utm_term={keyword}&utm_content=k50id|01000000{phrase_id}_{retargeting_id}|cid|{campaign_id}|gid|{gbid}|aid|{ad_id}|adp|{addphrases}|pos|{position_type}{position}|src|{source_type}_{source}|dvc|{device_type}|dop_0&k50id=01000000{phrase_id}_{retargeting_id}&cm_id={campaign_id}_{gbid}_{banner_id}_{phrase_id}_{retargeting_id}_{source}_{source_type}_{campaign_type}_{addphrases}_{device_type}_{position_type}_{region_id}&region={region_id}&region_name={region_name}&v=11,Напольные смесители Hansgrohe. Суперцены каждый день!,Приобретайте напольные смесители Hansgrohe с официальной гарантией. Доставка 0 р!,,,,,,,
https://hansgrohe-russia.ru/smesiteli/napolnye-smesiteli?utm_medium=cpc&utm_source=ya_direct&utm_campaign={campaign_name}|{campaign_id}&utm_term={keyword}&utm_content=k50id|01000000{phrase_id}_{retargeting_id}|cid|{campaign_id}|gid|{gbid}|aid|{ad_id}|adp|{addphrases}|pos|{position_type}{position}|src|{source_type}_{source}|dvc|{device_type}|dop_0&k50id=01000000{phrase_id}_{retargeting_id}&cm_id={campaign_id}_{gbid}_{banner_id}_{phrase_id}_{retargeting_id}_{source}_{source_type}_{campaign_type}_{addphrases}_{device_type}_{position_type}_{region_id}&region={region_id}&region_name={region_name}&v=12,Напольные смесители Hansgrohe. Оригинальная продукция!,Напольные смесители Hansgrohe. Скидка 5% при предоплате. Покупайте!,,,,,,,
https://hansgrohe-russia.ru/vstraivaemyy-montazh?utm_medium=cpc&utm_source=ya_direct&utm_campaign={campaign_name}|{campaign_id}&utm_term={keyword}&utm_content=k50id|01000000{phrase_id}_{retargeting_id}|cid|{campaign_id}|gid|{gbid}|aid|{ad_id}|adp|{addphrases}|pos|{position_type}{position}|src|{source_type}_{source}|dvc|{device_type}|dop_0&k50id=01000000{phrase_id}_{retargeting_id}&cm_id={campaign_id}_{gbid}_{banner_id}_{phrase_id}_{retargeting_id}_{source}_{source_type}_{campaign_type}_{addphrases}_{device_type}_{position_type}_{region_id}&region={region_id}&region_name={region_name}&v=9,Настенные смесители Hansgrohe. Доставка по России!,Покупайте настенные смесители от бренда Hansgrohe с гарантией производителя,,,,,,,
https://hansgrohe-russia.ru/vstraivaemyy-montazh?utm_medium=cpc&utm_source=ya_direct&utm_campaign={campaign_name}|{campaign_id}&utm_term={keyword}&utm_content=k50id|01000000{phrase_id}_{retargeting_id}|cid|{campaign_id}|gid|{gbid}|aid|{ad_id}|adp|{addphrases}|pos|{position_type}{position}|src|{source_type}_{source}|dvc|{device_type}|dop_0&k50id=01000000{phrase_id}_{retargeting_id}&cm_id={campaign_id}_{gbid}_{banner_id}_{phrase_id}_{retargeting_id}_{source}_{source_type}_{campaign_type}_{addphrases}_{device_type}_{position_type}_{region_id}&region={region_id}&region_name={region_name}&v=10,Настенные смесители Hansgrohe. Подарки за покупку!,Настенные смесители Hansgrohe. Бесплатная доставка. Переходите на сайт!,,,,,,,
https://hansgrohe-russia.ru/vstraivaemyy-montazh?utm_medium=cpc&utm_source=ya_direct&utm_campaign={campaign_name}|{campaign_id}&utm_term={keyword}&utm_content=k50id|01000000{phrase_id}_{retargeting_id}|cid|{campaign_id}|gid|{gbid}|aid|{ad_id}|adp|{addphrases}|pos|{position_type}{position}|src|{source_type}_{source}|dvc|{device_type}|dop_0&k50id=01000000{phrase_id}_{retargeting_id}&cm_id={campaign_id}_{gbid}_{banner_id}_{phrase_id}_{retargeting_id}_{source}_{source_type}_{campaign_type}_{addphrases}_{device_type}_{position_type}_{region_id}&region={region_id}&region_name={region_name}&v=11,Настенные смесители Hansgrohe. Суперцены каждый день!,Приобретайте настенные смесители Hansgrohe с официальной гарантией. Доставка 0 р!,,,,,,,
https://hansgrohe-russia.ru/vstraivaemyy-montazh?utm_medium=cpc&utm_source=ya_direct&utm_campaign={campaign_name}|{campaign_id}&utm_term={keyword}&utm_content=k50id|01000000{phrase_id}_{retargeting_id}|cid|{campaign_id}|gid|{gbid}|aid|{ad_id}|adp|{addphrases}|pos|{position_type}{position}|src|{source_type}_{source}|dvc|{device_type}|dop_0&k50id=01000000{phrase_id}_{retargeting_id}&cm_id={campaign_id}_{gbid}_{banner_id}_{phrase_id}_{retargeting_id}_{source}_{source_type}_{campaign_type}_{addphrases}_{device_type}_{position_type}_{region_id}&region={region_id}&region_name={region_name}&v=12,Настенные смесители Hansgrohe. Оригинальная продукция!,Настенные смесители Hansgrohe. Скидка 5% при предоплате. Покупайте!,,,,,,,
https://hansgrohe-russia.ru/catalogsearch/result/?hg_upravleniye=3385&q=%D1%81%D0%BC%D0%B5%D1%81%D0%B8%D1%82%D0%B5%D0%BB%D1%8C&utm_medium=cpc&utm_source=ya_direct&utm_campaign={campaign_name}|{campaign_id}&utm_term={keyword}&utm_content=k50id|01000000{phrase_id}_{retargeting_id}|cid|{campaign_id}|gid|{gbid}|aid|{ad_id}|adp|{addphrases}|pos|{position_type}{position}|src|{source_type}_{source}|dvc|{device_type}|dop_0&k50id=01000000{phrase_id}_{retargeting_id}&cm_id={campaign_id}_{gbid}_{banner_id}_{phrase_id}_{retargeting_id}_{source}_{source_type}_{campaign_type}_{addphrases}_{device_type}_{position_type}_{region_id}&region={region_id}&region_name={region_name}&v=1,Однорычажные смесители Hansgrohe. Доставка по России!,Покупайте однорычажные смесители от бренда Hansgrohe с гарантией производителя,,,,,,,
https://hansgrohe-russia.ru/catalogsearch/result/?hg_upravleniye=3385&q=%D1%81%D0%BC%D0%B5%D1%81%D0%B8%D1%82%D0%B5%D0%BB%D1%8C&utm_medium=cpc&utm_source=ya_direct&utm_campaign={campaign_name}|{campaign_id}&utm_term={keyword}&utm_content=k50id|01000000{phrase_id}_{retargeting_id}|cid|{campaign_id}|gid|{gbid}|aid|{ad_id}|adp|{addphrases}|pos|{position_type}{position}|src|{source_type}_{source}|dvc|{device_type}|dop_0&k50id=01000000{phrase_id}_{retargeting_id}&cm_id={campaign_id}_{gbid}_{banner_id}_{phrase_id}_{retargeting_id}_{source}_{source_type}_{campaign_type}_{addphrases}_{device_type}_{position_type}_{region_id}&region={region_id}&region_name={region_name}&v=2,Однорычажные смесители Hansgrohe. Подарки за покупку!,Однорычажные смесители Hansgrohe. Бесплатная доставка. Переходите на сайт!,,,,,,,
https://hansgrohe-russia.ru/catalogsearch/result/?hg_upravleniye=3385&q=%D1%81%D0%BC%D0%B5%D1%81%D0%B8%D1%82%D0%B5%D0%BB%D1%8C&utm_medium=cpc&utm_source=ya_direct&utm_campaign={campaign_name}|{campaign_id}&utm_term={keyword}&utm_content=k50id|01000000{phrase_id}_{retargeting_id}|cid|{campaign_id}|gid|{gbid}|aid|{ad_id}|adp|{addphrases}|pos|{position_type}{position}|src|{source_type}_{source}|dvc|{device_type}|dop_0&k50id=01000000{phrase_id}_{retargeting_id}&cm_id={campaign_id}_{gbid}_{banner_id}_{phrase_id}_{retargeting_id}_{source}_{source_type}_{campaign_type}_{addphrases}_{device_type}_{position_type}_{region_id}&region={region_id}&region_name={region_name}&v=3,Однорычажные смесители Hansgrohe. Суперцены каждый день!,Приобретай однорычажные смесители Hansgrohe с официальной гарантией. Доставка 0р!,,,,,,,
https://hansgrohe-russia.ru/catalogsearch/result/?hg_upravleniye=3385&q=%D1%81%D0%BC%D0%B5%D1%81%D0%B8%D1%82%D0%B5%D0%BB%D1%8C&utm_medium=cpc&utm_source=ya_direct&utm_campaign={campaign_name}|{campaign_id}&utm_term={keyword}&utm_content=k50id|01000000{phrase_id}_{retargeting_id}|cid|{campaign_id}|gid|{gbid}|aid|{ad_id}|adp|{addphrases}|pos|{position_type}{position}|src|{source_type}_{source}|dvc|{device_type}|dop_0&k50id=01000000{phrase_id}_{retargeting_id}&cm_id={campaign_id}_{gbid}_{banner_id}_{phrase_id}_{retargeting_id}_{source}_{source_type}_{campaign_type}_{addphrases}_{device_type}_{position_type}_{region_id}&region={region_id}&region_name={region_name}&v=4,Однорычажные смесители Hansgrohe. Оригинальная продукция,Однорычажные смесители Hansgrohe. Скидка 5% при предоплате. Покупайте!,,,,,,,
https://hansgrohe-russia.ru/vstraivaemyy-montazh?utm_medium=cpc&utm_source=ya_direct&utm_campaign={campaign_name}|{campaign_id}&utm_term={keyword}&utm_content=k50id|01000000{phrase_id}_{retargeting_id}|cid|{campaign_id}|gid|{gbid}|aid|{ad_id}|adp|{addphrases}|pos|{position_type}{position}|src|{source_type}_{source}|dvc|{device_type}|dop_0&k50id=01000000{phrase_id}_{retargeting_id}&cm_id={campaign_id}_{gbid}_{banner_id}_{phrase_id}_{retargeting_id}_{source}_{source_type}_{campaign_type}_{addphrases}_{device_type}_{position_type}_{region_id}&region={region_id}&region_name={region_name}&v=13,Скрытые смесители Hansgrohe. Доставка по России!,Покупайте скрытые смесители от бренда Hansgrohe с гарантией производителя,,,,,,,
https://hansgrohe-russia.ru/vstraivaemyy-montazh?utm_medium=cpc&utm_source=ya_direct&utm_campaign={campaign_name}|{campaign_id}&utm_term={keyword}&utm_content=k50id|01000000{phrase_id}_{retargeting_id}|cid|{campaign_id}|gid|{gbid}|aid|{ad_id}|adp|{addphrases}|pos|{position_type}{position}|src|{source_type}_{source}|dvc|{device_type}|dop_0&k50id=01000000{phrase_id}_{retargeting_id}&cm_id={campaign_id}_{gbid}_{banner_id}_{phrase_id}_{retargeting_id}_{source}_{source_type}_{campaign_type}_{addphrases}_{device_type}_{position_type}_{region_id}&region={region_id}&region_name={region_name}&v=14,Скрытые смесители Hansgrohe. Подарки за покупку!,Скрытые смесители Hansgrohe. Бесплатная доставка. Переходите на сайт!,,,,,,,
https://hansgrohe-russia.ru/vstraivaemyy-montazh?utm_medium=cpc&utm_source=ya_direct&utm_campaign={campaign_name}|{campaign_id}&utm_term={keyword}&utm_content=k50id|01000000{phrase_id}_{retargeting_id}|cid|{campaign_id}|gid|{gbid}|aid|{ad_id}|adp|{addphrases}|pos|{position_type}{position}|src|{source_type}_{source}|dvc|{device_type}|dop_0&k50id=01000000{phrase_id}_{retargeting_id}&cm_id={campaign_id}_{gbid}_{banner_id}_{phrase_id}_{retargeting_id}_{source}_{source_type}_{campaign_type}_{addphrases}_{device_type}_{position_type}_{region_id}&region={region_id}&region_name={region_name}&v=15,Скрытые смесители Hansgrohe. Суперцены каждый день!,Приобретайте скрытые смесители Hansgrohe с официальной гарантией. Доставка 0 руб!,,,,,,,
https://hansgrohe-russia.ru/vstraivaemyy-montazh?utm_medium=cpc&utm_source=ya_direct&utm_campaign={campaign_name}|{campaign_id}&utm_term={keyword}&utm_content=k50id|01000000{phrase_id}_{retargeting_id}|cid|{campaign_id}|gid|{gbid}|aid|{ad_id}|adp|{addphrases}|pos|{position_type}{position}|src|{source_type}_{source}|dvc|{device_type}|dop_0&k50id=01000000{phrase_id}_{retargeting_id}&cm_id={campaign_id}_{gbid}_{banner_id}_{phrase_id}_{retargeting_id}_{source}_{source_type}_{campaign_type}_{addphrases}_{device_type}_{position_type}_{region_id}&region={region_id}&region_name={region_name}&v=16,Скрытые смесители Hansgrohe. Оригинальная продукция!,Скрытые смесители Hansgrohe. Скидка 5% при предоплате. Покупайте!,,,,,,,
https://hansgrohe-russia.ru/smesiteli?utm_medium=cpc&utm_source=ya_direct&utm_campaign={campaign_name}|{campaign_id}&utm_term={keyword}&utm_content=k50id|01000000{phrase_id}_{retargeting_id}|cid|{campaign_id}|gid|{gbid}|aid|{ad_id}|adp|{addphrases}|pos|{position_type}{position}|src|{source_type}_{source}|dvc|{device_type}|dop_0&k50id=01000000{phrase_id}_{retargeting_id}&cm_id={campaign_id}_{gbid}_{banner_id}_{phrase_id}_{retargeting_id}_{source}_{source_type}_{campaign_type}_{addphrases}_{device_type}_{position_type}_{region_id}&region={region_id}&region_name={region_name}&v=69,Смесители Hansgrohe. Доставка по России!,Покупайте смесители от бренда Hansgrohe с гарантией производителя,,,,,,,
https://hansgrohe-russia.ru/smesiteli?utm_medium=cpc&utm_source=ya_direct&utm_campaign={campaign_name}|{campaign_id}&utm_term={keyword}&utm_content=k50id|01000000{phrase_id}_{retargeting_id}|cid|{campaign_id}|gid|{gbid}|aid|{ad_id}|adp|{addphrases}|pos|{position_type}{position}|src|{source_type}_{source}|dvc|{device_type}|dop_0&k50id=01000000{phrase_id}_{retargeting_id}&cm_id={campaign_id}_{gbid}_{banner_id}_{phrase_id}_{retargeting_id}_{source}_{source_type}_{campaign_type}_{addphrases}_{device_type}_{position_type}_{region_id}&region={region_id}&region_name={region_name}&v=70,Смесители Hansgrohe. Подарки за покупку!,Смесители Hansgrohe. Бесплатная доставка. Переходите на сайт!,,,,,,,
https://hansgrohe-russia.ru/smesiteli?utm_medium=cpc&utm_source=ya_direct&utm_campaign={campaign_name}|{campaign_id}&utm_term={keyword}&utm_content=k50id|01000000{phrase_id}_{retargeting_id}|cid|{campaign_id}|gid|{gbid}|aid|{ad_id}|adp|{addphrases}|pos|{position_type}{position}|src|{source_type}_{source}|dvc|{device_type}|dop_0&k50id=01000000{phrase_id}_{retargeting_id}&cm_id={campaign_id}_{gbid}_{banner_id}_{phrase_id}_{retargeting_id}_{source}_{source_type}_{campaign_type}_{addphrases}_{device_type}_{position_type}_{region_id}&region={region_id}&region_name={region_name}&v=71,Смесители Hansgrohe. Суперцены каждый день!,Приобретайте смесители Hansgrohe с официальной гарантией. Доставка 0 руб!,,,,,,,
https://hansgrohe-russia.ru/smesiteli?utm_medium=cpc&utm_source=ya_direct&utm_campaign={campaign_name}|{campaign_id}&utm_term={keyword}&utm_content=k50id|01000000{phrase_id}_{retargeting_id}|cid|{campaign_id}|gid|{gbid}|aid|{ad_id}|adp|{addphrases}|pos|{position_type}{position}|src|{source_type}_{source}|dvc|{device_type}|dop_0&k50id=01000000{phrase_id}_{retargeting_id}&cm_id={campaign_id}_{gbid}_{banner_id}_{phrase_id}_{retargeting_id}_{source}_{source_type}_{campaign_type}_{addphrases}_{device_type}_{position_type}_{region_id}&region={region_id}&region_name={region_name}&v=72,Смесители Hansgrohe. Оригинальная продукция!,Смесители Hansgrohe. Скидка 5% при предоплате. Покупайте!,,,,,,,
https://hansgrohe-russia.ru/smesiteli?utm_medium=cpc&utm_source=ya_direct&utm_campaign={campaign_name}|{campaign_id}&utm_term={keyword}&utm_content=k50id|01000000{phrase_id}_{retargeting_id}|cid|{campaign_id}|gid|{gbid}|aid|{ad_id}|adp|{addphrases}|pos|{position_type}{position}|src|{source_type}_{source}|dvc|{device_type}|dop_0&k50id=01000000{phrase_id}_{retargeting_id}&cm_id={campaign_id}_{gbid}_{banner_id}_{phrase_id}_{retargeting_id}_{source}_{source_type}_{campaign_type}_{addphrases}_{device_type}_{position_type}_{region_id}&region={region_id}&region_name={region_name}&v=73,Смесители Hansgrohe в Москве. Подарки за покупку!,Покупайте смесители в Москве от бренда Hansgrohe с гарантией производителя,,,,,,,
https://hansgrohe-russia.ru/smesiteli?utm_medium=cpc&utm_source=ya_direct&utm_campaign={campaign_name}|{campaign_id}&utm_term={keyword}&utm_content=k50id|01000000{phrase_id}_{retargeting_id}|cid|{campaign_id}|gid|{gbid}|aid|{ad_id}|adp|{addphrases}|pos|{position_type}{position}|src|{source_type}_{source}|dvc|{device_type}|dop_0&k50id=01000000{phrase_id}_{retargeting_id}&cm_id={campaign_id}_{gbid}_{banner_id}_{phrase_id}_{retargeting_id}_{source}_{source_type}_{campaign_type}_{addphrases}_{device_type}_{position_type}_{region_id}&region={region_id}&region_name={region_name}&v=74,Смесители Hansgrohe в Москве. Подарки за покупку!,Смесители Hansgrohe в Москве. Бесплатная доставка. Переходите на сайт!,,,,,,,
https://hansgrohe-russia.ru/smesiteli?utm_medium=cpc&utm_source=ya_direct&utm_campaign={campaign_name}|{campaign_id}&utm_term={keyword}&utm_content=k50id|01000000{phrase_id}_{retargeting_id}|cid|{campaign_id}|gid|{gbid}|aid|{ad_id}|adp|{addphrases}|pos|{position_type}{position}|src|{source_type}_{source}|dvc|{device_type}|dop_0&k50id=01000000{phrase_id}_{retargeting_id}&cm_id={campaign_id}_{gbid}_{banner_id}_{phrase_id}_{retargeting_id}_{source}_{source_type}_{campaign_type}_{addphrases}_{device_type}_{position_type}_{region_id}&region={region_id}&region_name={region_name}&v=75,Смесители Hansgrohe в Москве. Суперцены каждый день!,Приобретайте смесители Hansgrohe в Москве с официальной гарантией. Доставка 0 р!,,,,,,,
https://hansgrohe-russia.ru/smesiteli?utm_medium=cpc&utm_source=ya_direct&utm_campaign={campaign_name}|{campaign_id}&utm_term={keyword}&utm_content=k50id|01000000{phrase_id}_{retargeting_id}|cid|{campaign_id}|gid|{gbid}|aid|{ad_id}|adp|{addphrases}|pos|{position_type}{position}|src|{source_type}_{source}|dvc|{device_type}|dop_0&k50id=01000000{phrase_id}_{retargeting_id}&cm_id={campaign_id}_{gbid}_{banner_id}_{phrase_id}_{retargeting_id}_{source}_{source_type}_{campaign_type}_{addphrases}_{device_type}_{position_type}_{region_id}&region={region_id}&region_name={region_name}&v=76,Смесители Hansgrohe в Москве. Оригинальная продукция!,Смесители Hansgrohe в Москве. Скидка 5% при предоплате. Покупайте!,,,,,,,
https://hansgrohe-russia.ru/smesiteli/smesiteli-dlya-bide?utm_medium=cpc&utm_source=ya_direct&utm_campaign={campaign_name}|{campaign_id}&utm_term={keyword}&utm_content=k50id|01000000{phrase_id}_{retargeting_id}|cid|{campaign_id}|gid|{gbid}|aid|{ad_id}|adp|{addphrases}|pos|{position_type}{position}|src|{source_type}_{source}|dvc|{device_type}|dop_0&k50id=01000000{phrase_id}_{retargeting_id}&cm_id={campaign_id}_{gbid}_{banner_id}_{phrase_id}_{retargeting_id}_{source}_{source_type}_{campaign_type}_{addphrases}_{device_type}_{position_type}_{region_id}&region={region_id}&region_name={region_name}&v=5,Смесители Hansgrohe для биде. Доставка по России!,Покупайте смесители для биде от бренда Hansgrohe с гарантией производителя,,,,,,,
https://hansgrohe-russia.ru/smesiteli/smesiteli-dlya-bide?utm_medium=cpc&utm_source=ya_direct&utm_campaign={campaign_name}|{campaign_id}&utm_term={keyword}&utm_content=k50id|01000000{phrase_id}_{retargeting_id}|cid|{campaign_id}|gid|{gbid}|aid|{ad_id}|adp|{addphrases}|pos|{position_type}{position}|src|{source_type}_{source}|dvc|{device_type}|dop_0&k50id=01000000{phrase_id}_{retargeting_id}&cm_id={campaign_id}_{gbid}_{banner_id}_{phrase_id}_{retargeting_id}_{source}_{source_type}_{campaign_type}_{addphrases}_{device_type}_{position_type}_{region_id}&region={region_id}&region_name={region_name}&v=6,Смесители Hansgrohe для биде. Подарки за покупку!,Смесители Hansgrohe для биде. Бесплатная доставка. Переходите на сайт!,,,,,,,
https://hansgrohe-russia.ru/smesiteli/smesiteli-dlya-bide?utm_medium=cpc&utm_source=ya_direct&utm_campaign={campaign_name}|{campaign_id}&utm_term={keyword}&utm_content=k50id|01000000{phrase_id}_{retargeting_id}|cid|{campaign_id}|gid|{gbid}|aid|{ad_id}|adp|{addphrases}|pos|{position_type}{position}|src|{source_type}_{source}|dvc|{device_type}|dop_0&k50id=01000000{phrase_id}_{retargeting_id}&cm_id={campaign_id}_{gbid}_{banner_id}_{phrase_id}_{retargeting_id}_{source}_{source_type}_{campaign_type}_{addphrases}_{device_type}_{position_type}_{region_id}&region={region_id}&region_name={region_name}&v=7,Смесители Hansgrohe для биде. Суперцены каждый день!,Приобретайте смесители Hansgrohe для биде с официальной гарантией. Доставка 0 р!,,,,,,,
https://hansgrohe-russia.ru/smesiteli/smesiteli-dlya-bide?utm_medium=cpc&utm_source=ya_direct&utm_campaign={campaign_name}|{campaign_id}&utm_term={keyword}&utm_content=k50id|01000000{phrase_id}_{retargeting_id}|cid|{campaign_id}|gid|{gbid}|aid|{ad_id}|adp|{addphrases}|pos|{position_type}{position}|src|{source_type}_{source}|dvc|{device_type}|dop_0&k50id=01000000{phrase_id}_{retargeting_id}&cm_id={campaign_id}_{gbid}_{banner_id}_{phrase_id}_{retargeting_id}_{source}_{source_type}_{campaign_type}_{addphrases}_{device_type}_{position_type}_{region_id}&region={region_id}&region_name={region_name}&v=8,Смесители Hansgrohe для биде. Оригинальная продукция!,Смесители Hansgrohe для биде. Скидка 5% при предоплате. Покупайте!,,,,,,,
https://hansgrohe-russia.ru/smesiteli/smesiteli-dlya-vanny?utm_medium=cpc&utm_source=ya_direct&utm_campaign={campaign_name}|{campaign_id}&utm_term={keyword}&utm_content=k50id|01000000{phrase_id}_{retargeting_id}|cid|{campaign_id}|gid|{gbid}|aid|{ad_id}|adp|{addphrases}|pos|{position_type}{position}|src|{source_type}_{source}|dvc|{device_type}|dop_0&k50id=01000000{phrase_id}_{retargeting_id}&cm_id={campaign_id}_{gbid}_{banner_id}_{phrase_id}_{retargeting_id}_{source}_{source_type}_{campaign_type}_{addphrases}_{device_type}_{position_type}_{region_id}&region={region_id}&region_name={region_name}&v=49,Смесители Hansgrohe для ванны. Доставка по России!,Покупайте смесители для ванны от бренда Hansgrohe с гарантией производителя,,,,,,,
https://hansgrohe-russia.ru/smesiteli/smesiteli-dlya-vanny?utm_medium=cpc&utm_source=ya_direct&utm_campaign={campaign_name}|{campaign_id}&utm_term={keyword}&utm_content=k50id|01000000{phrase_id}_{retargeting_id}|cid|{campaign_id}|gid|{gbid}|aid|{ad_id}|adp|{addphrases}|pos|{position_type}{position}|src|{source_type}_{source}|dvc|{device_type}|dop_0&k50id=01000000{phrase_id}_{retargeting_id}&cm_id={campaign_id}_{gbid}_{banner_id}_{phrase_id}_{retargeting_id}_{source}_{source_type}_{campaign_type}_{addphrases}_{device_type}_{position_type}_{region_id}&region={region_id}&region_name={region_name}&v=50,Смесители Hansgrohe для ванны. Подарки за покупку!,Смесители Hansgrohe для ванны. Бесплатная доставка. Переходите на сайт!,,,,,,,
https://hansgrohe-russia.ru/smesiteli/smesiteli-dlya-vanny?utm_medium=cpc&utm_source=ya_direct&utm_campaign={campaign_name}|{campaign_id}&utm_term={keyword}&utm_content=k50id|01000000{phrase_id}_{retargeting_id}|cid|{campaign_id}|gid|{gbid}|aid|{ad_id}|adp|{addphrases}|pos|{position_type}{position}|src|{source_type}_{source}|dvc|{device_type}|dop_0&k50id=01000000{phrase_id}_{retargeting_id}&cm_id={campaign_id}_{gbid}_{banner_id}_{phrase_id}_{retargeting_id}_{source}_{source_type}_{campaign_type}_{addphrases}_{device_type}_{position_type}_{region_id}&region={region_id}&region_name={region_name}&v=51,Смесители Hansgrohe для ванны. Суперцены каждый день!,Приобретайте смесители Hansgrohe для ванны с официальной гарантией. Доставка 0 р!,,,,,,,
https://hansgrohe-russia.ru/smesiteli/smesiteli-dlya-vanny?utm_medium=cpc&utm_source=ya_direct&utm_campaign={campaign_name}|{campaign_id}&utm_term={keyword}&utm_content=k50id|01000000{phrase_id}_{retargeting_id}|cid|{campaign_id}|gid|{gbid}|aid|{ad_id}|adp|{addphrases}|pos|{position_type}{position}|src|{source_type}_{source}|dvc|{device_type}|dop_0&k50id=01000000{phrase_id}_{retargeting_id}&cm_id={campaign_id}_{gbid}_{banner_id}_{phrase_id}_{retargeting_id}_{source}_{source_type}_{campaign_type}_{addphrases}_{device_type}_{position_type}_{region_id}&region={region_id}&region_name={region_name}&v=52,Смесители Hansgrohe для ванны. Оригинальная продукция!,Смесители Hansgrohe для ванны. Скидка 5% при предоплате. Покупайте!,,,,,,,
https://hansgrohe-russia.ru/smesiteli/smesiteli-dlja-dusha?utm_medium=cpc&utm_source=ya_direct&utm_campaign={campaign_name}|{campaign_id}&utm_term={keyword}&utm_content=k50id|01000000{phrase_id}_{retargeting_id}|cid|{campaign_id}|gid|{gbid}|aid|{ad_id}|adp|{addphrases}|pos|{position_type}{position}|src|{source_type}_{source}|dvc|{device_type}|dop_0&k50id=01000000{phrase_id}_{retargeting_id}&cm_id={campaign_id}_{gbid}_{banner_id}_{phrase_id}_{retargeting_id}_{source}_{source_type}_{campaign_type}_{addphrases}_{device_type}_{position_type}_{region_id}&region={region_id}&region_name={region_name}&v=33,Смесители Hansgrohe для душа. Доставка по России!,Покупайте смесители для душа от бренда Hansgrohe с гарантией производителя,,,,,,,
https://hansgrohe-russia.ru/smesiteli/smesiteli-dlja-dusha?utm_medium=cpc&utm_source=ya_direct&utm_campaign={campaign_name}|{campaign_id}&utm_term={keyword}&utm_content=k50id|01000000{phrase_id}_{retargeting_id}|cid|{campaign_id}|gid|{gbid}|aid|{ad_id}|adp|{addphrases}|pos|{position_type}{position}|src|{source_type}_{source}|dvc|{device_type}|dop_0&k50id=01000000{phrase_id}_{retargeting_id}&cm_id={campaign_id}_{gbid}_{banner_id}_{phrase_id}_{retargeting_id}_{source}_{source_type}_{campaign_type}_{addphrases}_{device_type}_{position_type}_{region_id}&region={region_id}&region_name={region_name}&v=34,Смесители Hansgrohe для душа. Подарки за покупку!,Смесители Hansgrohe для душа. Бесплатная доставка. Переходите на сайт!,,,,,,,
https://hansgrohe-russia.ru/smesiteli/smesiteli-dlja-dusha?utm_medium=cpc&utm_source=ya_direct&utm_campaign={campaign_name}|{campaign_id}&utm_term={keyword}&utm_content=k50id|01000000{phrase_id}_{retargeting_id}|cid|{campaign_id}|gid|{gbid}|aid|{ad_id}|adp|{addphrases}|pos|{position_type}{position}|src|{source_type}_{source}|dvc|{device_type}|dop_0&k50id=01000000{phrase_id}_{retargeting_id}&cm_id={campaign_id}_{gbid}_{banner_id}_{phrase_id}_{retargeting_id}_{source}_{source_type}_{campaign_type}_{addphrases}_{device_type}_{position_type}_{region_id}&region={region_id}&region_name={region_name}&v=35,Смесители Hansgrohe для душа. Суперцены каждый день!,Приобретай смесители Hansgrohe для душа с официальной гарантией. Доставка 0 руб!,,,,,,,
https://hansgrohe-russia.ru/smesiteli/smesiteli-dlja-dusha?utm_medium=cpc&utm_source=ya_direct&utm_campaign={campaign_name}|{campaign_id}&utm_term={keyword}&utm_content=k50id|01000000{phrase_id}_{retargeting_id}|cid|{campaign_id}|gid|{gbid}|aid|{ad_id}|adp|{addphrases}|pos|{position_type}{position}|src|{source_type}_{source}|dvc|{device_type}|dop_0&k50id=01000000{phrase_id}_{retargeting_id}&cm_id={campaign_id}_{gbid}_{banner_id}_{phrase_id}_{retargeting_id}_{source}_{source_type}_{campaign_type}_{addphrases}_{device_type}_{position_type}_{region_id}&region={region_id}&region_name={region_name}&v=36,Смесители Hansgrohe для душа. Оригинальная продукция!,Смесители Hansgrohe для душа. Скидка 5% при предоплате. Покупайте!,,,,,,,
https://hansgrohe-russia.ru/smesiteli/termostaticheskie-smesiteli-dlya-dusha?utm_medium=cpc&utm_source=ya_direct&utm_campaign={campaign_name}|{campaign_id}&utm_term={keyword}&utm_content=k50id|01000000{phrase_id}_{retargeting_id}|cid|{campaign_id}|gid|{gbid}|aid|{ad_id}|adp|{addphrases}|pos|{position_type}{position}|src|{source_type}_{source}|dvc|{device_type}|dop_0&k50id=01000000{phrase_id}_{retargeting_id}&cm_id={campaign_id}_{gbid}_{banner_id}_{phrase_id}_{retargeting_id}_{source}_{source_type}_{campaign_type}_{addphrases}_{device_type}_{position_type}_{region_id}&region={region_id}&region_name={region_name}&v=13,Смесители Hansgrohe для душа с термостатом. Доставка 0 р,Покупайте смесители с термостатом от бренда Hansgrohe с гарантией производителя,,,,,,,
https://hansgrohe-russia.ru/smesiteli/termostaticheskie-smesiteli-dlya-dusha?utm_medium=cpc&utm_source=ya_direct&utm_campaign={campaign_name}|{campaign_id}&utm_term={keyword}&utm_content=k50id|01000000{phrase_id}_{retargeting_id}|cid|{campaign_id}|gid|{gbid}|aid|{ad_id}|adp|{addphrases}|pos|{position_type}{position}|src|{source_type}_{source}|dvc|{device_type}|dop_0&k50id=01000000{phrase_id}_{retargeting_id}&cm_id={campaign_id}_{gbid}_{banner_id}_{phrase_id}_{retargeting_id}_{source}_{source_type}_{campaign_type}_{addphrases}_{device_type}_{position_type}_{region_id}&region={region_id}&region_name={region_name}&v=14,Смесители Hansgrohe с термостатом. Подарки за покупку!,Смесители Hansgrohe для душа с термостатом. Бесплатная доставка. Переходи на сайт,,,,,,,
https://hansgrohe-russia.ru/smesiteli/termostaticheskie-smesiteli-dlya-dusha?utm_medium=cpc&utm_source=ya_direct&utm_campaign={campaign_name}|{campaign_id}&utm_term={keyword}&utm_content=k50id|01000000{phrase_id}_{retargeting_id}|cid|{campaign_id}|gid|{gbid}|aid|{ad_id}|adp|{addphrases}|pos|{position_type}{position}|src|{source_type}_{source}|dvc|{device_type}|dop_0&k50id=01000000{phrase_id}_{retargeting_id}&cm_id={campaign_id}_{gbid}_{banner_id}_{phrase_id}_{retargeting_id}_{source}_{source_type}_{campaign_type}_{addphrases}_{device_type}_{position_type}_{region_id}&region={region_id}&region_name={region_name}&v=15,Смесители Hansgrohe для душа с термостатом. Суперцены!,Приобретайте смесители Hansgrohe для душа с термостатом с официальной гарантией.,,,,,,,
https://hansgrohe-russia.ru/smesiteli/termostaticheskie-smesiteli-dlya-dusha?utm_medium=cpc&utm_source=ya_direct&utm_campaign={campaign_name}|{campaign_id}&utm_term={keyword}&utm_content=k50id|01000000{phrase_id}_{retargeting_id}|cid|{campaign_id}|gid|{gbid}|aid|{ad_id}|adp|{addphrases}|pos|{position_type}{position}|src|{source_type}_{source}|dvc|{device_type}|dop_0&k50id=01000000{phrase_id}_{retargeting_id}&cm_id={campaign_id}_{gbid}_{banner_id}_{phrase_id}_{retargeting_id}_{source}_{source_type}_{campaign_type}_{addphrases}_{device_type}_{position_type}_{region_id}&region={region_id}&region_name={region_name}&v=16,Смесители Hansgrohe для душа с термостатом. Оригинал!,Смесители Hansgrohe для душа с термостатом. Скидка 5% при предоплате. Покупайте!,,,,,,,
https://hansgrohe-russia.ru/kukhnya/smesiteli-dlja-kuhonnoj-mojki?utm_medium=cpc&utm_source=ya_direct&utm_campaign={campaign_name}|{campaign_id}&utm_term={keyword}&utm_content=k50id|01000000{phrase_id}_{retargeting_id}|cid|{campaign_id}|gid|{gbid}|aid|{ad_id}|adp|{addphrases}|pos|{position_type}{position}|src|{source_type}_{source}|dvc|{device_type}|dop_0&k50id=01000000{phrase_id}_{retargeting_id}&cm_id={campaign_id}_{gbid}_{banner_id}_{phrase_id}_{retargeting_id}_{source}_{source_type}_{campaign_type}_{addphrases}_{device_type}_{position_type}_{region_id}&region={region_id}&region_name={region_name}&v=17,Смесители Hansgrohe для кухни. Доставка по России!,Покупайте смесители для кухни от бренда Hansgrohe с гарантией производителя,,,,,,,
https://hansgrohe-russia.ru/kukhnya/smesiteli-dlja-kuhonnoj-mojki?utm_medium=cpc&utm_source=ya_direct&utm_campaign={campaign_name}|{campaign_id}&utm_term={keyword}&utm_content=k50id|01000000{phrase_id}_{retargeting_id}|cid|{campaign_id}|gid|{gbid}|aid|{ad_id}|adp|{addphrases}|pos|{position_type}{position}|src|{source_type}_{source}|dvc|{device_type}|dop_0&k50id=01000000{phrase_id}_{retargeting_id}&cm_id={campaign_id}_{gbid}_{banner_id}_{phrase_id}_{retargeting_id}_{source}_{source_type}_{campaign_type}_{addphrases}_{device_type}_{position_type}_{region_id}&region={region_id}&region_name={region_name}&v=18,Смесители Hansgrohe для кухни. Подарки за покупку!,Смесители Hansgrohe для кухни. Бесплатная доставка. Переходите на сайт!,,,,,,,
https://hansgrohe-russia.ru/kukhnya/smesiteli-dlja-kuhonnoj-mojki?utm_medium=cpc&utm_source=ya_direct&utm_campaign={campaign_name}|{campaign_id}&utm_term={keyword}&utm_content=k50id|01000000{phrase_id}_{retargeting_id}|cid|{campaign_id}|gid|{gbid}|aid|{ad_id}|adp|{addphrases}|pos|{position_type}{position}|src|{source_type}_{source}|dvc|{device_type}|dop_0&k50id=01000000{phrase_id}_{retargeting_id}&cm_id={campaign_id}_{gbid}_{banner_id}_{phrase_id}_{retargeting_id}_{source}_{source_type}_{campaign_type}_{addphrases}_{device_type}_{position_type}_{region_id}&region={region_id}&region_name={region_name}&v=19,Смесители Hansgrohe для кухни. Суперцены каждый день!,Приобретайте смесители Hansgrohe для кухни с официальной гарантией. Доставка 0 р!,,,,,,,
https://hansgrohe-russia.ru/kukhnya/smesiteli-dlja-kuhonnoj-mojki?utm_medium=cpc&utm_source=ya_direct&utm_campaign={campaign_name}|{campaign_id}&utm_term={keyword}&utm_content=k50id|01000000{phrase_id}_{retargeting_id}|cid|{campaign_id}|gid|{gbid}|aid|{ad_id}|adp|{addphrases}|pos|{position_type}{position}|src|{source_type}_{source}|dvc|{device_type}|dop_0&k50id=01000000{phrase_id}_{retargeting_id}&cm_id={campaign_id}_{gbid}_{banner_id}_{phrase_id}_{retargeting_id}_{source}_{source_type}_{campaign_type}_{addphrases}_{device_type}_{position_type}_{region_id}&region={region_id}&region_name={region_name}&v=20,Смесители Hansgrohe для кухни. Оригинальная продукция!,Смесители Hansgrohe для кухни. Скидка 5% при предоплате. Покупайте!,,,,,,,
https://hansgrohe-russia.ru/kukhnya/smesiteli-dlja-kuhonnoj-mojki/shopby/hg_kollektsii-aqittura_m91?utm_medium=cpc&utm_source=ya_direct&utm_campaign={campaign_name}|{campaign_id}&utm_term={keyword}&utm_content=k50id|01000000{phrase_id}_{retargeting_id}|cid|{campaign_id}|gid|{gbid}|aid|{ad_id}|adp|{addphrases}|pos|{position_type}{position}|src|{source_type}_{source}|dvc|{device_type}|dop_0&k50id=01000000{phrase_id}_{retargeting_id}&cm_id={campaign_id}_{gbid}_{banner_id}_{phrase_id}_{retargeting_id}_{source}_{source_type}_{campaign_type}_{addphrases}_{device_type}_{position_type}_{region_id}&region={region_id}&region_name={region_name}&v=1#catalog,Смесители Hansgrohe для кухни с фильтром. Доставка 0 р.,Покупайте смесители с фильтром от бренда Hansgrohe с гарантией производителя,,,,,,,
https://hansgrohe-russia.ru/kukhnya/smesiteli-dlja-kuhonnoj-mojki/shopby/hg_kollektsii-aqittura_m91?utm_medium=cpc&utm_source=ya_direct&utm_campaign={campaign_name}|{campaign_id}&utm_term={keyword}&utm_content=k50id|01000000{phrase_id}_{retargeting_id}|cid|{campaign_id}|gid|{gbid}|aid|{ad_id}|adp|{addphrases}|pos|{position_type}{position}|src|{source_type}_{source}|dvc|{device_type}|dop_0&k50id=01000000{phrase_id}_{retargeting_id}&cm_id={campaign_id}_{gbid}_{banner_id}_{phrase_id}_{retargeting_id}_{source}_{source_type}_{campaign_type}_{addphrases}_{device_type}_{position_type}_{region_id}&region={region_id}&region_name={region_name}&v=2#catalog,Смесители Hansgrohe с фильтром. Подарки за покупку!,Смесители Hansgrohe для кухни с фильтром. Бесплатная доставка. Переходите на сайт,,,,,,,
https://hansgrohe-russia.ru/kukhnya/smesiteli-dlja-kuhonnoj-mojki/shopby/hg_kollektsii-aqittura_m91?utm_medium=cpc&utm_source=ya_direct&utm_campaign={campaign_name}|{campaign_id}&utm_term={keyword}&utm_content=k50id|01000000{phrase_id}_{retargeting_id}|cid|{campaign_id}|gid|{gbid}|aid|{ad_id}|adp|{addphrases}|pos|{position_type}{position}|src|{source_type}_{source}|dvc|{device_type}|dop_0&k50id=01000000{phrase_id}_{retargeting_id}&cm_id={campaign_id}_{gbid}_{banner_id}_{phrase_id}_{retargeting_id}_{source}_{source_type}_{campaign_type}_{addphrases}_{device_type}_{position_type}_{region_id}&region={region_id}&region_name={region_name}&v=3#catalog,Смесители Hansgrohe для кухни с фильтром. Суперцены!,Приобретайте смесители Hansgrohe для кухни с фильтром с официальной гарантией.,,,,,,,
https://hansgrohe-russia.ru/kukhnya/smesiteli-dlja-kuhonnoj-mojki/shopby/hg_kollektsii-aqittura_m91?utm_medium=cpc&utm_source=ya_direct&utm_campaign={campaign_name}|{campaign_id}&utm_term={keyword}&utm_content=k50id|01000000{phrase_id}_{retargeting_id}|cid|{campaign_id}|gid|{gbid}|aid|{ad_id}|adp|{addphrases}|pos|{position_type}{position}|src|{source_type}_{source}|dvc|{device_type}|dop_0&k50id=01000000{phrase_id}_{retargeting_id}&cm_id={campaign_id}_{gbid}_{banner_id}_{phrase_id}_{retargeting_id}_{source}_{source_type}_{campaign_type}_{addphrases}_{device_type}_{position_type}_{region_id}&region={region_id}&region_name={region_name}&v=4#catalog,Смесители Hansgrohe для кухни с фильтром. Оригинал!,Смесители Hansgrohe для кухни с фильтром. Скидка 5% при предоплате. Покупайте!,,,,,,,
https://hansgrohe-russia.ru/kukhnya/smesiteli-dlja-kuhonnoj-mojki/shopby/all_tip_izliva-vytyazhnoy-dushevoy?utm_medium=cpc&utm_source=ya_direct&utm_campaign={campaign_name}|{campaign_id}&utm_term={keyword}&utm_content=k50id|01000000{phrase_id}_{retargeting_id}|cid|{campaign_id}|gid|{gbid}|aid|{ad_id}|adp|{addphrases}|pos|{position_type}{position}|src|{source_type}_{source}|dvc|{device_type}|dop_0&k50id=01000000{phrase_id}_{retargeting_id}&cm_id={campaign_id}_{gbid}_{banner_id}_{phrase_id}_{retargeting_id}_{source}_{source_type}_{campaign_type}_{addphrases}_{device_type}_{position_type}_{region_id}&region={region_id}&region_name={region_name}&v=1#catalog,Смесители Hansgrohe для кухни с выдвижным изливом.,Покупайте смесители для кухни от бренда Hansgrohe с гарантией производителя,,,,,,,
https://hansgrohe-russia.ru/kukhnya/smesiteli-dlja-kuhonnoj-mojki/shopby/all_tip_izliva-vytyazhnoy-dushevoy?utm_medium=cpc&utm_source=ya_direct&utm_campaign={campaign_name}|{campaign_id}&utm_term={keyword}&utm_content=k50id|01000000{phrase_id}_{retargeting_id}|cid|{campaign_id}|gid|{gbid}|aid|{ad_id}|adp|{addphrases}|pos|{position_type}{position}|src|{source_type}_{source}|dvc|{device_type}|dop_0&k50id=01000000{phrase_id}_{retargeting_id}&cm_id={campaign_id}_{gbid}_{banner_id}_{phrase_id}_{retargeting_id}_{source}_{source_type}_{campaign_type}_{addphrases}_{device_type}_{position_type}_{region_id}&region={region_id}&region_name={region_name}&v=2#catalog,Смесители Hansgrohe с выдвижным изливом. Подарки!,Смесители Hansgrohe с выдвижным изливом. Бесплатная доставка. Переходите на сайт!,,,,,,,
https://hansgrohe-russia.ru/kukhnya/smesiteli-dlja-kuhonnoj-mojki/shopby/all_tip_izliva-vytyazhnoy-dushevoy?utm_medium=cpc&utm_source=ya_direct&utm_campaign={campaign_name}|{campaign_id}&utm_term={keyword}&utm_content=k50id|01000000{phrase_id}_{retargeting_id}|cid|{campaign_id}|gid|{gbid}|aid|{ad_id}|adp|{addphrases}|pos|{position_type}{position}|src|{source_type}_{source}|dvc|{device_type}|dop_0&k50id=01000000{phrase_id}_{retargeting_id}&cm_id={campaign_id}_{gbid}_{banner_id}_{phrase_id}_{retargeting_id}_{source}_{source_type}_{campaign_type}_{addphrases}_{device_type}_{position_type}_{region_id}&region={region_id}&region_name={region_name}&v=3#catalog,Смесители Hansgrohe с выдвижным изливом. Суперцены!,Приобретайте смесители Hansgrohe с выдвижным изливом с официальной гарантией.,,,,,,,
https://hansgrohe-russia.ru/kukhnya/smesiteli-dlja-kuhonnoj-mojki/shopby/all_tip_izliva-vytyazhnoy-dushevoy?utm_medium=cpc&utm_source=ya_direct&utm_campaign={campaign_name}|{campaign_id}&utm_term={keyword}&utm_content=k50id|01000000{phrase_id}_{retargeting_id}|cid|{campaign_id}|gid|{gbid}|aid|{ad_id}|adp|{addphrases}|pos|{position_type}{position}|src|{source_type}_{source}|dvc|{device_type}|dop_0&k50id=01000000{phrase_id}_{retargeting_id}&cm_id={campaign_id}_{gbid}_{banner_id}_{phrase_id}_{retargeting_id}_{source}_{source_type}_{campaign_type}_{addphrases}_{device_type}_{position_type}_{region_id}&region={region_id}&region_name={region_name}&v=4#catalog,Смесители Hansgrohe с выдвижным изливом. Оригинал!,Смесители Hansgrohe с выдвижным изливом. Скидка 5% при предоплате. Покупайте!,,,,,,,
https://hansgrohe-russia.ru/smesiteli/smesiteli-dlya-rakoviny?utm_medium=cpc&utm_source=ya_direct&utm_campaign={campaign_name}|{campaign_id}&utm_term={keyword}&utm_content=k50id|01000000{phrase_id}_{retargeting_id}|cid|{campaign_id}|gid|{gbid}|aid|{ad_id}|adp|{addphrases}|pos|{position_type}{position}|src|{source_type}_{source}|dvc|{device_type}|dop_0&k50id=01000000{phrase_id}_{retargeting_id}&cm_id={campaign_id}_{gbid}_{banner_id}_{phrase_id}_{retargeting_id}_{source}_{source_type}_{campaign_type}_{addphrases}_{device_type}_{position_type}_{region_id}&region={region_id}&region_name={region_name}&v=37,Смесители Hansgrohe для раковины. Доставка по России!,Покупайте смесители для раковины от бренда Hansgrohe с гарантией производителя,,,,,,,
https://hansgrohe-russia.ru/smesiteli/smesiteli-dlya-rakoviny?utm_medium=cpc&utm_source=ya_direct&utm_campaign={campaign_name}|{campaign_id}&utm_term={keyword}&utm_content=k50id|01000000{phrase_id}_{retargeting_id}|cid|{campaign_id}|gid|{gbid}|aid|{ad_id}|adp|{addphrases}|pos|{position_type}{position}|src|{source_type}_{source}|dvc|{device_type}|dop_0&k50id=01000000{phrase_id}_{retargeting_id}&cm_id={campaign_id}_{gbid}_{banner_id}_{phrase_id}_{retargeting_id}_{source}_{source_type}_{campaign_type}_{addphrases}_{device_type}_{position_type}_{region_id}&region={region_id}&region_name={region_name}&v=38,Смесители Hansgrohe для раковины. Подарки за покупку!,Смесители Hansgrohe для раковины. Бесплатная доставка. Переходите на сайт!,,,,,,,
https://hansgrohe-russia.ru/smesiteli/smesiteli-dlya-rakoviny?utm_medium=cpc&utm_source=ya_direct&utm_campaign={campaign_name}|{campaign_id}&utm_term={keyword}&utm_content=k50id|01000000{phrase_id}_{retargeting_id}|cid|{campaign_id}|gid|{gbid}|aid|{ad_id}|adp|{addphrases}|pos|{position_type}{position}|src|{source_type}_{source}|dvc|{device_type}|dop_0&k50id=01000000{phrase_id}_{retargeting_id}&cm_id={campaign_id}_{gbid}_{banner_id}_{phrase_id}_{retargeting_id}_{source}_{source_type}_{campaign_type}_{addphrases}_{device_type}_{position_type}_{region_id}&region={region_id}&region_name={region_name}&v=39,Смесители Hansgrohe для раковины. Суперцены каждый день!,Приобретай смесители Hansgrohe для раковины с официальной гарантией. Доставка 0р!,,,,,,,
https://hansgrohe-russia.ru/smesiteli/smesiteli-dlya-rakoviny?utm_medium=cpc&utm_source=ya_direct&utm_campaign={campaign_name}|{campaign_id}&utm_term={keyword}&utm_content=k50id|01000000{phrase_id}_{retargeting_id}|cid|{campaign_id}|gid|{gbid}|aid|{ad_id}|adp|{addphrases}|pos|{position_type}{position}|src|{source_type}_{source}|dvc|{device_type}|dop_0&k50id=01000000{phrase_id}_{retargeting_id}&cm_id={campaign_id}_{gbid}_{banner_id}_{phrase_id}_{retargeting_id}_{source}_{source_type}_{campaign_type}_{addphrases}_{device_type}_{position_type}_{region_id}&region={region_id}&region_name={region_name}&v=40,Смесители Hansgrohe для раковины. Оригинал!,Смесители Hansgrohe для раковины. Скидка 5% при предоплате. Покупайте!,,,,,,,
https://hansgrohe-russia.ru/smesiteli/smesiteli-dlya-rakoviny?utm_medium=cpc&utm_source=ya_direct&utm_campaign={campaign_name}|{campaign_id}&utm_term={keyword}&utm_content=k50id|01000000{phrase_id}_{retargeting_id}|cid|{campaign_id}|gid|{gbid}|aid|{ad_id}|adp|{addphrases}|pos|{position_type}{position}|src|{source_type}_{source}|dvc|{device_type}|dop_0&k50id=01000000{phrase_id}_{retargeting_id}&cm_id={campaign_id}_{gbid}_{banner_id}_{phrase_id}_{retargeting_id}_{source}_{source_type}_{campaign_type}_{addphrases}_{device_type}_{position_type}_{region_id}&region={region_id}&region_name={region_name}&v=41,Смесители Hansgrohe для раковины в ванной. Доставка 0 р,Покупайте смесители для раковины от бренда Hansgrohe с гарантией производителя,,,,,,,
https://hansgrohe-russia.ru/smesiteli/smesiteli-dlya-rakoviny?utm_medium=cpc&utm_source=ya_direct&utm_campaign={campaign_name}|{campaign_id}&utm_term={keyword}&utm_content=k50id|01000000{phrase_id}_{retargeting_id}|cid|{campaign_id}|gid|{gbid}|aid|{ad_id}|adp|{addphrases}|pos|{position_type}{position}|src|{source_type}_{source}|dvc|{device_type}|dop_0&k50id=01000000{phrase_id}_{retargeting_id}&cm_id={campaign_id}_{gbid}_{banner_id}_{phrase_id}_{retargeting_id}_{source}_{source_type}_{campaign_type}_{addphrases}_{device_type}_{position_type}_{region_id}&region={region_id}&region_name={region_name}&v=42,Смесители Hansgrohe для раковины в ванной. Суперцены!,Приобретай смесители Hansgrohe для раковины с официальной гарантией. Доставка 0р!,,,,,,,
https://hansgrohe-russia.ru/smesiteli/smesiteli-dlya-rakoviny?utm_medium=cpc&utm_source=ya_direct&utm_campaign={campaign_name}|{campaign_id}&utm_term={keyword}&utm_content=k50id|01000000{phrase_id}_{retargeting_id}|cid|{campaign_id}|gid|{gbid}|aid|{ad_id}|adp|{addphrases}|pos|{position_type}{position}|src|{source_type}_{source}|dvc|{device_type}|dop_0&k50id=01000000{phrase_id}_{retargeting_id}&cm_id={campaign_id}_{gbid}_{banner_id}_{phrase_id}_{retargeting_id}_{source}_{source_type}_{campaign_type}_{addphrases}_{device_type}_{position_type}_{region_id}&region={region_id}&region_name={region_name}&v=43,Смесители Hansgrohe для раковины в ванной. Оригинал!,Смесители Hansgrohe для раковины в ванной. Скидка 5% при предоплате. Покупайте!,,,,,,,
https://hansgrohe-russia.ru/smesiteli/smesiteli-na-bort-vanny?utm_medium=cpc&utm_source=ya_direct&utm_campaign={campaign_name}|{campaign_id}&utm_term={keyword}&utm_content=k50id|01000000{phrase_id}_{retargeting_id}|cid|{campaign_id}|gid|{gbid}|aid|{ad_id}|adp|{addphrases}|pos|{position_type}{position}|src|{source_type}_{source}|dvc|{device_type}|dop_0&k50id=01000000{phrase_id}_{retargeting_id}&cm_id={campaign_id}_{gbid}_{banner_id}_{phrase_id}_{retargeting_id}_{source}_{source_type}_{campaign_type}_{addphrases}_{device_type}_{position_type}_{region_id}&region={region_id}&region_name={region_name}&v=5,Смесители Hansgrohe на борт ванны. Доставка по России!,Покупайте смесители на борт ванны от бренда Hansgrohe с гарантией производителя,,,,,,,
https://hansgrohe-russia.ru/smesiteli/smesiteli-na-bort-vanny?utm_medium=cpc&utm_source=ya_direct&utm_campaign={campaign_name}|{campaign_id}&utm_term={keyword}&utm_content=k50id|01000000{phrase_id}_{retargeting_id}|cid|{campaign_id}|gid|{gbid}|aid|{ad_id}|adp|{addphrases}|pos|{position_type}{position}|src|{source_type}_{source}|dvc|{device_type}|dop_0&k50id=01000000{phrase_id}_{retargeting_id}&cm_id={campaign_id}_{gbid}_{banner_id}_{phrase_id}_{retargeting_id}_{source}_{source_type}_{campaign_type}_{addphrases}_{device_type}_{position_type}_{region_id}&region={region_id}&region_name={region_name}&v=6,Смесители Hansgrohe на борт ванны. Подарки за покупку!,Смесители Hansgrohe на борт ванны. Бесплатная доставка. Переходите на сайт!,,,,,,,
https://hansgrohe-russia.ru/smesiteli/smesiteli-na-bort-vanny?utm_medium=cpc&utm_source=ya_direct&utm_campaign={campaign_name}|{campaign_id}&utm_term={keyword}&utm_content=k50id|01000000{phrase_id}_{retargeting_id}|cid|{campaign_id}|gid|{gbid}|aid|{ad_id}|adp|{addphrases}|pos|{position_type}{position}|src|{source_type}_{source}|dvc|{device_type}|dop_0&k50id=01000000{phrase_id}_{retargeting_id}&cm_id={campaign_id}_{gbid}_{banner_id}_{phrase_id}_{retargeting_id}_{source}_{source_type}_{campaign_type}_{addphrases}_{device_type}_{position_type}_{region_id}&region={region_id}&region_name={region_name}&v=7,Смесители Hansgrohe на борт ванны. Суперцены каждый день,Приобретайте смесители Hansgrohe на борт ванны с официальной гарантией.,,,,,,,
https://hansgrohe-russia.ru/smesiteli/smesiteli-na-bort-vanny?utm_medium=cpc&utm_source=ya_direct&utm_campaign={campaign_name}|{campaign_id}&utm_term={keyword}&utm_content=k50id|01000000{phrase_id}_{retargeting_id}|cid|{campaign_id}|gid|{gbid}|aid|{ad_id}|adp|{addphrases}|pos|{position_type}{position}|src|{source_type}_{source}|dvc|{device_type}|dop_0&k50id=01000000{phrase_id}_{retargeting_id}&cm_id={campaign_id}_{gbid}_{banner_id}_{phrase_id}_{retargeting_id}_{source}_{source_type}_{campaign_type}_{addphrases}_{device_type}_{position_type}_{region_id}&region={region_id}&region_name={region_name}&v=8,Смесители Hansgrohe на борт ванны. Оригинал!,Смесители Hansgrohe на борт ванны. Скидка 5% при предоплате. Покупайте!,,,,,,,
https://hansgrohe-russia.ru/smesiteli?utm_medium=cpc&utm_source=ya_direct&utm_campaign={campaign_name}|{campaign_id}&utm_term={keyword}&utm_content=k50id|01000000{phrase_id}_{retargeting_id}|cid|{campaign_id}|gid|{gbid}|aid|{ad_id}|adp|{addphrases}|pos|{position_type}{position}|src|{source_type}_{source}|dvc|{device_type}|dop_0&k50id=01000000{phrase_id}_{retargeting_id}&cm_id={campaign_id}_{gbid}_{banner_id}_{phrase_id}_{retargeting_id}_{source}_{source_type}_{campaign_type}_{addphrases}_{device_type}_{position_type}_{region_id}&region={region_id}&region_name={region_name}&v=77,Смесители Hansgrohe официальный сайт. Доставка по России,Покупай смесители на официальном сайте бренда Hansgrohe с гарантией производителя,,,,,,,
https://hansgrohe-russia.ru/smesiteli?utm_medium=cpc&utm_source=ya_direct&utm_campaign={campaign_name}|{campaign_id}&utm_term={keyword}&utm_content=k50id|01000000{phrase_id}_{retargeting_id}|cid|{campaign_id}|gid|{gbid}|aid|{ad_id}|adp|{addphrases}|pos|{position_type}{position}|src|{source_type}_{source}|dvc|{device_type}|dop_0&k50id=01000000{phrase_id}_{retargeting_id}&cm_id={campaign_id}_{gbid}_{banner_id}_{phrase_id}_{retargeting_id}_{source}_{source_type}_{campaign_type}_{addphrases}_{device_type}_{position_type}_{region_id}&region={region_id}&region_name={region_name}&v=78,Смесители Hansgrohe официальный сайт. Подарки за покупку,Официальный сайт смесителей Hansgrohe. Бесплатная доставка. Переходите на сайт!,,,,,,,
https://hansgrohe-russia.ru/smesiteli?utm_medium=cpc&utm_source=ya_direct&utm_campaign={campaign_name}|{campaign_id}&utm_term={keyword}&utm_content=k50id|01000000{phrase_id}_{retargeting_id}|cid|{campaign_id}|gid|{gbid}|aid|{ad_id}|adp|{addphrases}|pos|{position_type}{position}|src|{source_type}_{source}|dvc|{device_type}|dop_0&k50id=01000000{phrase_id}_{retargeting_id}&cm_id={campaign_id}_{gbid}_{banner_id}_{phrase_id}_{retargeting_id}_{source}_{source_type}_{campaign_type}_{addphrases}_{device_type}_{position_type}_{region_id}&region={region_id}&region_name={region_name}&v=79,Смесители Hansgrohe официальный сайт. Суперцены!,Приобретайте смесители Hansgrohe с официальной гарантией. Скидка 5% по предоплате.,,,,,,,
https://hansgrohe-russia.ru/smesiteli?utm_medium=cpc&utm_source=ya_direct&utm_campaign={campaign_name}|{campaign_id}&utm_term={keyword}&utm_content=k50id|01000000{phrase_id}_{retargeting_id}|cid|{campaign_id}|gid|{gbid}|aid|{ad_id}|adp|{addphrases}|pos|{position_type}{position}|src|{source_type}_{source}|dvc|{device_type}|dop_0&k50id=01000000{phrase_id}_{retargeting_id}&cm_id={campaign_id}_{gbid}_{banner_id}_{phrase_id}_{retargeting_id}_{source}_{source_type}_{campaign_type}_{addphrases}_{device_type}_{position_type}_{region_id}&region={region_id}&region_name={region_name}&v=80,Смесители Hansgrohe официальный сайт. Оригинал!,Официальный сайт смесителей Hansgrohe. Скидка 5% при предоплате. Покупайте!,,,,,,,
https://hansgrohe-russia.ru/smesiteli/termostaticheskie-smesiteli-dlya-vanny?utm_medium=cpc&utm_source=ya_direct&utm_campaign={campaign_name}|{campaign_id}&utm_term={keyword}&utm_content=k50id|01000000{phrase_id}_{retargeting_id}|cid|{campaign_id}|gid|{gbid}|aid|{ad_id}|adp|{addphrases}|pos|{position_type}{position}|src|{source_type}_{source}|dvc|{device_type}|dop_0&k50id=01000000{phrase_id}_{retargeting_id}&cm_id={campaign_id}_{gbid}_{banner_id}_{phrase_id}_{retargeting_id}_{source}_{source_type}_{campaign_type}_{addphrases}_{device_type}_{position_type}_{region_id}&region={region_id}&region_name={region_name}&v=9,Смесители Hansgrohe с термостатом. Доставка по России!,Покупайте смесители с термостатом от бренда Hansgrohe с гарантией производителя,,,,,,,
https://hansgrohe-russia.ru/smesiteli/termostaticheskie-smesiteli-dlya-vanny?utm_medium=cpc&utm_source=ya_direct&utm_campaign={campaign_name}|{campaign_id}&utm_term={keyword}&utm_content=k50id|01000000{phrase_id}_{retargeting_id}|cid|{campaign_id}|gid|{gbid}|aid|{ad_id}|adp|{addphrases}|pos|{position_type}{position}|src|{source_type}_{source}|dvc|{device_type}|dop_0&k50id=01000000{phrase_id}_{retargeting_id}&cm_id={campaign_id}_{gbid}_{banner_id}_{phrase_id}_{retargeting_id}_{source}_{source_type}_{campaign_type}_{addphrases}_{device_type}_{position_type}_{region_id}&region={region_id}&region_name={region_name}&v=10,Смесители Hansgrohe с термостатом. Подарки за покупку!,Смесители Hansgrohe с термостатом. Бесплатная доставка. Переходите на сайт!,,,,,,,
https://hansgrohe-russia.ru/smesiteli/termostaticheskie-smesiteli-dlya-vanny?utm_medium=cpc&utm_source=ya_direct&utm_campaign={campaign_name}|{campaign_id}&utm_term={keyword}&utm_content=k50id|01000000{phrase_id}_{retargeting_id}|cid|{campaign_id}|gid|{gbid}|aid|{ad_id}|adp|{addphrases}|pos|{position_type}{position}|src|{source_type}_{source}|dvc|{device_type}|dop_0&k50id=01000000{phrase_id}_{retargeting_id}&cm_id={campaign_id}_{gbid}_{banner_id}_{phrase_id}_{retargeting_id}_{source}_{source_type}_{campaign_type}_{addphrases}_{device_type}_{position_type}_{region_id}&region={region_id}&region_name={region_name}&v=11,Смесители Hansgrohe с термостатом. Суперцены каждый день,Приобретайте смесители Hansgrohe с термостатом с официальной гарантией.,,,,,,,
https://hansgrohe-russia.ru/smesiteli/termostaticheskie-smesiteli-dlya-vanny?utm_medium=cpc&utm_source=ya_direct&utm_campaign={campaign_name}|{campaign_id}&utm_term={keyword}&utm_content=k50id|01000000{phrase_id}_{retargeting_id}|cid|{campaign_id}|gid|{gbid}|aid|{ad_id}|adp|{addphrases}|pos|{position_type}{position}|src|{source_type}_{source}|dvc|{device_type}|dop_0&k50id=01000000{phrase_id}_{retargeting_id}&cm_id={campaign_id}_{gbid}_{banner_id}_{phrase_id}_{retargeting_id}_{source}_{source_type}_{campaign_type}_{addphrases}_{device_type}_{position_type}_{region_id}&region={region_id}&region_name={region_name}&v=12,Смесители Hansgrohe с термостатом. Оригинал!,Смесители Hansgrohe с термостатом. Скидка 5% при предоплате. Покупайте!,,,,,,,
https://hansgrohe-russia.ru/smesiteli/termostaticheskie-smesiteli-dlya-vanny?utm_medium=cpc&utm_source=ya_direct&utm_campaign={campaign_name}|{campaign_id}&utm_term={keyword}&utm_content=k50id|01000000{phrase_id}_{retargeting_id}|cid|{campaign_id}|gid|{gbid}|aid|{ad_id}|adp|{addphrases}|pos|{position_type}{position}|src|{source_type}_{source}|dvc|{device_type}|dop_0&k50id=01000000{phrase_id}_{retargeting_id}&cm_id={campaign_id}_{gbid}_{banner_id}_{phrase_id}_{retargeting_id}_{source}_{source_type}_{campaign_type}_{addphrases}_{device_type}_{position_type}_{region_id}&region={region_id}&region_name={region_name}&v=13,Смесители Hansgrohe с термостатом для ванны. Доставка 0р,Покупайте смесители с термостатом от бренда Hansgrohe с гарантией производителя,,,,,,,
https://hansgrohe-russia.ru/smesiteli/termostaticheskie-smesiteli-dlya-vanny?utm_medium=cpc&utm_source=ya_direct&utm_campaign={campaign_name}|{campaign_id}&utm_term={keyword}&utm_content=k50id|01000000{phrase_id}_{retargeting_id}|cid|{campaign_id}|gid|{gbid}|aid|{ad_id}|adp|{addphrases}|pos|{position_type}{position}|src|{source_type}_{source}|dvc|{device_type}|dop_0&k50id=01000000{phrase_id}_{retargeting_id}&cm_id={campaign_id}_{gbid}_{banner_id}_{phrase_id}_{retargeting_id}_{source}_{source_type}_{campaign_type}_{addphrases}_{device_type}_{position_type}_{region_id}&region={region_id}&region_name={region_name}&v=14,Смесители Hansgrohe с термостатом для ванны. Суперцены!,Приобретайте смесители Hansgrohe с термостатом с официальной гарантией.,,,,,,,
https://hansgrohe-russia.ru/smesiteli/termostaticheskie-smesiteli-dlya-vanny?utm_medium=cpc&utm_source=ya_direct&utm_campaign={campaign_name}|{campaign_id}&utm_term={keyword}&utm_content=k50id|01000000{phrase_id}_{retargeting_id}|cid|{campaign_id}|gid|{gbid}|aid|{ad_id}|adp|{addphrases}|pos|{position_type}{position}|src|{source_type}_{source}|dvc|{device_type}|dop_0&k50id=01000000{phrase_id}_{retargeting_id}&cm_id={campaign_id}_{gbid}_{banner_id}_{phrase_id}_{retargeting_id}_{source}_{source_type}_{campaign_type}_{addphrases}_{device_type}_{position_type}_{region_id}&region={region_id}&region_name={region_name}&v=15,Смесители Hansgrohe с термостатом для ванны. Оригинал!,Смесители Hansgrohe с термостатом для ванны. Скидка 5% при предоплате. Покупайте!,,,,,,,
https://hansgrohe-russia.ru/vstraivaemyy-montazh?utm_medium=cpc&utm_source=ya_direct&utm_campaign={campaign_name}|{campaign_id}&utm_term={keyword}&utm_content=k50id|01000000{phrase_id}_{retargeting_id}|cid|{campaign_id}|gid|{gbid}|aid|{ad_id}|adp|{addphrases}|pos|{position_type}{position}|src|{source_type}_{source}|dvc|{device_type}|dop_0&k50id=01000000{phrase_id}_{retargeting_id}&cm_id={campaign_id}_{gbid}_{banner_id}_{phrase_id}_{retargeting_id}_{source}_{source_type}_{campaign_type}_{addphrases}_{device_type}_{position_type}_{region_id}&region={region_id}&region_name={region_name}&v=17,Смесители Hansgrohe скрытого монтажа. Доставка по России,Покупай смесители скрытого монтажа от бренда Hansgrohe с гарантией производителя,,,,,,,
https://hansgrohe-russia.ru/vstraivaemyy-montazh?utm_medium=cpc&utm_source=ya_direct&utm_campaign={campaign_name}|{campaign_id}&utm_term={keyword}&utm_content=k50id|01000000{phrase_id}_{retargeting_id}|cid|{campaign_id}|gid|{gbid}|aid|{ad_id}|adp|{addphrases}|pos|{position_type}{position}|src|{source_type}_{source}|dvc|{device_type}|dop_0&k50id=01000000{phrase_id}_{retargeting_id}&cm_id={campaign_id}_{gbid}_{banner_id}_{phrase_id}_{retargeting_id}_{source}_{source_type}_{campaign_type}_{addphrases}_{device_type}_{position_type}_{region_id}&region={region_id}&region_name={region_name}&v=18,Смесители Hansgrohe скрытого монтажа. Подарки за покупку,Смесители Hansgrohe скрытого монтажа. Бесплатная доставка. Переходите на сайт!,,,,,,,
https://hansgrohe-russia.ru/vstraivaemyy-montazh?utm_medium=cpc&utm_source=ya_direct&utm_campaign={campaign_name}|{campaign_id}&utm_term={keyword}&utm_content=k50id|01000000{phrase_id}_{retargeting_id}|cid|{campaign_id}|gid|{gbid}|aid|{ad_id}|adp|{addphrases}|pos|{position_type}{position}|src|{source_type}_{source}|dvc|{device_type}|dop_0&k50id=01000000{phrase_id}_{retargeting_id}&cm_id={campaign_id}_{gbid}_{banner_id}_{phrase_id}_{retargeting_id}_{source}_{source_type}_{campaign_type}_{addphrases}_{device_type}_{position_type}_{region_id}&region={region_id}&region_name={region_name}&v=19,Смесители Hansgrohe скрытого монтажа. Суперцены!,Приобретайте смесители Hansgrohe скрытого монтажа с официальной гарантией.,,,,,,,
https://hansgrohe-russia.ru/vstraivaemyy-montazh?utm_medium=cpc&utm_source=ya_direct&utm_campaign={campaign_name}|{campaign_id}&utm_term={keyword}&utm_content=k50id|01000000{phrase_id}_{retargeting_id}|cid|{campaign_id}|gid|{gbid}|aid|{ad_id}|adp|{addphrases}|pos|{position_type}{position}|src|{source_type}_{source}|dvc|{device_type}|dop_0&k50id=01000000{phrase_id}_{retargeting_id}&cm_id={campaign_id}_{gbid}_{banner_id}_{phrase_id}_{retargeting_id}_{source}_{source_type}_{campaign_type}_{addphrases}_{device_type}_{position_type}_{region_id}&region={region_id}&region_name={region_name}&v=20,Смесители Hansgrohe скрытого монтажа. Оригинал!,Смесители Hansgrohe скрытого монтажа. Скидка 5% при предоплате. Покупайте!,,,,,,,
https://hansgrohe-russia.ru/smesiteli/smesiteli-dlya-vanny/smesitel-hansgrohe-logis-universal-nyj-71402000?utm_medium=cpc&utm_source=ya_direct&utm_campaign={campaign_name}|{campaign_id}&utm_term={keyword}&utm_content=k50id|01000000{phrase_id}_{retargeting_id}|cid|{campaign_id}|gid|{gbid}|aid|{ad_id}|adp|{addphrases}|pos|{position_type}{position}|src|{source_type}_{source}|dvc|{device_type}|dop_0&k50id=01000000{phrase_id}_{retargeting_id}&cm_id={campaign_id}_{gbid}_{banner_id}_{phrase_id}_{retargeting_id}_{source}_{source_type}_{campaign_type}_{addphrases}_{device_type}_{position_type}_{region_id}&region={region_id}&region_name={region_name}&v=1,Смеситель Hansgrohe для ванны с длинным изливом.,Покупай смесители с длинным изливом от бренда Hansgrohe с гарантией производителя,,,,,,,
https://hansgrohe-russia.ru/smesiteli/smesiteli-dlya-vanny/smesitel-hansgrohe-logis-universal-nyj-71402000?utm_medium=cpc&utm_source=ya_direct&utm_campaign={campaign_name}|{campaign_id}&utm_term={keyword}&utm_content=k50id|01000000{phrase_id}_{retargeting_id}|cid|{campaign_id}|gid|{gbid}|aid|{ad_id}|adp|{addphrases}|pos|{position_type}{position}|src|{source_type}_{source}|dvc|{device_type}|dop_0&k50id=01000000{phrase_id}_{retargeting_id}&cm_id={campaign_id}_{gbid}_{banner_id}_{phrase_id}_{retargeting_id}_{source}_{source_type}_{campaign_type}_{addphrases}_{device_type}_{position_type}_{region_id}&region={region_id}&region_name={region_name}&v=2,Смеситель Hansgrohe с длинным изливом. Подарки клиентам!,Смеситель Hansgrohe с длинным изливом. Бесплатная доставка. Переходите на сайт!,,,,,,,
https://hansgrohe-russia.ru/smesiteli/smesiteli-dlya-vanny/smesitel-hansgrohe-logis-universal-nyj-71402000?utm_medium=cpc&utm_source=ya_direct&utm_campaign={campaign_name}|{campaign_id}&utm_term={keyword}&utm_content=k50id|01000000{phrase_id}_{retargeting_id}|cid|{campaign_id}|gid|{gbid}|aid|{ad_id}|adp|{addphrases}|pos|{position_type}{position}|src|{source_type}_{source}|dvc|{device_type}|dop_0&k50id=01000000{phrase_id}_{retargeting_id}&cm_id={campaign_id}_{gbid}_{banner_id}_{phrase_id}_{retargeting_id}_{source}_{source_type}_{campaign_type}_{addphrases}_{device_type}_{position_type}_{region_id}&region={region_id}&region_name={region_name}&v=3,Смеситель Hansgrohe с длинным изливом. Суперцены!,Приобретайте смеситель Hansgrohe с длинным изливом с официальной гарантией.,,,,,,,
https://hansgrohe-russia.ru/smesiteli/smesiteli-dlya-vanny/smesitel-hansgrohe-logis-universal-nyj-71402000?utm_medium=cpc&utm_source=ya_direct&utm_campaign={campaign_name}|{campaign_id}&utm_term={keyword}&utm_content=k50id|01000000{phrase_id}_{retargeting_id}|cid|{campaign_id}|gid|{gbid}|aid|{ad_id}|adp|{addphrases}|pos|{position_type}{position}|src|{source_type}_{source}|dvc|{device_type}|dop_0&k50id=01000000{phrase_id}_{retargeting_id}&cm_id={campaign_id}_{gbid}_{banner_id}_{phrase_id}_{retargeting_id}_{source}_{source_type}_{campaign_type}_{addphrases}_{device_type}_{position_type}_{region_id}&region={region_id}&region_name={region_name}&v=4,Смеситель Hansgrohe с длинным изливом. Оригинал!,Смеситель Hansgrohe с длинным изливом. Скидка 5% при предоплате. Покупайте!,,,,,,,
https://hansgrohe-russia.ru/smesiteli/smesiteli-dlya-vanny/smesitel-hansgrohe-logis-universal-nyj-71402000?utm_medium=cpc&utm_source=ya_direct&utm_campaign={campaign_name}|{campaign_id}&utm_term={keyword}&utm_content=k50id|01000000{phrase_id}_{retargeting_id}|cid|{campaign_id}|gid|{gbid}|aid|{ad_id}|adp|{addphrases}|pos|{position_type}{position}|src|{source_type}_{source}|dvc|{device_type}|dop_0&k50id=01000000{phrase_id}_{retargeting_id}&cm_id={campaign_id}_{gbid}_{banner_id}_{phrase_id}_{retargeting_id}_{source}_{source_type}_{campaign_type}_{addphrases}_{device_type}_{position_type}_{region_id}&region={region_id}&region_name={region_name}&v=5,Смеситель Hansgrohe с длинным изливом. Доставка 0 руб.,Покупай смесители с длинным изливом от бренда Hansgrohe с гарантией производителя,,,,,,,
https://hansgrohe-russia.ru/smesiteli/termostaticheskie-smesiteli-dlya-vanny?utm_medium=cpc&utm_source=ya_direct&utm_campaign={campaign_name}|{campaign_id}&utm_term={keyword}&utm_content=k50id|01000000{phrase_id}_{retargeting_id}|cid|{campaign_id}|gid|{gbid}|aid|{ad_id}|adp|{addphrases}|pos|{position_type}{position}|src|{source_type}_{source}|dvc|{device_type}|dop_0&k50id=01000000{phrase_id}_{retargeting_id}&cm_id={campaign_id}_{gbid}_{banner_id}_{phrase_id}_{retargeting_id}_{source}_{source_type}_{campaign_type}_{addphrases}_{device_type}_{position_type}_{region_id}&region={region_id}&region_name={region_name}&v=16,Термостатические смесители Hansgrohe. Доставка по России,Покупай термостатические смесители от бренда Hansgrohe с гарантией производителя,,,,,,,
https://hansgrohe-russia.ru/smesiteli/termostaticheskie-smesiteli-dlya-vanny?utm_medium=cpc&utm_source=ya_direct&utm_campaign={campaign_name}|{campaign_id}&utm_term={keyword}&utm_content=k50id|01000000{phrase_id}_{retargeting_id}|cid|{campaign_id}|gid|{gbid}|aid|{ad_id}|adp|{addphrases}|pos|{position_type}{position}|src|{source_type}_{source}|dvc|{device_type}|dop_0&k50id=01000000{phrase_id}_{retargeting_id}&cm_id={campaign_id}_{gbid}_{banner_id}_{phrase_id}_{retargeting_id}_{source}_{source_type}_{campaign_type}_{addphrases}_{device_type}_{position_type}_{region_id}&region={region_id}&region_name={region_name}&v=17,Термостатические смесители Hansgrohe. Подарки за покупку,Термостатические смесители Hansgrohe. Бесплатная доставка. Переходите на сайт!,,,,,,,
https://hansgrohe-russia.ru/smesiteli/termostaticheskie-smesiteli-dlya-vanny?utm_medium=cpc&utm_source=ya_direct&utm_campaign={campaign_name}|{campaign_id}&utm_term={keyword}&utm_content=k50id|01000000{phrase_id}_{retargeting_id}|cid|{campaign_id}|gid|{gbid}|aid|{ad_id}|adp|{addphrases}|pos|{position_type}{position}|src|{source_type}_{source}|dvc|{device_type}|dop_0&k50id=01000000{phrase_id}_{retargeting_id}&cm_id={campaign_id}_{gbid}_{banner_id}_{phrase_id}_{retargeting_id}_{source}_{source_type}_{campaign_type}_{addphrases}_{device_type}_{position_type}_{region_id}&region={region_id}&region_name={region_name}&v=18,Термостатические смесители Hansgrohe. Суперцены!,Приобретайте термостатические смесители Hansgrohe с официальной гарантией.,,,,,,,
https://hansgrohe-russia.ru/smesiteli/termostaticheskie-smesiteli-dlya-vanny?utm_medium=cpc&utm_source=ya_direct&utm_campaign={campaign_name}|{campaign_id}&utm_term={keyword}&utm_content=k50id|01000000{phrase_id}_{retargeting_id}|cid|{campaign_id}|gid|{gbid}|aid|{ad_id}|adp|{addphrases}|pos|{position_type}{position}|src|{source_type}_{source}|dvc|{device_type}|dop_0&k50id=01000000{phrase_id}_{retargeting_id}&cm_id={campaign_id}_{gbid}_{banner_id}_{phrase_id}_{retargeting_id}_{source}_{source_type}_{campaign_type}_{addphrases}_{device_type}_{position_type}_{region_id}&region={region_id}&region_name={region_name}&v=19,Термостатические смесители Hansgrohe. Оригинал!,Термостатические смесители Hansgrohe. Скидка 5% при предоплате. Покупайте!,,,,,,,
