Url,Title,Description,Offer minimal price,Currency,Image url 1,Image url 2,Image url 3,Image url 4,Image url 5
https://hansgrohe-russia.ru/kollektsii/finoris?v=1,Смесители Hansrohe Finoris. Официальный интернет-магазин,Сантехника Hansgrohe в официальном магазине. Гарантия до 5 лет. Доставка - 0 ₽!,,,,,,,
https://hansgrohe-russia.ru/smesiteli?v=1,Смесители Hansgrohe Select. Официальный интернет-магазин,Сантехника Hansgrohe в официальном магазине. Гарантия до 5 лет. Доставка - 0 ₽!,,,,,,,
https://hansgrohe-russia.ru/smesiteli/shopby/hg_kollektsii-talis_select_e?v=1#catalog,Смесители Hansgrohe Select E. Официальный магазин,Сантехника Hansgrohe в официальном магазине. Гарантия до 5 лет. Доставка - 0 ₽!,,,,,,,
https://hansgrohe-russia.ru/kollektsii/talis-1?v=1,Смесители Hansgrohe Talis Classic. Официальный магазин,Сантехника Hansgrohe в официальном магазине. Гарантия до 5 лет. Доставка - 0 ₽!,,,,,,,
https://hansgrohe-russia.ru/kollektsii/talis-1?v=2,Смесители Hansgrohe Talis. Официальный интернет-магазин,Сантехника Hansgrohe в официальном магазине. Гарантия до 5 лет. Доставка - 0 ₽!,,,,,,,
https://hansgrohe-russia.ru/kollektsii/vernis/shopby/hg_kollektsii-vernis_blend?v=1#catalog,Смесители Hansgrohe Vernis Blend. Официальный магазин,Сантехника Hansgrohe в официальном магазине. Гарантия до 5 лет. Доставка - 0 ₽!,,,,,,,
https://hansgrohe-russia.ru/kollektsii/vernis?v=1,Смесители Hansgrohe Vernis. Официальный интернет-магазин,Сантехника Hansgrohe в официальном магазине. Гарантия до 5 лет. Доставка - 0 ₽!,,,,,,,
https://hansgrohe-russia.ru/kollektsii/vernis/shopby/hg_poverkhnost-matovyy_chernyy-chernyy_matovyy?v=1#catalog,Смесители Hansrohe Vernis черного цвета,Сантехника Hansgrohe в официальном магазине. Гарантия до 5 лет. Доставка - 0 ₽!,,,,,,,
https://hansgrohe-russia.ru/kollektsii/vernis/shopby/hg_kollektsii-vernis_shape?v=1#catalog,Смесители Hansgrohe Vernis Shape. Официальный магазин,Сантехника Hansgrohe в официальном магазине. Гарантия до 5 лет. Доставка - 0 ₽!,,,,,,,
https://hansgrohe-russia.ru/kollektsii/vivenis?v=1,Смесители Hansgrohe Vivenis,Сантехника Hansgrohe в официальном магазине. Гарантия до 5 лет. Доставка - 0 ₽!,,,,,,,
https://hansgrohe-russia.ru/smesiteli/shopby/hg_montazh-nastennyy?v=1#catalog,Настенные смесители Hansgrohe. Официальный магазин,Сантехника Hansgrohe в официальном магазине. Гарантия до 5 лет. Доставка - 0 ₽!,,,,,,,
https://hansgrohe-russia.ru/?v=1,Hansgrohe для раковины. Официальный интернет-магазин,Сантехника Hansgrohe в официальном магазине. Гарантия до 5 лет. Доставка - 0 ₽!,,,,,,,
https://hansgrohe-russia.ru/dushevaya-programma/dushevye-sistemy?v=1,Душевые системы для ванны Hansgrohe. Официальный магазин,Сантехника Hansgrohe в официальном магазине. Гарантия до 5 лет. Доставка - 0 ₽!,,,,,,,
https://hansgrohe-russia.ru/kollektsii/aquno-select-m81?v=1,Смесители Hansgrohe Aquno Select. Официальный магазин,Сантехника Hansgrohe в официальном магазине. Гарантия до 5 лет. Доставка - 0 ₽!,,,,,,,
https://hansgrohe-russia.ru/kollektsii/aquno-select-m81?v=2,Смесители Hansgrohe Aquno Select M81,Сантехника Hansgrohe в официальном магазине. Гарантия до 5 лет. Доставка - 0 ₽!,,,,,,,
https://hansgrohe-russia.ru/kollektsii/croma-1?v=1,Смесители Hansgrohe Croma. Официальный интернет-магазин,Сантехника Hansgrohe в официальном магазине. Гарантия до 5 лет. Доставка - 0 ₽!,,,,,,,
https://hansgrohe-russia.ru/kollektsii/ecostat-1?v=1,Смесители для ванны Hansgrohe Ecostat. Официальный сайт,Сантехника Hansgrohe в официальном магазине. Гарантия до 5 лет. Доставка - 0 ₽!,,,,,,,
https://hansgrohe-russia.ru/kollektsii/ecostat-1?v=2,Смесители для душа Hansgrohe Ecostat,Сантехника Hansgrohe в официальном магазине. Гарантия до 5 лет. Доставка - 0 ₽!,,,,,,,
https://hansgrohe-russia.ru/kollektsii/ecostat-1?v=3,Смесители с термостатом Hansgrohe Ecostat. Доставка 0₽,Сантехника Hansgrohe в официальном магазине. Гарантия до 5 лет. Доставка - 0 ₽!,,,,,,,
https://hansgrohe-russia.ru/kollektsii/ecostat-1?v=4,Смесители Hansgrohe Ecos. Официальный интернет-магазин,Сантехника Hansgrohe в официальном магазине. Гарантия до 5 лет. Доставка - 0 ₽!,,,,,,,
https://hansgrohe-russia.ru/kollektsii/ecostat-1?v=5,Смесители Hansgrohe Ecostat,Сантехника Hansgrohe в официальном магазине. Гарантия до 5 лет. Доставка - 0 ₽!,,,,,,,
https://hansgrohe-russia.ru/kollektsii/ecostat-1/shopby/hg_kollektsii-ecostat_comfort?v=1#catalog,Смесители Hansgrohe Ecostat Comfort. Официальный магазин,Сантехника Hansgrohe в официальном магазине. Гарантия до 5 лет. Доставка - 0 ₽!,,,,,,,
https://hansgrohe-russia.ru/kollektsii/ecostat-1/shopby/hg_kollektsii-ecostat_e?v=1#catalog,Смесители Hansgrohe Ecostat E. Официальный магазин,Сантехника Hansgrohe в официальном магазине. Гарантия до 5 лет. Доставка - 0 ₽!,,,,,,,
https://hansgrohe-russia.ru/kollektsii/focus?v=1,Краны Hansgrohe Focus. Официальный интернет-магазин,Сантехника Hansgrohe в официальном магазине. Гарантия до 5 лет. Доставка - 0 ₽!,,,,,,,
https://hansgrohe-russia.ru/kollektsii/focus?v=2,Смесители Hansgrohe Focus. Официальный интернет-магазин,Сантехника Hansgrohe в официальном магазине. Гарантия до 5 лет. Доставка - 0 ₽!,,,,,,,
https://hansgrohe-russia.ru/kollektsii/focus?v=3,Смесители Hansgrohe Focus E,Сантехника Hansgrohe в официальном магазине. Гарантия до 5 лет. Доставка - 0 ₽!,,,,,,,
https://hansgrohe-russia.ru/kollektsii/focus?v=4,Смесители Hansgrohe Focus E2. Официальный магазин,Сантехника Hansgrohe в официальном магазине. Гарантия до 5 лет. Доставка - 0 ₽!,,,,,,,
https://hansgrohe-russia.ru/kollektsii/focus?v=5,Смесители Hansgrohe Focus S,Сантехника Hansgrohe в официальном магазине. Гарантия до 5 лет. Доставка - 0 ₽!,,,,,,,
https://hansgrohe-russia.ru/kollektsii/focus-m41?v=1,Смесители Hansgrohe Focus M41. Официальный магазин,Сантехника Hansgrohe в официальном магазине. Гарантия до 5 лет. Доставка - 0 ₽!,,,,,,,
https://hansgrohe-russia.ru/kollektsii/focus/shopby/hg_tip-smesiteli_dlya_dusha?v=1#catalog,Смесители для душа Hansgrohe Focus. Официальный магазин,Сантехника Hansgrohe в официальном магазине. Гарантия до 5 лет. Доставка - 0 ₽!,,,,,,,
https://hansgrohe-russia.ru/kollektsii/focus/shopby/hg_tip-smesiteli_dlya_dusha?v=2#catalog,Смесители для душа Hansgrohe Focus E2. Официальный сайт,Сантехника Hansgrohe в официальном магазине. Гарантия до 5 лет. Доставка - 0 ₽!,,,,,,,
https://hansgrohe-russia.ru/kollektsii/focus/shopby/hg_tip-smesiteli_dlya_dusha?v=3#catalog,Смесители для душа Hansgrohe Focus Logis. Доставка 0₽,Сантехника Hansgrohe в официальном магазине. Гарантия до 5 лет. Доставка - 0 ₽!,,,,,,,
https://hansgrohe-russia.ru/kollektsii/focus/shopby/hg_tip-smesiteli_dlya_rakoviny?v=1#catalog,Смесители для раковины Hansgrohe Focus. Официальный сайт,Сантехника Hansgrohe в официальном магазине. Гарантия до 5 лет. Доставка - 0 ₽!,,,,,,,
https://hansgrohe-russia.ru/kollektsii/focus/shopby/hg_tip-smesiteli_dlya_rakoviny?v=2#catalog,Смесители для раковины Hansgrohe Focus E2. Доставка 0₽,Сантехника Hansgrohe в официальном магазине. Гарантия до 5 лет. Доставка - 0 ₽!,,,,,,,
https://hansgrohe-russia.ru/kollektsii/focus/shopby/hg_tip-smesiteli_dlya_vanny?v=1#catalog,Смесители для ванны Hansgrohe Focus. Официальный магазин,Сантехника Hansgrohe в официальном магазине. Гарантия до 5 лет. Доставка - 0 ₽!,,,,,,,
https://hansgrohe-russia.ru/kollektsii/focus/shopby/hg_tip-smesiteli_dlya_vanny?v=2#catalog,Смесители для ванны Hansgrohe Focus E2. Официальный сайт,Сантехника Hansgrohe в официальном магазине. Гарантия до 5 лет. Доставка - 0 ₽!,,,,,,,
https://hansgrohe-russia.ru/kollektsii/logis-1?v=1,Комплект смесителей Hansgrohe Logis. Официальный магазин,Сантехника Hansgrohe в официальном магазине. Гарантия до 5 лет. Доставка - 0 ₽!,,,,,,,
https://hansgrohe-russia.ru/kollektsii/logis-1?v=2,Набор смесителей Hansgrohe Logis. Официальный магазин,Сантехника Hansgrohe в официальном магазине. Гарантия до 5 лет. Доставка - 0 ₽!,,,,,,,
https://hansgrohe-russia.ru/kollektsii/logis-1?v=3,Смесители Hansgrohe Logis. Официальный интернет-магазин,Сантехника Hansgrohe в официальном магазине. Гарантия до 5 лет. Доставка - 0 ₽!,,,,,,,
https://hansgrohe-russia.ru/kollektsii/logis-1?v=4,Смесители Hansgrohe Logis 100. Официальный магазин,Сантехника Hansgrohe в официальном магазине. Гарантия до 5 лет. Доставка - 0 ₽!,,,,,,,
https://hansgrohe-russia.ru/kollektsii/logis-1?v=5,Смесители Hansgrohe Logis 70. Официальный магазин,Сантехника Hansgrohe в официальном магазине. Гарантия до 5 лет. Доставка - 0 ₽!,,,,,,,
https://hansgrohe-russia.ru/kollektsii/logis-1?v=6,Смесители Hansgrohe Logis Fine. Официальный магазин,Сантехника Hansgrohe в официальном магазине. Гарантия до 5 лет. Доставка - 0 ₽!,,,,,,,
https://hansgrohe-russia.ru/kollektsii/logis-1?v=7,Смесители Hansrohe Logis 100. Официальный магазин,Сантехника Hansgrohe в официальном магазине. Гарантия до 5 лет. Доставка - 0 ₽!,,,,,,,
https://hansgrohe-russia.ru/kollektsii/logis-1/shopby/hg_kollektsii-logis_e?v=1#catalog,Смесители Hansgrohe Logis E,Сантехника Hansgrohe в официальном магазине. Гарантия до 5 лет. Доставка - 0 ₽!,,,,,,,
https://hansgrohe-russia.ru/kollektsii/logis-1/shopby/hg_kollektsii-logis_loop?v=1#catalog,Смесители Hansgrohe Logis Loop. Официальный магазин,Сантехника Hansgrohe в официальном магазине. Гарантия до 5 лет. Доставка - 0 ₽!,,,,,,,
https://hansgrohe-russia.ru/kollektsii/logis-1/shopby/hg_tip-smesiteli_dlya_rakoviny?v=1,Смесители для раковины Hansgrohe Logis Fine. Доставка 0₽,Сантехника Hansgrohe в официальном магазине. Гарантия до 5 лет. Доставка - 0 ₽!,,,,,,,
https://hansgrohe-russia.ru/kollektsii/logis-1/shopby/hg_tip-smesiteli_dlya_rakoviny/hg_kollektsii-logis_e?v=1#catalog,Смесители для раковины Hansgrohe Logis E. Доставка 0₽,Сантехника Hansgrohe в официальном магазине. Гарантия до 5 лет. Доставка - 0 ₽!,,,,,,,
https://hansgrohe-russia.ru/kollektsii/logis-1/shopby/hg_tip-smesiteli_dlya_rakoviny?v=1#catalog,Смесители для раковины Hansgrohe Logis. Официальный сайт,Сантехника Hansgrohe в официальном магазине. Гарантия до 5 лет. Доставка - 0 ₽!,,,,,,,
https://hansgrohe-russia.ru/kollektsii/logis-1/shopby/hg_tip-smesiteli_dlya_rakoviny?v=2#catalog,Смесители для раковины Hansgrohe Logis 100. Доставка 0₽,Сантехника Hansgrohe в официальном магазине. Гарантия до 5 лет. Доставка - 0 ₽!,,,,,,,
https://hansgrohe-russia.ru/kollektsii/logis-1/shopby/hg_tip-smesiteli_dlya_rakoviny?v=3#catalog,Смесители для умывальника Hansgrohe Logis. Доставка 0₽,Сантехника Hansgrohe в официальном магазине. Гарантия до 5 лет. Доставка - 0 ₽!,,,,,,,
https://hansgrohe-russia.ru/kollektsii/logis-1/shopby/hg_tip-smesiteli_dlya_vanny/hg_kollektsii-logis_e?v=1#catalog,Смесители для ванны Hansgrohe Logis E. Официальный сайт,Сантехника Hansgrohe в официальном магазине. Гарантия до 5 лет. Доставка - 0 ₽!,,,,,,,
https://hansgrohe-russia.ru/kollektsii/logis-1/shopby/hg_tip-smesiteli_dlya_vanny?v=1#catalog,Смесители для ванны Hansgrohe Logis. Официальный магазин,Сантехника Hansgrohe в официальном магазине. Гарантия до 5 лет. Доставка - 0 ₽!,,,,,,,
https://hansgrohe-russia.ru/kollektsii/logis-1/shopby/hg_tip-smesiteli_dlya_vanny?v=2#catalog,Смесители для ванны Hansgrohe Logis хромированный,Сантехника Hansgrohe в официальном магазине. Гарантия до 5 лет. Доставка - 0 ₽!,,,,,,,
https://hansgrohe-russia.ru/kollektsii/metris-1?v=1,Смесители Hansgrohe Metris. Официальный интернет-магазин,Сантехника Hansgrohe в официальном магазине. Гарантия до 5 лет. Доставка - 0 ₽!,,,,,,,
https://hansgrohe-russia.ru/kollektsii/metris-1/shopby/hg_kollektsii-metris_classic?v=1#catalog,Смесители Hansgrohe Metris Classic. Официальный магазин,Сантехника Hansgrohe в официальном магазине. Гарантия до 5 лет. Доставка - 0 ₽!,,,,,,,
https://hansgrohe-russia.ru/kollektsii/metris-1/shopby/hg_kollektsii-metris_s?v=1#catalog,Смесители Hansgrohe Metris S. Официальный магазин,Сантехника Hansgrohe в официальном магазине. Гарантия до 5 лет. Доставка - 0 ₽!,,,,,,,
https://hansgrohe-russia.ru/kollektsii/metris-1/shopby/hg_tip-smesiteli_dlya_dusha?v=1#catalog,Смесители для душа Hansgrohe Metris. Официальный магазин,Сантехника Hansgrohe в официальном магазине. Гарантия до 5 лет. Доставка - 0 ₽!,,,,,,,
https://hansgrohe-russia.ru/kollektsii/metris-1/shopby/hg_tip-smesiteli_dlya_rakoviny-smesiteli_dlya_kuhonnoy_moyki/hg_kollektsii-metris_s?v=1#catalog,Смесители для раковины Hansgrohe Metris S. Доставка 0₽,Сантехника Hansgrohe в официальном магазине. Гарантия до 5 лет. Доставка - 0 ₽!,,,,,,,
https://hansgrohe-russia.ru/kollektsii/metris-1/shopby/hg_tip-smesiteli_dlya_rakoviny-smesiteli_dlya_kuhonnoy_moyki?v=1#catalog,Смесители для раковины Hansgrohe Metris,Сантехника Hansgrohe в официальном магазине. Гарантия до 5 лет. Доставка - 0 ₽!,,,,,,,
https://hansgrohe-russia.ru/kollektsii/metris-1/shopby/hg_tip-smesiteli_dlya_vanny/hg_kollektsii-metris_s?v=1#catalog,Смесители для ванны Hansgrohe Metris S. Официальный сайт,Сантехника Hansgrohe в официальном магазине. Гарантия до 5 лет. Доставка - 0 ₽!,,,,,,,
https://hansgrohe-russia.ru/kollektsii/metris-1/shopby/hg_tip-smesiteli_dlya_vanny?v=1#catalog,Смесители для ванны Hansgrohe Metris,Сантехника Hansgrohe в официальном магазине. Гарантия до 5 лет. Доставка - 0 ₽!,,,,,,,
https://hansgrohe-russia.ru/kollektsii/metropol?v=1,Смесители Hansgrohe Metropol. Официальный магазин,Сантехника Hansgrohe в официальном магазине. Гарантия до 5 лет. Доставка - 0 ₽!,,,,,,,
https://hansgrohe-russia.ru/kollektsii/metropol/shopby/hg_kollektsii-metropol_classic?v=1#catalog,Смесители Hansgrohe Metropol Classic,Сантехника Hansgrohe в официальном магазине. Гарантия до 5 лет. Доставка - 0 ₽!,,,,,,,
https://hansgrohe-russia.ru/kollektsii/metropol/shopby/hg_tip-smesiteli_dlya_rakoviny?v=1#catalog,Смесители для раковины Hansgrohe Metropol. Доставка 0₽,Сантехника Hansgrohe в официальном магазине. Гарантия до 5 лет. Доставка - 0 ₽!,,,,,,,
https://hansgrohe-russia.ru/kollektsii/metropol/shopby/hg_tip-smesiteli_dlya_vanny?v=1#catalog,Смесители для ванны Hansgrohe Metropol. Официальный сайт,Сантехника Hansgrohe в официальном магазине. Гарантия до 5 лет. Доставка - 0 ₽!,,,,,,,
https://hansgrohe-russia.ru/kollektsii/novus?v=1,Смесители Hansgrohe Novus. Официальный интернет-магазин,Сантехника Hansgrohe в официальном магазине. Гарантия до 5 лет. Доставка - 0 ₽!,,,,,,,
https://hansgrohe-russia.ru/kollektsii/novus/shopby/hg_tip-smesiteli_dlya_rakoviny?v=1#catalog,Смесители для раковины Hansgrohe Novus. Официальный сайт,Сантехника Hansgrohe в официальном магазине. Гарантия до 5 лет. Доставка - 0 ₽!,,,,,,,
https://hansgrohe-russia.ru/kollektsii/novus/shopby/hg_tip-smesiteli_dlya_vanny?v=1#catalog,Смесители для ванны Hansgrohe Novus. Официальный магазин,Сантехника Hansgrohe в официальном магазине. Гарантия до 5 лет. Доставка - 0 ₽!,,,,,,,
https://hansgrohe-russia.ru/kollektsii/puravida?v=1,Смесители Hansgrohe Puravida. Официальный магазин,Сантехника Hansgrohe в официальном магазине. Гарантия до 5 лет. Доставка - 0 ₽!,,,,,,,
https://hansgrohe-russia.ru/kollektsii/puravida/shopby/hg_tip-smesiteli_dlya_rakoviny?v=1#catalog,Смесители для раковины Hansgrohe Puravida. Доставка 0₽,Сантехника Hansgrohe в официальном магазине. Гарантия до 5 лет. Доставка - 0 ₽!,,,,,,,
https://hansgrohe-russia.ru/kollektsii/puravida/shopby/hg_tip-smesiteli_dlya_vanny?v=1#catalog,Смесители для ванны Hansgrohe Puravida. Официальный сайт,Сантехника Hansgrohe в официальном магазине. Гарантия до 5 лет. Доставка - 0 ₽!,,,,,,,
https://hansgrohe-russia.ru/kollektsii/raindance/shopby/hg_tip-dushevye_sistemy?v=1#catalog,Смесители Hansgrohe Raindance. Официальный магазин,Сантехника Hansgrohe в официальном магазине. Гарантия до 5 лет. Доставка - 0 ₽!,,,,,,,
https://hansgrohe-russia.ru/kollektsii/talis-m51?v=1,Смесители Hansgrohe Talis M51. Официальный магазин,Сантехника Hansgrohe в официальном магазине. Гарантия до 5 лет. Доставка - 0 ₽!,,,,,,,
https://hansgrohe-russia.ru/kollektsii/talis-m54?v=1,Смесители Hansgrohe M54. Официальный интернет-магазин,Сантехника Hansgrohe в официальном магазине. Гарантия до 5 лет. Доставка - 0 ₽!,,,,,,,
https://hansgrohe-russia.ru/kollektsii/talis-m54?v=2,Смесители Hansgrohe Talis M54. Официальный магазин,Сантехника Hansgrohe в официальном магазине. Гарантия до 5 лет. Доставка - 0 ₽!,,,,,,,
https://hansgrohe-russia.ru/kollektsii/vernis/shopby/hg_kollektsii-vernis_blend/hg_tip-smesiteli_dlya_dusha?v=1#catalog,Смесители для душа Hansgrohe Vernis Blend. Доставка 0₽,Сантехника Hansgrohe в официальном магазине. Гарантия до 5 лет. Доставка - 0 ₽!,,,,,,,
https://hansgrohe-russia.ru/kollektsii/vernis/shopby/hg_kollektsii-vernis_blend/hg_tip-smesiteli_dlya_rakoviny?v=1#catalog,Смесители для раковины Hansgrohe Vernis Blend,Сантехника Hansgrohe в официальном магазине. Гарантия до 5 лет. Доставка - 0 ₽!,,,,,,,
https://hansgrohe-russia.ru/kollektsii/vernis/shopby/hg_tip-smesiteli_dlya_rakoviny?v=1,Смесители для раковины Hansgrohe Vernis,Сантехника Hansgrohe в официальном магазине. Гарантия до 5 лет. Доставка - 0 ₽!,,,,,,,
https://hansgrohe-russia.ru/kollektsii/vernis/shopby/hg_tip-smesiteli_dlya_rakoviny?v=2,Смесители для раковины Hansgrohe Vernis 100. Доставка 0₽,Сантехника Hansgrohe в официальном магазине. Гарантия до 5 лет. Доставка - 0 ₽!,,,,,,,
https://hansgrohe-russia.ru/kollektsii/vernis/shopby/hg_tip-smesiteli_dlya_rakoviny?v=3,Смесители для раковины Hansgrohe Vernis 70. Доставка 0₽,Сантехника Hansgrohe в официальном магазине. Гарантия до 5 лет. Доставка - 0 ₽!,,,,,,,
https://hansgrohe-russia.ru/kollektsii/vernis/shopby/hg_tip-smesiteli_dlya_rakoviny/hg_kollektsii-vernis_shape?v=1#catalog,Смесители для раковины Hansgrohe Vernis Shape,Сантехника Hansgrohe в официальном магазине. Гарантия до 5 лет. Доставка - 0 ₽!,,,,,,,
https://hansgrohe-russia.ru/kollektsii/vernis/shopby/hg_tip-smesiteli_dlya_vanny/hg_kollektsii-vernis_blend?v=1#catalog,Смесители для ванны Hansgrohe Vernis Bland. Доставка 0₽,Сантехника Hansgrohe в официальном магазине. Гарантия до 5 лет. Доставка - 0 ₽!,,,,,,,
https://hansgrohe-russia.ru/kollektsii/vernis/shopby/hg_tip-smesiteli_dlya_vanny?v=1#catalog,Смесители для ванны Hansgrohe Vernis,Сантехника Hansgrohe в официальном магазине. Гарантия до 5 лет. Доставка - 0 ₽!,,,,,,,
https://hansgrohe-russia.ru/kollektsii/vivenis/shopby/hg_tip-smesiteli_dlya_rakoviny?v=1#catalog,Смесители для раковины Hansgrohe Vivenis. Доставка 0₽,Сантехника Hansgrohe в официальном магазине. Гарантия до 5 лет. Доставка - 0 ₽!,,,,,,,
https://hansgrohe-russia.ru/kollektsii/vivenis/shopby/hg_tip-smesiteli_dlya_vanny?v=1#catalog,Смесители для ванны Hansgrohe Vivenis. Официальный сайт,Сантехника Hansgrohe в официальном магазине. Гарантия до 5 лет. Доставка - 0 ₽!,,,,,,,
https://hansgrohe-russia.ru/kollektsii/zesis-m33?v=1,Смесители Hansgrohe Zesis M33. Официальный магазин,Сантехника Hansgrohe в официальном магазине. Гарантия до 5 лет. Доставка - 0 ₽!,,,,,,,
https://hansgrohe-russia.ru/smesiteli?v=2,Встраиваемые смесители для раковины Hansgrohe,Сантехника Hansgrohe в официальном магазине. Гарантия до 5 лет. Доставка - 0 ₽!,,,,,,,
https://hansgrohe-russia.ru/smesiteli?v=3,Высокие смесители Hansgrohe,Сантехника Hansgrohe в официальном магазине. Гарантия до 5 лет. Доставка - 0 ₽!,,,,,,,
https://hansgrohe-russia.ru/smesiteli?v=4,Души с изливом Hansgrohe. Официальный интернет-магазин,Сантехника Hansgrohe в официальном магазине. Гарантия до 5 лет. Доставка - 0 ₽!,,,,,,,
https://hansgrohe-russia.ru/smesiteli?v=5,Комплект смесителей Hansgrohe. Официальный магазин,Сантехника Hansgrohe в официальном магазине. Гарантия до 5 лет. Доставка - 0 ₽!,,,,,,,
https://hansgrohe-russia.ru/smesiteli?v=6,Кран-смеситель Hansgrohe. Официальный интернет-магазин,Сантехника Hansgrohe в официальном магазине. Гарантия до 5 лет. Доставка - 0 ₽!,,,,,,,
https://hansgrohe-russia.ru/smesiteli?v=7,Краны Hansgrohe. Официальный интернет-магазин,Сантехника Hansgrohe в официальном магазине. Гарантия до 5 лет. Доставка - 0 ₽!,,,,,,,
https://hansgrohe-russia.ru/smesiteli?v=8,Набор смесителей Hansgrohe. Официальный интернет-магазин,Сантехника Hansgrohe в официальном магазине. Гарантия до 5 лет. Доставка - 0 ₽!,,,,,,,
https://hansgrohe-russia.ru/smesiteli?v=9,Смесители для ванны и душа Hansgrhoe,Сантехника Hansgrohe в официальном магазине. Гарантия до 5 лет. Доставка - 0 ₽!,,,,,,,
https://hansgrohe-russia.ru/smesiteli?v=10,Смесители для ванны и душа Hansgrohe,Сантехника Hansgrohe в официальном магазине. Гарантия до 5 лет. Доставка - 0 ₽!,,,,,,,
https://hansgrohe-russia.ru/smesiteli?v=11,Смесители и термостаты для ванны Hansgrohe. Доставка 0₽,Сантехника Hansgrohe в официальном магазине. Гарантия до 5 лет. Доставка - 0 ₽!,,,,,,,
https://hansgrohe-russia.ru/smesiteli?v=12,Смесители с выдвежным изливом Hansgrohe,Сантехника Hansgrohe в официальном магазине. Гарантия до 5 лет. Доставка - 0 ₽!,,,,,,,
https://hansgrohe-russia.ru/smesiteli?v=13,Смесители с высоким изливом Hansgrohe. Официальный сайт,Сантехника Hansgrohe в официальном магазине. Гарантия до 5 лет. Доставка - 0 ₽!,,,,,,,
https://hansgrohe-russia.ru/smesiteli?v=14,Смесители с длинным изливом Hansgrohe. Официальный сайт,Сантехника Hansgrohe в официальном магазине. Гарантия до 5 лет. Доставка - 0 ₽!,,,,,,,
https://hansgrohe-russia.ru/smesiteli?v=15,Смесители Hansgrohe. Купите в Москве,Сантехника Hansgrohe в официальном магазине. Гарантия до 5 лет. Доставка - 0 ₽!,,,,,,,
https://hansgrohe-russia.ru/smesiteli?v=16,Смесители Hansgrohe. Купите в Екатеринбурге,Сантехника Hansgrohe в официальном магазине. Гарантия до 5 лет. Доставка - 0 ₽!,,,,,,,
https://hansgrohe-russia.ru/smesiteli?v=17,Смесители Hansgrohe. Купите в Санкт-Петербурге,Сантехника Hansgrohe в официальном магазине. Гарантия до 5 лет. Доставка - 0 ₽!,,,,,,,
https://hansgrohe-russia.ru/smesiteli?v=18,Смесители Hansgrohe. Официальный интернет-магазин,Сантехника Hansgrohe в официальном магазине. Гарантия до 5 лет. Доставка - 0 ₽!,,,,,,,
https://hansgrohe-russia.ru/smesiteli/beskontaktnye-smesiteli?v=1,Сенсорные смесители Hansgrohe. Официальный магазин,Сантехника Hansgrohe в официальном магазине. Гарантия до 5 лет. Доставка - 0 ₽!,,,,,,,
https://hansgrohe-russia.ru/smesiteli/napolnye-smesiteli?v=1,Напольные смесители для ванны Hansgrohe,Сантехника Hansgrohe в официальном магазине. Гарантия до 5 лет. Доставка - 0 ₽!,,,,,,,
https://hansgrohe-russia.ru/smesiteli/napolnye-smesiteli?v=2,Напольные смесители Hansgrohe. Официальный магазин,Сантехника Hansgrohe в официальном магазине. Гарантия до 5 лет. Доставка - 0 ₽!,,,,,,,
https://hansgrohe-russia.ru/smesiteli/shopby/hg_poverkhnost-hrom_pod_zoloto-polirovannoe_zoloto?v=1#catalog,Смесители Hansgrohe золотого цвета. Официальный магазин,Сантехника Hansgrohe в официальном магазине. Гарантия до 5 лет. Доставка - 0 ₽!,,,,,,,
https://hansgrohe-russia.ru/smesiteli/shopby/hg_poverkhnost-hrom-belyy_hrom-hrom_pod_zoloto-shlifovannyy_chernyy_hrom?v=1#catalog,Смесители Hansgrohe хромированные. Официальный магазин,Сантехника Hansgrohe в официальном магазине. Гарантия до 5 лет. Доставка - 0 ₽!,,,,,,,
https://hansgrohe-russia.ru/smesiteli/shopby/hg_poverkhnost-matovyy_belyy-belyy_hrom?v=1#catalog,Смесители Hansgrohe белого цвета. Официальный магазин,Сантехника Hansgrohe в официальном магазине. Гарантия до 5 лет. Доставка - 0 ₽!,,,,,,,
https://hansgrohe-russia.ru/smesiteli/shopby/hg_poverkhnost-matovyy_chernyy-chernyy_matovyy-shlifovannyy_chernyy_hrom?v=1#catalog,Смесители Hansgrohe черного цвета. Официальный магазин,Сантехника Hansgrohe в официальном магазине. Гарантия до 5 лет. Доставка - 0 ₽!,,,,,,,
https://hansgrohe-russia.ru/smesiteli/shopby/hg_poverkhnost-matovyy_chernyy?v=1#catalog,Смесители Hansgrohe цвета черный мат,Сантехника Hansgrohe в официальном магазине. Гарантия до 5 лет. Доставка - 0 ₽!,,,,,,,
https://hansgrohe-russia.ru/smesiteli/shopby/hg_poverkhnost-shlifovannaya_bronza?v=1#catalog,Смесители Hansgrohe бронзового цвета,Сантехника Hansgrohe в официальном магазине. Гарантия до 5 лет. Доставка - 0 ₽!,,,,,,,
https://hansgrohe-russia.ru/smesiteli/shopby/hg_upravleniye-rychazhnoe/hg_poverkhnost-hrom-shlifovannyy_chernyy_hrom?v=1#catalog,Однорычажные смесители Hansgrohe хромированные,Сантехника Hansgrohe в официальном магазине. Гарантия до 5 лет. Доставка - 0 ₽!,,,,,,,
https://hansgrohe-russia.ru/smesiteli/shopby/hg_upravleniye-rychazhnoe?v=1#catalog,Однорычажные смесители Hansgrohe. Официальный магазин,Сантехника Hansgrohe в официальном магазине. Гарантия до 5 лет. Доставка - 0 ₽!,,,,,,,
https://hansgrohe-russia.ru/smesiteli/smesiteli-dlja-dusha?v=1,Душевые смесители с тропическим душем Hansgrohe,Сантехника Hansgrohe в официальном магазине. Гарантия до 5 лет. Доставка - 0 ₽!,,,,,,,
https://hansgrohe-russia.ru/smesiteli/smesiteli-dlja-dusha?v=2,Душевые смесители Hansgrohe,Сантехника Hansgrohe в официальном магазине. Гарантия до 5 лет. Доставка - 0 ₽!,,,,,,,
https://hansgrohe-russia.ru/smesiteli/smesiteli-dlja-dusha?v=3,Краны для душа Hansgrohe. Официальный интернет-магазин,Сантехника Hansgrohe в официальном магазине. Гарантия до 5 лет. Доставка - 0 ₽!,,,,,,,
https://hansgrohe-russia.ru/smesiteli/smesiteli-dlja-dusha?v=4,Однорычажные смесители для души Hansgrohe. Доставка 0₽,Сантехника Hansgrohe в официальном магазине. Гарантия до 5 лет. Доставка - 0 ₽!,,,,,,,
https://hansgrohe-russia.ru/smesiteli/smesiteli-dlja-dusha?v=5,Смесители для душа Hansgrohe. Официальный магазин,Сантехника Hansgrohe в официальном магазине. Гарантия до 5 лет. Доставка - 0 ₽!,,,,,,,
https://hansgrohe-russia.ru/smesiteli/smesiteli-dlja-dusha?v=6,Смесители для душевой Hansgrohe. Официальный магазин,Сантехника Hansgrohe в официальном магазине. Гарантия до 5 лет. Доставка - 0 ₽!,,,,,,,
https://hansgrohe-russia.ru/smesiteli/smesiteli-dlja-dusha?v=7,Смесители с душем Hansgrohe,Сантехника Hansgrohe в официальном магазине. Гарантия до 5 лет. Доставка - 0 ₽!,,,,,,,
https://hansgrohe-russia.ru/smesiteli/smesiteli-dlya-bide?v=1,Смесители для биде Hansgrohe. Официальный магазин,Сантехника Hansgrohe в официальном магазине. Гарантия до 5 лет. Доставка - 0 ₽!,,,,,,,
https://hansgrohe-russia.ru/smesiteli/smesiteli-dlya-rakoviny?v=1,Высокие смесители для раковины Hansgrohe. Доставка 0₽,Сантехника Hansgrohe в официальном магазине. Гарантия до 5 лет. Доставка - 0 ₽!,,,,,,,
https://hansgrohe-russia.ru/smesiteli/smesiteli-dlya-rakoviny?v=2,Краны для раковины Hansgrohe. Официальный магазин,Сантехника Hansgrohe в официальном магазине. Гарантия до 5 лет. Доставка - 0 ₽!,,,,,,,
https://hansgrohe-russia.ru/smesiteli/smesiteli-dlya-rakoviny?v=3,Смесители для накладной раковины Hansgrohe. Доставка 0₽,Сантехника Hansgrohe в официальном магазине. Гарантия до 5 лет. Доставка - 0 ₽!,,,,,,,
https://hansgrohe-russia.ru/smesiteli/smesiteli-dlya-rakoviny?v=4,Смесители для раковины в ванной комнате Hansgrohe,Сантехника Hansgrohe в официальном магазине. Гарантия до 5 лет. Доставка - 0 ₽!,,,,,,,
https://hansgrohe-russia.ru/smesiteli/smesiteli-dlya-rakoviny?v=5,Смесители для раковины в ванной Hansgrohe. Доставка 0₽,Сантехника Hansgrohe в официальном магазине. Гарантия до 5 лет. Доставка - 0 ₽!,,,,,,,
https://hansgrohe-russia.ru/smesiteli/smesiteli-dlya-rakoviny?v=6,Смесители для раковины с высоким изливом Hansgrohe,Сантехника Hansgrohe в официальном магазине. Гарантия до 5 лет. Доставка - 0 ₽!,,,,,,,
https://hansgrohe-russia.ru/smesiteli/smesiteli-dlya-rakoviny?v=7,Смесители для раковины Hansgrohe. Официальный магазин,Сантехника Hansgrohe в официальном магазине. Гарантия до 5 лет. Доставка - 0 ₽!,,,,,,,
https://hansgrohe-russia.ru/smesiteli/smesiteli-dlya-rakoviny?v=8,Смесители для раковины Hansgrohe E2. Официальный магазин,Сантехника Hansgrohe в официальном магазине. Гарантия до 5 лет. Доставка - 0 ₽!,,,,,,,
https://hansgrohe-russia.ru/smesiteli/smesiteli-dlya-rakoviny?v=9,Смесители для раковины Hansgrohe Select,Сантехника Hansgrohe в официальном магазине. Гарантия до 5 лет. Доставка - 0 ₽!,,,,,,,
https://hansgrohe-russia.ru/smesiteli/smesiteli-dlya-rakoviny?v=10,Смесители для умывальника Hansgrohe. Официальный магазин,Сантехника Hansgrohe в официальном магазине. Гарантия до 5 лет. Доставка - 0 ₽!,,,,,,,
https://hansgrohe-russia.ru/smesiteli/smesiteli-dlya-rakoviny/shopby/hg_montazh-nastennyy?v=1#catalog,Настенные смесители для раковины Hansgrohe. Доставка 0₽,Сантехника Hansgrohe в официальном магазине. Гарантия до 5 лет. Доставка - 0 ₽!,,,,,,,
https://hansgrohe-russia.ru/smesiteli/smesiteli-dlya-rakoviny/shopby/hg_poverkhnost-matovyy_belyy?v=1#catalog,Смесители для раковины Hansgrohe белого цвета,Сантехника Hansgrohe в официальном магазине. Гарантия до 5 лет. Доставка - 0 ₽!,,,,,,,
https://hansgrohe-russia.ru/smesiteli/smesiteli-dlya-rakoviny/shopby/hg_poverkhnost-matovyy_belyy?v=2#catalog,Смесители для раковины Hansgrohe цвета белый мат,Сантехника Hansgrohe в официальном магазине. Гарантия до 5 лет. Доставка - 0 ₽!,,,,,,,
https://hansgrohe-russia.ru/smesiteli/smesiteli-dlya-rakoviny/shopby/hg_poverkhnost-matovyy_chernyy-shlifovannyy_chernyy_hrom?v=1#catalog,Смесители для раковины Hansgrohe черного цвета,Сантехника Hansgrohe в официальном магазине. Гарантия до 5 лет. Доставка - 0 ₽!,,,,,,,
https://hansgrohe-russia.ru/smesiteli/smesiteli-dlya-rakoviny/shopby/hg_poverkhnost-matovyy_chernyy?v=1#catalog,Смесители для раковины Hansgrohe цвета черный мат,Сантехника Hansgrohe в официальном магазине. Гарантия до 5 лет. Доставка - 0 ₽!,,,,,,,
https://hansgrohe-russia.ru/smesiteli/smesiteli-dlya-rakoviny/shopby/hg_poverkhnost-shlifovannyy_chernyy_hrom-hrom_pod_zoloto-hrom?v=1#catalog,Смесители для раковины Hansgrohe хромированный,Сантехника Hansgrohe в официальном магазине. Гарантия до 5 лет. Доставка - 0 ₽!,,,,,,,
https://hansgrohe-russia.ru/smesiteli/smesiteli-dlya-rakoviny/shopby/hg_upravleniye-dzhoystik-rychazhnoe?v=1#catalog,Однорычажные смесители для раковины Hansgrohe,Сантехника Hansgrohe в официальном магазине. Гарантия до 5 лет. Доставка - 0 ₽!,,,,,,,
https://hansgrohe-russia.ru/smesiteli/smesiteli-dlya-vanny?v=1,Комплект смесителей для ванны Hansgrohe,Сантехника Hansgrohe в официальном магазине. Гарантия до 5 лет. Доставка - 0 ₽!,,,,,,,
https://hansgrohe-russia.ru/smesiteli/smesiteli-dlya-vanny?v=2,Краны для ваннной Hansgrohe. Купите в Пензе,Сантехника Hansgrohe в официальном магазине. Гарантия до 5 лет. Доставка - 0 ₽!,,,,,,,
https://hansgrohe-russia.ru/smesiteli/smesiteli-dlya-vanny?v=3,Краны для ваннной Hansgrohe,Сантехника Hansgrohe в официальном магазине. Гарантия до 5 лет. Доставка - 0 ₽!,,,,,,,
https://hansgrohe-russia.ru/smesiteli/smesiteli-dlya-vanny?v=4,Набор смесителей для ванны Hansgrohe,Сантехника Hansgrohe в официальном магазине. Гарантия до 5 лет. Доставка - 0 ₽!,,,,,,,
https://hansgrohe-russia.ru/smesiteli/smesiteli-dlya-vanny?v=5,Однорычажные смесители для ванны Hansgrohe. Доставка 0₽,Сантехника Hansgrohe в официальном магазине. Гарантия до 5 лет. Доставка - 0 ₽!,,,,,,,
https://hansgrohe-russia.ru/smesiteli/smesiteli-dlya-vanny?v=6,Смесители для ванны с длинным изливом Hansgrhoe,Сантехника Hansgrohe в официальном магазине. Гарантия до 5 лет. Доставка - 0 ₽!,,,,,,,
https://hansgrohe-russia.ru/smesiteli/smesiteli-dlya-vanny?v=7,Смесители для ванны с длинным изливом Hansgrohe,Сантехника Hansgrohe в официальном магазине. Гарантия до 5 лет. Доставка - 0 ₽!,,,,,,,
https://hansgrohe-russia.ru/smesiteli/smesiteli-dlya-vanny?v=8,Смесители для ванны с душем Hansgrohe. Официальный сайт,Сантехника Hansgrohe в официальном магазине. Гарантия до 5 лет. Доставка - 0 ₽!,,,,,,,
https://hansgrohe-russia.ru/smesiteli/smesiteli-dlya-vanny?v=9,Смесители для ванны с изливом Hansgrhoe,Сантехника Hansgrohe в официальном магазине. Гарантия до 5 лет. Доставка - 0 ₽!,,,,,,,
https://hansgrohe-russia.ru/smesiteli/smesiteli-dlya-vanny?v=10,Смесители для ванны Hansgrohe. Купите в Москве,Сантехника Hansgrohe в официальном магазине. Гарантия до 5 лет. Доставка - 0 ₽!,,,,,,,
https://hansgrohe-russia.ru/smesiteli/smesiteli-dlya-vanny?v=11,Смесители для ванны Hansgrohe. Официальный магазин,Сантехника Hansgrohe в официальном магазине. Гарантия до 5 лет. Доставка - 0 ₽!,,,,,,,
https://hansgrohe-russia.ru/smesiteli/smesiteli-dlya-vanny?v=12,Смесители с изливом для ванны Hansgrohe,Сантехника Hansgrohe в официальном магазине. Гарантия до 5 лет. Доставка - 0 ₽!,,,,,,,
https://hansgrohe-russia.ru/smesiteli/smesiteli-dlya-vanny?v=13,Смесители с изливом для душа Hansgrohe. Официальный сайт,Сантехника Hansgrohe в официальном магазине. Гарантия до 5 лет. Доставка - 0 ₽!,,,,,,,
https://hansgrohe-russia.ru/smesiteli/smesiteli-dlya-vanny/shopby/hg_kollektsii-focus?v=1#catalog,Смесители для ванны с душем Hansgrohe Focus. Доставка 0₽,Сантехника Hansgrohe в официальном магазине. Гарантия до 5 лет. Доставка - 0 ₽!,,,,,,,
https://hansgrohe-russia.ru/smesiteli/smesiteli-dlya-vanny/shopby/hg_poverkhnost-matovyy_belyy?v=1#catalog,Смесители для ванны Hansgrohe белого цвета. Доставка 0₽,Сантехника Hansgrohe в официальном магазине. Гарантия до 5 лет. Доставка - 0 ₽!,,,,,,,
https://hansgrohe-russia.ru/smesiteli/smesiteli-dlya-vanny/shopby/hg_poverkhnost-matovyy_chernyy?v=1,Смесители для ванны Hansgrohe цвета черный мат,Сантехника Hansgrohe в официальном магазине. Гарантия до 5 лет. Доставка - 0 ₽!,,,,,,,
https://hansgrohe-russia.ru/smesiteli/smesiteli-dlya-vanny/shopby/hg_poverkhnost-matovyy_chernyy-shlifovannyy_chernyy_hrom?v=1#catalog,Смесители для ванны Hansgrohe черного цвета. Доставка 0₽,Сантехника Hansgrohe в официальном магазине. Гарантия до 5 лет. Доставка - 0 ₽!,,,,,,,
https://hansgrohe-russia.ru/smesiteli/smesiteli-na-bort-vanny?v=1,Смесители на борт ванны Hansgrohe. Официальный магазин,Сантехника Hansgrohe в официальном магазине. Гарантия до 5 лет. Доставка - 0 ₽!,,,,,,,
https://hansgrohe-russia.ru/smesiteli/smesiteli-na-bort-vanny?v=1#catalog,Смесителя на борт ванны Hansgrohe,Сантехника Hansgrohe в официальном магазине. Гарантия до 5 лет. Доставка - 0 ₽!,,,,,,,
https://hansgrohe-russia.ru/smesiteli/termostaticheskie-smesiteli-dlya-dusha?v=1,Душ с термостатом Hansgrohe,Сантехника Hansgrohe в официальном магазине. Гарантия до 5 лет. Доставка - 0 ₽!,,,,,,,
https://hansgrohe-russia.ru/smesiteli/termostaticheskie-smesiteli-dlya-dusha?v=2,Душевые термостаты Hansgrohe. Официальный магазин,Сантехника Hansgrohe в официальном магазине. Гарантия до 5 лет. Доставка - 0 ₽!,,,,,,,
https://hansgrohe-russia.ru/smesiteli/termostaticheskie-smesiteli-dlya-dusha?v=3,Души с термостатом Hansgrohe. Официальный магазин,Сантехника Hansgrohe в официальном магазине. Гарантия до 5 лет. Доставка - 0 ₽!,,,,,,,
https://hansgrohe-russia.ru/smesiteli/termostaticheskie-smesiteli-dlya-dusha?v=4,Термостатические смесители для душа Hansgrohe,Сантехника Hansgrohe в официальном магазине. Гарантия до 5 лет. Доставка - 0 ₽!,,,,,,,
https://hansgrohe-russia.ru/smesiteli/termostaticheskie-smesiteli-dlya-vanny?v=1,Смесители для ванны с термостатом Hansgrohe. Доставка 0₽,Сантехника Hansgrohe в официальном магазине. Гарантия до 5 лет. Доставка - 0 ₽!,,,,,,,
https://hansgrohe-russia.ru/smesiteli/termostaticheskie-smesiteli-dlya-vanny?v=2,Термостатические смесители для ванны Hansgrohe,Сантехника Hansgrohe в официальном магазине. Гарантия до 5 лет. Доставка - 0 ₽!,,,,,,,
https://hansgrohe-russia.ru/vstraivaemyy-montazh/vstraivaemye-smesiteli-i-termostaty-dlya-dusha?v=1,Смесители для душа c термостатом Hansgrohe. Доставка 0₽,Сантехника Hansgrohe в официальном магазине. Гарантия до 5 лет. Доставка - 0 ₽!,,,,,,,
https://hansgrohe-russia.ru/kollektsii/focus/shopby/hg_tip-smesiteli_dlya_kuhonnoy_moyki-smesiteli_dlya_rakoviny-smesitel_dlya_rakoviny_i_gigienicheskiy_dush?v=1#catalog,Hansgrohe для раковины Focus. Официальный магазин,Сантехника Hansgrohe в официальном магазине. Гарантия до 5 лет. Доставка - 0 ₽!,,,,,,,
https://hansgrohe-russia.ru/kollektsii/focus/shopby/hg_tip-smesiteli_dlya_kuhonnoy_moyki-smesiteli_dlya_rakoviny-smesitel_dlya_rakoviny_i_gigienicheskiy_dush?v=2#catalog,Hansgrohe для раковины Focus E2. Официальный магазин,Сантехника Hansgrohe в официальном магазине. Гарантия до 5 лет. Доставка - 0 ₽!,,,,,,,
https://hansgrohe-russia.ru/kollektsii/logis-1/shopby/hg_kollektsii-logis_e/hg_tip-smesiteli_dlya_rakoviny?v=1#catalog,Hansgrohe для раковины Logis E. Официальный магазин,Сантехника Hansgrohe в официальном магазине. Гарантия до 5 лет. Доставка - 0 ₽!,,,,,,,
https://hansgrohe-russia.ru/kollektsii/metris-1/shopby/hg_tip-smesiteli_dlya_rakoviny-smesiteli_dlya_kuhonnoy_moyki-smesitel_dlya_rakoviny_i_gigienicheskiy_dush/hg_kollektsii-metris_s?v=1#catalog,Hansgrohe для раковины Metris S. Официальный магазин,Сантехника Hansgrohe в официальном магазине. Гарантия до 5 лет. Доставка - 0 ₽!,,,,,,,
https://hansgrohe-russia.ru/kollektsii/metris-1/shopby/hg_tip-smesiteli_dlya_rakoviny-smesiteli_dlya_kuhonnoy_moyki-smesitel_dlya_rakoviny_i_gigienicheskiy_dush?v=1#catalog,Hansgrohe для раковины Metris. Официальный магазин,Сантехника Hansgrohe в официальном магазине. Гарантия до 5 лет. Доставка - 0 ₽!,,,,,,,
https://hansgrohe-russia.ru/kollektsii/finoris?v=2,Смесители Hansrohe Finoris. Доставка по всей России!,Покупайте оригинальные смесители от бренда Hansgrohe с гарантией производителя!,,,,,,,
https://hansgrohe-russia.ru/kollektsii/finoris?v=3,Смесители Hansrohe Finoris,Оригинальные смесители Hansgrohe. Бесплатная доставка. Покупайте!,,,,,,,
https://hansgrohe-russia.ru/kollektsii/finoris?v=4,Смесители Hansrohe Finoris. Оригинальная продукция,Приобретайте смесители Hansgrohe с официальной гарантией. Доставка 0 руб!,,,,,,,
https://hansgrohe-russia.ru/kollektsii/finoris?v=5,Смесители Hansrohe Finoris. Суперцены каждый день!,Оригинальные смесители Hansgrohe. Скидка 5% на покупку. Переходите на сайт!,,,,,,,
https://hansgrohe-russia.ru/smesiteli?v=20,Смесители Hansgrohe Select. Доставка по всей России!,Покупайте оригинальные смесители от бренда Hansgrohe с гарантией производителя!,,,,,,,
https://hansgrohe-russia.ru/smesiteli?v=21,Смесители Hansgrohe Select,Оригинальные смесители Hansgrohe. Бесплатная доставка. Покупайте!,,,,,,,
https://hansgrohe-russia.ru/smesiteli?v=22,Смесители Hansgrohe Select. Оригинальная продукция,Приобретайте смесители Hansgrohe с официальной гарантией. Доставка 0 руб!,,,,,,,
https://hansgrohe-russia.ru/smesiteli?v=23,Смесители Hansgrohe Select. Суперцены каждый день!,Оригинальные смесители Hansgrohe. Скидка 5% на покупку. Переходите на сайт!,,,,,,,
https://hansgrohe-russia.ru/smesiteli/shopby/hg_kollektsii-talis_select_e?v=2#catalog,Смесители Hansgrohe Select E. Доставка по всей России!,Покупайте оригинальные смесители от бренда Hansgrohe с гарантией производителя!,,,,,,,
https://hansgrohe-russia.ru/smesiteli/shopby/hg_kollektsii-talis_select_e?v=3#catalog,Смесители Hansgrohe Select E,Оригинальные смесители Hansgrohe. Бесплатная доставка. Покупайте!,,,,,,,
https://hansgrohe-russia.ru/smesiteli/shopby/hg_kollektsii-talis_select_e?v=4#catalog,Смесители Hansgrohe Select E. Оригинальная продукция,Приобретайте смесители Hansgrohe с официальной гарантией. Доставка 0 руб!,,,,,,,
https://hansgrohe-russia.ru/smesiteli/shopby/hg_kollektsii-talis_select_e?v=5#catalog,Смесители Hansgrohe Select E. Суперцены каждый день!,Оригинальные смесители Hansgrohe. Скидка 5% на покупку. Переходите на сайт!,,,,,,,
https://hansgrohe-russia.ru/kollektsii/talis-1?v=3,Смесители Hansgrohe Talis Classic,Покупайте оригинальные смесители от бренда Hansgrohe с гарантией производителя!,,,,,,,
https://hansgrohe-russia.ru/kollektsii/talis-1?v=4,Смесители Hansgrohe Talis Classic,Оригинальные смесители Hansgrohe. Бесплатная доставка. Покупайте!,,,,,,,
https://hansgrohe-russia.ru/kollektsii/talis-1?v=5,Смесители Hansgrohe Talis Classic,Приобретайте смесители Hansgrohe с официальной гарантией. Доставка 0 руб!,,,,,,,
https://hansgrohe-russia.ru/kollektsii/talis-1?v=6,Смесители Hansgrohe Talis Classic,Оригинальные смесители Hansgrohe. Скидка 5% на покупку. Переходите на сайт!,,,,,,,
https://hansgrohe-russia.ru/kollektsii/talis-1?v=7,Смесители Hansgrohe Talis. Доставка по всей России!,Покупайте оригинальные смесители от бренда Hansgrohe с гарантией производителя!,,,,,,,
https://hansgrohe-russia.ru/kollektsii/talis-1?v=8,Смесители Hansgrohe Talis. Получайте подарки за покупку!,Оригинальные смесители Hansgrohe. Бесплатная доставка. Покупайте!,,,,,,,
https://hansgrohe-russia.ru/kollektsii/talis-1?v=9,Смесители Hansgrohe Talis. Оригинальная продукция,Приобретайте смесители Hansgrohe с официальной гарантией. Доставка 0 руб!,,,,,,,
https://hansgrohe-russia.ru/kollektsii/talis-1?v=10,Смесители Hansgrohe Talis. Суперцены каждый день!,Оригинальные смесители Hansgrohe. Скидка 5% на покупку. Переходите на сайт!,,,,,,,
https://hansgrohe-russia.ru/kollektsii/vernis/shopby/hg_kollektsii-vernis_blend?v=2#catalog,Смесители Hansgrohe Vernis Blend,Покупайте оригинальные смесители от бренда Hansgrohe с гарантией производителя!,,,,,,,
https://hansgrohe-russia.ru/kollektsii/vernis/shopby/hg_kollektsii-vernis_blend?v=3#catalog,Смесители Hansgrohe Vernis Blend,Оригинальные смесители Hansgrohe. Бесплатная доставка. Покупайте!,,,,,,,
https://hansgrohe-russia.ru/kollektsii/vernis/shopby/hg_kollektsii-vernis_blend?v=4#catalog,Смесители Hansgrohe Vernis Blend. Оригинальная продукция,Приобретайте смесители Hansgrohe с официальной гарантией. Доставка 0 руб!,,,,,,,
https://hansgrohe-russia.ru/kollektsii/vernis/shopby/hg_kollektsii-vernis_blend?v=5#catalog,Смесители Hansgrohe Vernis Blend. Суперцены каждый день!,Оригинальные смесители Hansgrohe. Скидка 5% на покупку. Переходите на сайт!,,,,,,,
https://hansgrohe-russia.ru/kollektsii/vernis?v=2,Смесители Hansgrohe Vernis. Доставка по всей России!,Покупайте оригинальные смесители от бренда Hansgrohe с гарантией производителя!,,,,,,,
https://hansgrohe-russia.ru/kollektsii/vernis?v=3,Смесители Hansgrohe Vernis,Оригинальные смесители Hansgrohe. Бесплатная доставка. Покупайте!,,,,,,,
https://hansgrohe-russia.ru/kollektsii/vernis?v=4,Смесители Hansgrohe Vernis. Оригинальная продукция,Приобретайте смесители Hansgrohe с официальной гарантией. Доставка 0 руб!,,,,,,,
https://hansgrohe-russia.ru/kollektsii/vernis?v=5,Смесители Hansgrohe Vernis. Суперцены каждый день!,Оригинальные смесители Hansgrohe. Скидка 5% на покупку. Переходите на сайт!,,,,,,,
https://hansgrohe-russia.ru/kollektsii/vernis/shopby/hg_poverkhnost-matovyy_chernyy-chernyy_matovyy?v=2#catalog,Смесители Hansrohe Vernis черного цвета,Покупайте оригинальные смесители от бренда Hansgrohe с гарантией производителя!,,,,,,,
https://hansgrohe-russia.ru/kollektsii/vernis/shopby/hg_poverkhnost-matovyy_chernyy-chernyy_matovyy?v=3#catalog,Смесители Hansrohe Vernis черного цвета,Оригинальные смесители Hansgrohe. Бесплатная доставка. Покупайте!,,,,,,,
https://hansgrohe-russia.ru/kollektsii/vernis/shopby/hg_poverkhnost-matovyy_chernyy-chernyy_matovyy?v=4#catalog,Смесители Hansrohe Vernis черного цвета,Приобретайте смесители Hansgrohe с официальной гарантией. Доставка 0 руб!,,,,,,,
https://hansgrohe-russia.ru/kollektsii/vernis/shopby/hg_poverkhnost-matovyy_chernyy-chernyy_matovyy?v=5#catalog,Смесители Hansrohe Vernis черного цвета,Оригинальные смесители Hansgrohe. Скидка 5% на покупку. Переходите на сайт!,,,,,,,
https://hansgrohe-russia.ru/kollektsii/vernis/shopby/hg_kollektsii-vernis_shape?v=2#catalog,Смесители Hansgrohe Vernis Shape,Покупайте оригинальные смесители от бренда Hansgrohe с гарантией производителя!,,,,,,,
https://hansgrohe-russia.ru/kollektsii/vernis/shopby/hg_kollektsii-vernis_shape?v=3#catalog,Смесители Hansgrohe Vernis Shape,Оригинальные смесители Hansgrohe. Бесплатная доставка. Покупайте!,,,,,,,
https://hansgrohe-russia.ru/kollektsii/vernis/shopby/hg_kollektsii-vernis_shape?v=4#catalog,Смесители Hansgrohe Vernis Shape. Оригинальная продукция,Приобретайте смесители Hansgrohe с официальной гарантией. Доставка 0 руб!,,,,,,,
https://hansgrohe-russia.ru/kollektsii/vernis/shopby/hg_kollektsii-vernis_shape?v=5#catalog,Смесители Hansgrohe Vernis Shape. Суперцены каждый день!,Оригинальные смесители Hansgrohe. Скидка 5% на покупку. Переходите на сайт!,,,,,,,
https://hansgrohe-russia.ru/kollektsii/vivenis?v=2,Смесители Hansgrohe Vivenis. Доставка по всей России!,Покупайте оригинальные смесители от бренда Hansgrohe с гарантией производителя!,,,,,,,
https://hansgrohe-russia.ru/kollektsii/vivenis?v=3,Смесители Hansgrohe Vivenis,Оригинальные смесители Hansgrohe. Бесплатная доставка. Покупайте!,,,,,,,
https://hansgrohe-russia.ru/kollektsii/vivenis?v=4,Смесители Hansgrohe Vivenis. Оригинальная продукция,Приобретайте смесители Hansgrohe с официальной гарантией. Доставка 0 руб!,,,,,,,
https://hansgrohe-russia.ru/kollektsii/vivenis?v=5,Смесители Hansgrohe Vivenis. Суперцены каждый день!,Оригинальные смесители Hansgrohe. Скидка 5% на покупку. Переходите на сайт!,,,,,,,
https://hansgrohe-russia.ru/smesiteli/shopby/hg_montazh-nastennyy?v=2#catalog,Настенные смесители Hansgrohe. Доставка по всей России!,Покупайте оригинальные смесители от бренда Hansgrohe с гарантией производителя!,,,,,,,
https://hansgrohe-russia.ru/smesiteli/shopby/hg_montazh-nastennyy?v=3#catalog,Настенные смесители Hansgrohe,Оригинальные смесители Hansgrohe. Бесплатная доставка. Покупайте!,,,,,,,
https://hansgrohe-russia.ru/smesiteli/shopby/hg_montazh-nastennyy?v=4#catalog,Настенные смесители Hansgrohe. Оригинальная продукция,Приобретайте смесители Hansgrohe с официальной гарантией. Доставка 0 руб!,,,,,,,
https://hansgrohe-russia.ru/smesiteli/shopby/hg_montazh-nastennyy?v=5#catalog,Настенные смесители Hansgrohe. Суперцены каждый день!,Оригинальные смесители Hansgrohe. Скидка 5% на покупку. Переходите на сайт!,,,,,,,
https://hansgrohe-russia.ru/?v=2,Hansgrohe для раковины. Доставка по всей России!,Покупайте оригинальные смесители от бренда Hansgrohe с гарантией производителя!,,,,,,,
https://hansgrohe-russia.ru/?v=3,Hansgrohe для раковины. Получайте подарки за покупку!,Оригинальные смесители Hansgrohe. Бесплатная доставка. Покупайте!,,,,,,,
https://hansgrohe-russia.ru/?v=4,Hansgrohe для раковины. Оригинальная продукция,Приобретайте смесители Hansgrohe с официальной гарантией. Доставка 0 руб!,,,,,,,
https://hansgrohe-russia.ru/?v=5,Hansgrohe для раковины. Суперцены каждый день!,Оригинальные смесители Hansgrohe. Скидка 5% на покупку. Переходите на сайт!,,,,,,,
https://hansgrohe-russia.ru/dushevaya-programma/dushevye-sistemy?v=2,Душевые системы для ванны Hansgrohe,Покупайте оригинальные смесители от бренда Hansgrohe с гарантией производителя!,,,,,,,
https://hansgrohe-russia.ru/dushevaya-programma/dushevye-sistemy?v=3,Душевые системы для ванны Hansgrohe,Оригинальные смесители Hansgrohe. Бесплатная доставка. Покупайте!,,,,,,,
https://hansgrohe-russia.ru/dushevaya-programma/dushevye-sistemy?v=4,Душевые системы для ванны Hansgrohe,Приобретайте смесители Hansgrohe с официальной гарантией. Доставка 0 руб!,,,,,,,
https://hansgrohe-russia.ru/dushevaya-programma/dushevye-sistemy?v=5,Душевые системы для ванны Hansgrohe,Оригинальные смесители Hansgrohe. Скидка 5% на покупку. Переходите на сайт!,,,,,,,
https://hansgrohe-russia.ru/kollektsii/aquno-select-m81?v=3,Смесители Hansgrohe Aquno Select,Покупайте оригинальные смесители от бренда Hansgrohe с гарантией производителя!,,,,,,,
https://hansgrohe-russia.ru/kollektsii/aquno-select-m81?v=4,Смесители Hansgrohe Aquno Select,Оригинальные смесители Hansgrohe. Бесплатная доставка. Покупайте!,,,,,,,
https://hansgrohe-russia.ru/kollektsii/aquno-select-m81?v=5,Смесители Hansgrohe Aquno Select. Оригинальная продукция,Приобретайте смесители Hansgrohe с официальной гарантией. Доставка 0 руб!,,,,,,,
https://hansgrohe-russia.ru/kollektsii/aquno-select-m81?v=6,Смесители Hansgrohe Aquno Select. Суперцены каждый день!,Оригинальные смесители Hansgrohe. Скидка 5% на покупку. Переходите на сайт!,,,,,,,
https://hansgrohe-russia.ru/kollektsii/aquno-select-m81?v=7,Смесители Hansgrohe Aquno Select M81,Покупайте оригинальные смесители от бренда Hansgrohe с гарантией производителя!,,,,,,,
https://hansgrohe-russia.ru/kollektsii/aquno-select-m81?v=8,Смесители Hansgrohe Aquno Select M81,Оригинальные смесители Hansgrohe. Бесплатная доставка. Покупайте!,,,,,,,
https://hansgrohe-russia.ru/kollektsii/aquno-select-m81?v=9,Смесители Hansgrohe Aquno Select M81,Приобретайте смесители Hansgrohe с официальной гарантией. Доставка 0 руб!,,,,,,,
https://hansgrohe-russia.ru/kollektsii/aquno-select-m81?v=10,Смесители Hansgrohe Aquno Select M81,Оригинальные смесители Hansgrohe. Скидка 5% на покупку. Переходите на сайт!,,,,,,,
https://hansgrohe-russia.ru/kollektsii/croma-1?v=2,Смесители Hansgrohe Croma. Доставка по всей России!,Покупайте оригинальные смесители от бренда Hansgrohe с гарантией производителя!,,,,,,,
https://hansgrohe-russia.ru/kollektsii/croma-1?v=3,Смесители Hansgrohe Croma. Получайте подарки за покупку!,Оригинальные смесители Hansgrohe. Бесплатная доставка. Покупайте!,,,,,,,
https://hansgrohe-russia.ru/kollektsii/croma-1?v=4,Смесители Hansgrohe Croma. Оригинальная продукция,Приобретайте смесители Hansgrohe с официальной гарантией. Доставка 0 руб!,,,,,,,
https://hansgrohe-russia.ru/kollektsii/croma-1?v=5,Смесители Hansgrohe Croma. Суперцены каждый день!,Оригинальные смесители Hansgrohe. Скидка 5% на покупку. Переходите на сайт!,,,,,,,
https://hansgrohe-russia.ru/kollektsii/ecostat-1?v=6,Смесители для ванны Hansgrohe Ecostat,Покупайте оригинальные смесители от бренда Hansgrohe с гарантией производителя!,,,,,,,
https://hansgrohe-russia.ru/kollektsii/ecostat-1?v=7,Смесители для ванны Hansgrohe Ecostat,Оригинальные смесители Hansgrohe. Бесплатная доставка. Покупайте!,,,,,,,
https://hansgrohe-russia.ru/kollektsii/ecostat-1?v=8,Смесители для ванны Hansgrohe Ecostat,Приобретайте смесители Hansgrohe с официальной гарантией. Доставка 0 руб!,,,,,,,
https://hansgrohe-russia.ru/kollektsii/ecostat-1?v=9,Смесители для ванны Hansgrohe Ecostat,Оригинальные смесители Hansgrohe. Скидка 5% на покупку. Переходите на сайт!,,,,,,,
https://hansgrohe-russia.ru/kollektsii/ecostat-1?v=10,Смесители для душа Hansgrohe Ecostat,Покупайте оригинальные смесители от бренда Hansgrohe с гарантией производителя!,,,,,,,
https://hansgrohe-russia.ru/kollektsii/ecostat-1?v=11,Смесители для душа Hansgrohe Ecostat,Оригинальные смесители Hansgrohe. Бесплатная доставка. Покупайте!,,,,,,,
https://hansgrohe-russia.ru/kollektsii/ecostat-1?v=12,Смесители для душа Hansgrohe Ecostat,Приобретайте смесители Hansgrohe с официальной гарантией. Доставка 0 руб!,,,,,,,
https://hansgrohe-russia.ru/kollektsii/ecostat-1?v=13,Смесители для душа Hansgrohe Ecostat,Оригинальные смесители Hansgrohe. Скидка 5% на покупку. Переходите на сайт!,,,,,,,
https://hansgrohe-russia.ru/kollektsii/ecostat-1?v=14,Смесители с термостатом Hansgrohe Ecostat,Покупайте оригинальные смесители от бренда Hansgrohe с гарантией производителя!,,,,,,,
https://hansgrohe-russia.ru/kollektsii/ecostat-1?v=15,Смесители с термостатом Hansgrohe Ecostat,Оригинальные смесители Hansgrohe. Бесплатная доставка. Покупайте!,,,,,,,
https://hansgrohe-russia.ru/kollektsii/ecostat-1?v=16,Смесители с термостатом Hansgrohe Ecostat,Приобретайте смесители Hansgrohe с официальной гарантией. Доставка 0 руб!,,,,,,,
https://hansgrohe-russia.ru/kollektsii/ecostat-1?v=17,Смесители с термостатом Hansgrohe Ecostat,Оригинальные смесители Hansgrohe. Скидка 5% на покупку. Переходите на сайт!,,,,,,,
https://hansgrohe-russia.ru/kollektsii/ecostat-1?v=18,Смесители Hansgrohe Ecos. Доставка по всей России!,Покупайте оригинальные смесители от бренда Hansgrohe с гарантией производителя!,,,,,,,
https://hansgrohe-russia.ru/kollektsii/ecostat-1?v=19,Смесители Hansgrohe Ecos. Получайте подарки за покупку!,Оригинальные смесители Hansgrohe. Бесплатная доставка. Покупайте!,,,,,,,
https://hansgrohe-russia.ru/kollektsii/ecostat-1?v=20,Смесители Hansgrohe Ecos. Оригинальная продукция,Приобретайте смесители Hansgrohe с официальной гарантией. Доставка 0 руб!,,,,,,,
https://hansgrohe-russia.ru/kollektsii/ecostat-1?v=21,Смесители Hansgrohe Ecos. Суперцены каждый день!,Оригинальные смесители Hansgrohe. Скидка 5% на покупку. Переходите на сайт!,,,,,,,
https://hansgrohe-russia.ru/kollektsii/ecostat-1?v=22,Смесители Hansgrohe Ecostat. Доставка по всей России!,Покупайте оригинальные смесители от бренда Hansgrohe с гарантией производителя!,,,,,,,
https://hansgrohe-russia.ru/kollektsii/ecostat-1?v=23,Смесители Hansgrohe Ecostat,Оригинальные смесители Hansgrohe. Бесплатная доставка. Покупайте!,,,,,,,
https://hansgrohe-russia.ru/kollektsii/ecostat-1?v=24,Смесители Hansgrohe Ecostat. Оригинальная продукция,Приобретайте смесители Hansgrohe с официальной гарантией. Доставка 0 руб!,,,,,,,
https://hansgrohe-russia.ru/kollektsii/ecostat-1?v=25,Смесители Hansgrohe Ecostat. Суперцены каждый день!,Оригинальные смесители Hansgrohe. Скидка 5% на покупку. Переходите на сайт!,,,,,,,
https://hansgrohe-russia.ru/kollektsii/ecostat-1/shopby/hg_kollektsii-ecostat_comfort?v=2#catalog,Смесители Hansgrohe Ecostat Comfort,Покупайте оригинальные смесители от бренда Hansgrohe с гарантией производителя!,,,,,,,
https://hansgrohe-russia.ru/kollektsii/ecostat-1/shopby/hg_kollektsii-ecostat_comfort?v=3#catalog,Смесители Hansgrohe Ecostat Comfort,Оригинальные смесители Hansgrohe. Бесплатная доставка. Покупайте!,,,,,,,
https://hansgrohe-russia.ru/kollektsii/ecostat-1/shopby/hg_kollektsii-ecostat_comfort?v=4#catalog,Смесители Hansgrohe Ecostat Comfort,Приобретайте смесители Hansgrohe с официальной гарантией. Доставка 0 руб!,,,,,,,
https://hansgrohe-russia.ru/kollektsii/ecostat-1/shopby/hg_kollektsii-ecostat_comfort?v=5#catalog,Смесители Hansgrohe Ecostat Comfort,Оригинальные смесители Hansgrohe. Скидка 5% на покупку. Переходите на сайт!,,,,,,,
https://hansgrohe-russia.ru/kollektsii/ecostat-1/shopby/hg_kollektsii-ecostat_e?v=2#catalog,Смесители Hansgrohe Ecostat E. Доставка по всей России!,Покупайте оригинальные смесители от бренда Hansgrohe с гарантией производителя!,,,,,,,
https://hansgrohe-russia.ru/kollektsii/ecostat-1/shopby/hg_kollektsii-ecostat_e?v=3#catalog,Смесители Hansgrohe Ecostat E,Оригинальные смесители Hansgrohe. Бесплатная доставка. Покупайте!,,,,,,,
https://hansgrohe-russia.ru/kollektsii/ecostat-1/shopby/hg_kollektsii-ecostat_e?v=4#catalog,Смесители Hansgrohe Ecostat E. Оригинальная продукция,Приобретайте смесители Hansgrohe с официальной гарантией. Доставка 0 руб!,,,,,,,
https://hansgrohe-russia.ru/kollektsii/ecostat-1/shopby/hg_kollektsii-ecostat_e?v=5#catalog,Смесители Hansgrohe Ecostat E. Суперцены каждый день!,Оригинальные смесители Hansgrohe. Скидка 5% на покупку. Переходите на сайт!,,,,,,,
https://hansgrohe-russia.ru/kollektsii/focus?v=6,Краны Hansgrohe Focus. Доставка по всей России!,Покупайте оригинальные смесители от бренда Hansgrohe с гарантией производителя!,,,,,,,
https://hansgrohe-russia.ru/kollektsii/focus?v=7,Краны Hansgrohe Focus. Получайте подарки за покупку!,Оригинальные смесители Hansgrohe. Бесплатная доставка. Покупайте!,,,,,,,
https://hansgrohe-russia.ru/kollektsii/focus?v=8,Краны Hansgrohe Focus. Оригинальная продукция,Приобретайте смесители Hansgrohe с официальной гарантией. Доставка 0 руб!,,,,,,,
https://hansgrohe-russia.ru/kollektsii/focus?v=9,Краны Hansgrohe Focus. Суперцены каждый день!,Оригинальные смесители Hansgrohe. Скидка 5% на покупку. Переходите на сайт!,,,,,,,
https://hansgrohe-russia.ru/kollektsii/focus?v=10,Смесители Hansgrohe Focus. Доставка по всей России!,Покупайте оригинальные смесители от бренда Hansgrohe с гарантией производителя!,,,,,,,
https://hansgrohe-russia.ru/kollektsii/focus?v=11,Смесители Hansgrohe Focus. Получайте подарки за покупку!,Оригинальные смесители Hansgrohe. Бесплатная доставка. Покупайте!,,,,,,,
https://hansgrohe-russia.ru/kollektsii/focus?v=12,Смесители Hansgrohe Focus. Оригинальная продукция,Приобретайте смесители Hansgrohe с официальной гарантией. Доставка 0 руб!,,,,,,,
https://hansgrohe-russia.ru/kollektsii/focus?v=13,Смесители Hansgrohe Focus. Суперцены каждый день!,Оригинальные смесители Hansgrohe. Скидка 5% на покупку. Переходите на сайт!,,,,,,,
https://hansgrohe-russia.ru/kollektsii/focus?v=14,Смесители Hansgrohe Focus E. Доставка по всей России!,Покупайте оригинальные смесители от бренда Hansgrohe с гарантией производителя!,,,,,,,
https://hansgrohe-russia.ru/kollektsii/focus?v=15,Смесители Hansgrohe Focus E,Оригинальные смесители Hansgrohe. Бесплатная доставка. Покупайте!,,,,,,,
https://hansgrohe-russia.ru/kollektsii/focus?v=16,Смесители Hansgrohe Focus E. Оригинальная продукция,Приобретайте смесители Hansgrohe с официальной гарантией. Доставка 0 руб!,,,,,,,
https://hansgrohe-russia.ru/kollektsii/focus?v=17,Смесители Hansgrohe Focus E. Суперцены каждый день!,Оригинальные смесители Hansgrohe. Скидка 5% на покупку. Переходите на сайт!,,,,,,,
https://hansgrohe-russia.ru/kollektsii/focus?v=18,Смесители Hansgrohe Focus E2. Доставка по всей России!,Покупайте оригинальные смесители от бренда Hansgrohe с гарантией производителя!,,,,,,,
https://hansgrohe-russia.ru/kollektsii/focus?v=19,Смесители Hansgrohe Focus E2,Оригинальные смесители Hansgrohe. Бесплатная доставка. Покупайте!,,,,,,,
https://hansgrohe-russia.ru/kollektsii/focus?v=20,Смесители Hansgrohe Focus E2. Оригинальная продукция,Приобретайте смесители Hansgrohe с официальной гарантией. Доставка 0 руб!,,,,,,,
https://hansgrohe-russia.ru/kollektsii/focus?v=21,Смесители Hansgrohe Focus E2. Суперцены каждый день!,Оригинальные смесители Hansgrohe. Скидка 5% на покупку. Переходите на сайт!,,,,,,,
https://hansgrohe-russia.ru/kollektsii/focus?v=22,Смесители Hansgrohe Focus S. Доставка по всей России!,Покупайте оригинальные смесители от бренда Hansgrohe с гарантией производителя!,,,,,,,
https://hansgrohe-russia.ru/kollektsii/focus?v=23,Смесители Hansgrohe Focus S,Оригинальные смесители Hansgrohe. Бесплатная доставка. Покупайте!,,,,,,,
https://hansgrohe-russia.ru/kollektsii/focus?v=24,Смесители Hansgrohe Focus S. Оригинальная продукция,Приобретайте смесители Hansgrohe с официальной гарантией. Доставка 0 руб!,,,,,,,
https://hansgrohe-russia.ru/kollektsii/focus?v=25,Смесители Hansgrohe Focus S. Суперцены каждый день!,Оригинальные смесители Hansgrohe. Скидка 5% на покупку. Переходите на сайт!,,,,,,,
https://hansgrohe-russia.ru/kollektsii/focus-m41?v=2,Смесители Hansgrohe Focus M41. Доставка по всей России!,Покупайте оригинальные смесители от бренда Hansgrohe с гарантией производителя!,,,,,,,
https://hansgrohe-russia.ru/kollektsii/focus-m41?v=3,Смесители Hansgrohe Focus M41,Оригинальные смесители Hansgrohe. Бесплатная доставка. Покупайте!,,,,,,,
https://hansgrohe-russia.ru/kollektsii/focus-m41?v=4,Смесители Hansgrohe Focus M41. Оригинальная продукция,Приобретайте смесители Hansgrohe с официальной гарантией. Доставка 0 руб!,,,,,,,
https://hansgrohe-russia.ru/kollektsii/focus-m41?v=5,Смесители Hansgrohe Focus M41. Суперцены каждый день!,Оригинальные смесители Hansgrohe. Скидка 5% на покупку. Переходите на сайт!,,,,,,,
https://hansgrohe-russia.ru/kollektsii/focus/shopby/hg_tip-smesiteli_dlya_dusha?v=4#catalog,Смесители для душа Hansgrohe Focus,Покупайте оригинальные смесители от бренда Hansgrohe с гарантией производителя!,,,,,,,
https://hansgrohe-russia.ru/kollektsii/focus/shopby/hg_tip-smesiteli_dlya_dusha?v=5#catalog,Смесители для душа Hansgrohe Focus,Оригинальные смесители Hansgrohe. Бесплатная доставка. Покупайте!,,,,,,,
https://hansgrohe-russia.ru/kollektsii/focus/shopby/hg_tip-smesiteli_dlya_dusha?v=6#catalog,Смесители для душа Hansgrohe Focus,Приобретайте смесители Hansgrohe с официальной гарантией. Доставка 0 руб!,,,,,,,
https://hansgrohe-russia.ru/kollektsii/focus/shopby/hg_tip-smesiteli_dlya_dusha?v=7#catalog,Смесители для душа Hansgrohe Focus,Оригинальные смесители Hansgrohe. Скидка 5% на покупку. Переходите на сайт!,,,,,,,
https://hansgrohe-russia.ru/kollektsii/focus/shopby/hg_tip-smesiteli_dlya_dusha?v=8#catalog,Смесители для душа Hansgrohe Focus E2,Покупайте оригинальные смесители от бренда Hansgrohe с гарантией производителя!,,,,,,,
https://hansgrohe-russia.ru/kollektsii/focus/shopby/hg_tip-smesiteli_dlya_dusha?v=9#catalog,Смесители для душа Hansgrohe Focus E2,Оригинальные смесители Hansgrohe. Бесплатная доставка. Покупайте!,,,,,,,
https://hansgrohe-russia.ru/kollektsii/focus/shopby/hg_tip-smesiteli_dlya_dusha?v=10#catalog,Смесители для душа Hansgrohe Focus E2,Приобретайте смесители Hansgrohe с официальной гарантией. Доставка 0 руб!,,,,,,,
https://hansgrohe-russia.ru/kollektsii/focus/shopby/hg_tip-smesiteli_dlya_dusha?v=11#catalog,Смесители для душа Hansgrohe Focus E2,Оригинальные смесители Hansgrohe. Скидка 5% на покупку. Переходите на сайт!,,,,,,,
https://hansgrohe-russia.ru/kollektsii/focus/shopby/hg_tip-smesiteli_dlya_dusha?v=12#catalog,Смесители для душа Hansgrohe Focus Logis,Покупайте оригинальные смесители от бренда Hansgrohe с гарантией производителя!,,,,,,,
https://hansgrohe-russia.ru/kollektsii/focus/shopby/hg_tip-smesiteli_dlya_dusha?v=13#catalog,Смесители для душа Hansgrohe Focus Logis,Оригинальные смесители Hansgrohe. Бесплатная доставка. Покупайте!,,,,,,,
https://hansgrohe-russia.ru/kollektsii/focus/shopby/hg_tip-smesiteli_dlya_dusha?v=14#catalog,Смесители для душа Hansgrohe Focus Logis,Приобретайте смесители Hansgrohe с официальной гарантией. Доставка 0 руб!,,,,,,,
https://hansgrohe-russia.ru/kollektsii/focus/shopby/hg_tip-smesiteli_dlya_dusha?v=15#catalog,Смесители для душа Hansgrohe Focus Logis,Оригинальные смесители Hansgrohe. Скидка 5% на покупку. Переходите на сайт!,,,,,,,
https://hansgrohe-russia.ru/kollektsii/focus/shopby/hg_tip-smesiteli_dlya_rakoviny?v=3#catalog,Смесители для раковины Hansgrohe Focus,Покупайте оригинальные смесители от бренда Hansgrohe с гарантией производителя!,,,,,,,
https://hansgrohe-russia.ru/kollektsii/focus/shopby/hg_tip-smesiteli_dlya_rakoviny?v=4#catalog,Смесители для раковины Hansgrohe Focus,Оригинальные смесители Hansgrohe. Бесплатная доставка. Покупайте!,,,,,,,
https://hansgrohe-russia.ru/kollektsii/focus/shopby/hg_tip-smesiteli_dlya_rakoviny?v=5#catalog,Смесители для раковины Hansgrohe Focus,Приобретайте смесители Hansgrohe с официальной гарантией. Доставка 0 руб!,,,,,,,
https://hansgrohe-russia.ru/kollektsii/focus/shopby/hg_tip-smesiteli_dlya_rakoviny?v=6#catalog,Смесители для раковины Hansgrohe Focus,Оригинальные смесители Hansgrohe. Скидка 5% на покупку. Переходите на сайт!,,,,,,,
https://hansgrohe-russia.ru/kollektsii/focus/shopby/hg_tip-smesiteli_dlya_rakoviny?v=7#catalog,Смесители для раковины Hansgrohe Focus E2,Покупайте оригинальные смесители от бренда Hansgrohe с гарантией производителя!,,,,,,,
https://hansgrohe-russia.ru/kollektsii/focus/shopby/hg_tip-smesiteli_dlya_rakoviny?v=8#catalog,Смесители для раковины Hansgrohe Focus E2,Оригинальные смесители Hansgrohe. Бесплатная доставка. Покупайте!,,,,,,,
https://hansgrohe-russia.ru/kollektsii/focus/shopby/hg_tip-smesiteli_dlya_rakoviny?v=9#catalog,Смесители для раковины Hansgrohe Focus E2,Приобретайте смесители Hansgrohe с официальной гарантией. Доставка 0 руб!,,,,,,,
https://hansgrohe-russia.ru/kollektsii/focus/shopby/hg_tip-smesiteli_dlya_rakoviny?v=10#catalog,Смесители для раковины Hansgrohe Focus E2,Оригинальные смесители Hansgrohe. Скидка 5% на покупку. Переходите на сайт!,,,,,,,
https://hansgrohe-russia.ru/kollektsii/focus/shopby/hg_tip-smesiteli_dlya_vanny?v=3#catalog,Смесители для ванны Hansgrohe Focus,Покупайте оригинальные смесители от бренда Hansgrohe с гарантией производителя!,,,,,,,
https://hansgrohe-russia.ru/kollektsii/focus/shopby/hg_tip-smesiteli_dlya_vanny?v=4#catalog,Смесители для ванны Hansgrohe Focus,Оригинальные смесители Hansgrohe. Бесплатная доставка. Покупайте!,,,,,,,
https://hansgrohe-russia.ru/kollektsii/focus/shopby/hg_tip-smesiteli_dlya_vanny?v=5#catalog,Смесители для ванны Hansgrohe Focus,Приобретайте смесители Hansgrohe с официальной гарантией. Доставка 0 руб!,,,,,,,
https://hansgrohe-russia.ru/kollektsii/focus/shopby/hg_tip-smesiteli_dlya_vanny?v=6#catalog,Смесители для ванны Hansgrohe Focus,Оригинальные смесители Hansgrohe. Скидка 5% на покупку. Переходите на сайт!,,,,,,,
https://hansgrohe-russia.ru/kollektsii/focus/shopby/hg_tip-smesiteli_dlya_vanny?v=7#catalog,Смесители для ванны Hansgrohe Focus E2,Покупайте оригинальные смесители от бренда Hansgrohe с гарантией производителя!,,,,,,,
https://hansgrohe-russia.ru/kollektsii/focus/shopby/hg_tip-smesiteli_dlya_vanny?v=8#catalog,Смесители для ванны Hansgrohe Focus E2,Оригинальные смесители Hansgrohe. Бесплатная доставка. Покупайте!,,,,,,,
https://hansgrohe-russia.ru/kollektsii/focus/shopby/hg_tip-smesiteli_dlya_vanny?v=9#catalog,Смесители для ванны Hansgrohe Focus E2,Приобретайте смесители Hansgrohe с официальной гарантией. Доставка 0 руб!,,,,,,,
https://hansgrohe-russia.ru/kollektsii/focus/shopby/hg_tip-smesiteli_dlya_vanny?v=10#catalog,Смесители для ванны Hansgrohe Focus E2,Оригинальные смесители Hansgrohe. Скидка 5% на покупку. Переходите на сайт!,,,,,,,
https://hansgrohe-russia.ru/kollektsii/logis-1?v=8,Комплект смесителей Hansgrohe Logis,Покупайте оригинальные смесители от бренда Hansgrohe с гарантией производителя!,,,,,,,
https://hansgrohe-russia.ru/kollektsii/logis-1?v=9,Комплект смесителей Hansgrohe Logis,Оригинальные смесители Hansgrohe. Бесплатная доставка. Покупайте!,,,,,,,
https://hansgrohe-russia.ru/kollektsii/logis-1?v=10,Комплект смесителей Hansgrohe Logis,Приобретайте смесители Hansgrohe с официальной гарантией. Доставка 0 руб!,,,,,,,
https://hansgrohe-russia.ru/kollektsii/logis-1?v=11,Комплект смесителей Hansgrohe Logis,Оригинальные смесители Hansgrohe. Скидка 5% на покупку. Переходите на сайт!,,,,,,,
https://hansgrohe-russia.ru/kollektsii/logis-1?v=12,Набор смесителей Hansgrohe Logis,Покупайте оригинальные смесители от бренда Hansgrohe с гарантией производителя!,,,,,,,
https://hansgrohe-russia.ru/kollektsii/logis-1?v=13,Набор смесителей Hansgrohe Logis,Оригинальные смесители Hansgrohe. Бесплатная доставка. Покупайте!,,,,,,,
https://hansgrohe-russia.ru/kollektsii/logis-1?v=14,Набор смесителей Hansgrohe Logis. Оригинальная продукция,Приобретайте смесители Hansgrohe с официальной гарантией. Доставка 0 руб!,,,,,,,
https://hansgrohe-russia.ru/kollektsii/logis-1?v=15,Набор смесителей Hansgrohe Logis. Суперцены каждый день!,Оригинальные смесители Hansgrohe. Скидка 5% на покупку. Переходите на сайт!,,,,,,,
https://hansgrohe-russia.ru/kollektsii/logis-1?v=16,Смесители Hansgrohe Logis. Доставка по всей России!,Покупайте оригинальные смесители от бренда Hansgrohe с гарантией производителя!,,,,,,,
https://hansgrohe-russia.ru/kollektsii/logis-1?v=17,Смесители Hansgrohe Logis. Получайте подарки за покупку!,Оригинальные смесители Hansgrohe. Бесплатная доставка. Покупайте!,,,,,,,
https://hansgrohe-russia.ru/kollektsii/logis-1?v=18,Смесители Hansgrohe Logis. Оригинальная продукция,Приобретайте смесители Hansgrohe с официальной гарантией. Доставка 0 руб!,,,,,,,
https://hansgrohe-russia.ru/kollektsii/logis-1?v=19,Смесители Hansgrohe Logis. Суперцены каждый день!,Оригинальные смесители Hansgrohe. Скидка 5% на покупку. Переходите на сайт!,,,,,,,
https://hansgrohe-russia.ru/kollektsii/logis-1?v=20,Смесители Hansgrohe Logis 70. Доставка по всей России!,Покупайте оригинальные смесители от бренда Hansgrohe с гарантией производителя!,,,,,,,
https://hansgrohe-russia.ru/kollektsii/logis-1?v=21,Смесители Hansgrohe Logis 70,Оригинальные смесители Hansgrohe. Бесплатная доставка. Покупайте!,,,,,,,
https://hansgrohe-russia.ru/kollektsii/logis-1?v=22,Смесители Hansgrohe Logis 70. Оригинальная продукция,Приобретайте смесители Hansgrohe с официальной гарантией. Доставка 0 руб!,,,,,,,
https://hansgrohe-russia.ru/kollektsii/logis-1?v=23,Смесители Hansgrohe Logis 70. Суперцены каждый день!,Оригинальные смесители Hansgrohe. Скидка 5% на покупку. Переходите на сайт!,,,,,,,
https://hansgrohe-russia.ru/kollektsii/logis-1?v=24,Смесители Hansgrohe Logis Fine. Доставка по всей России!,Покупайте оригинальные смесители от бренда Hansgrohe с гарантией производителя!,,,,,,,
https://hansgrohe-russia.ru/kollektsii/logis-1?v=25,Смесители Hansgrohe Logis Fine,Оригинальные смесители Hansgrohe. Бесплатная доставка. Покупайте!,,,,,,,
https://hansgrohe-russia.ru/kollektsii/logis-1?v=26,Смесители Hansgrohe Logis Fine. Оригинальная продукция,Приобретайте смесители Hansgrohe с официальной гарантией. Доставка 0 руб!,,,,,,,
https://hansgrohe-russia.ru/kollektsii/logis-1?v=27,Смесители Hansgrohe Logis Fine. Суперцены каждый день!,Оригинальные смесители Hansgrohe. Скидка 5% на покупку. Переходите на сайт!,,,,,,,
https://hansgrohe-russia.ru/kollektsii/logis-1?v=28,Смесители Hansrohe Logis 100. Доставка по всей России!,Покупайте оригинальные смесители от бренда Hansgrohe с гарантией производителя!,,,,,,,
https://hansgrohe-russia.ru/kollektsii/logis-1?v=29,Смесители Hansrohe Logis 100,Оригинальные смесители Hansgrohe. Бесплатная доставка. Покупайте!,,,,,,,
https://hansgrohe-russia.ru/kollektsii/logis-1?v=30,Смесители Hansrohe Logis 100. Оригинальная продукция,Приобретайте смесители Hansgrohe с официальной гарантией. Доставка 0 руб!,,,,,,,
https://hansgrohe-russia.ru/kollektsii/logis-1?v=31,Смесители Hansrohe Logis 100. Суперцены каждый день!,Оригинальные смесители Hansgrohe. Скидка 5% на покупку. Переходите на сайт!,,,,,,,
https://hansgrohe-russia.ru/kollektsii/logis-1/shopby/hg_kollektsii-logis_e?v=2#catalog,Смесители Hansgrohe Logis E. Доставка по всей России!,Покупайте оригинальные смесители от бренда Hansgrohe с гарантией производителя!,,,,,,,
https://hansgrohe-russia.ru/kollektsii/logis-1/shopby/hg_kollektsii-logis_e?v=3#catalog,Смесители Hansgrohe Logis E,Оригинальные смесители Hansgrohe. Бесплатная доставка. Покупайте!,,,,,,,
https://hansgrohe-russia.ru/kollektsii/logis-1/shopby/hg_kollektsii-logis_e?v=4#catalog,Смесители Hansgrohe Logis E. Оригинальная продукция,Приобретайте смесители Hansgrohe с официальной гарантией. Доставка 0 руб!,,,,,,,
https://hansgrohe-russia.ru/kollektsii/logis-1/shopby/hg_kollektsii-logis_e?v=5#catalog,Смесители Hansgrohe Logis E. Суперцены каждый день!,Оригинальные смесители Hansgrohe. Скидка 5% на покупку. Переходите на сайт!,,,,,,,
https://hansgrohe-russia.ru/kollektsii/logis-1/shopby/hg_kollektsii-logis_loop?v=2#catalog,Смесители Hansgrohe Logis Loop. Доставка по всей России!,Покупайте оригинальные смесители от бренда Hansgrohe с гарантией производителя!,,,,,,,
https://hansgrohe-russia.ru/kollektsii/logis-1/shopby/hg_kollektsii-logis_loop?v=3#catalog,Смесители Hansgrohe Logis Loop,Оригинальные смесители Hansgrohe. Бесплатная доставка. Покупайте!,,,,,,,
https://hansgrohe-russia.ru/kollektsii/logis-1/shopby/hg_kollektsii-logis_loop?v=4#catalog,Смесители Hansgrohe Logis Loop. Оригинальная продукция,Приобретайте смесители Hansgrohe с официальной гарантией. Доставка 0 руб!,,,,,,,
https://hansgrohe-russia.ru/kollektsii/logis-1/shopby/hg_kollektsii-logis_loop?v=5#catalog,Смесители Hansgrohe Logis Loop. Суперцены каждый день!,Оригинальные смесители Hansgrohe. Скидка 5% на покупку. Переходите на сайт!,,,,,,,
https://hansgrohe-russia.ru/kollektsii/logis-1/shopby/hg_tip-smesiteli_dlya_rakoviny?v=2,Смесители для раковины Hansgrohe Logis Fine,Покупайте оригинальные смесители от бренда Hansgrohe с гарантией производителя!,,,,,,,
https://hansgrohe-russia.ru/kollektsii/logis-1/shopby/hg_tip-smesiteli_dlya_rakoviny?v=3,Смесители для раковины Hansgrohe Logis Fine,Оригинальные смесители Hansgrohe. Бесплатная доставка. Покупайте!,,,,,,,
https://hansgrohe-russia.ru/kollektsii/logis-1/shopby/hg_tip-smesiteli_dlya_rakoviny?v=4,Смесители для раковины Hansgrohe Logis Fine,Приобретайте смесители Hansgrohe с официальной гарантией. Доставка 0 руб!,,,,,,,
https://hansgrohe-russia.ru/kollektsii/logis-1/shopby/hg_tip-smesiteli_dlya_rakoviny?v=5,Смесители для раковины Hansgrohe Logis Fine,Оригинальные смесители Hansgrohe. Скидка 5% на покупку. Переходите на сайт!,,,,,,,
https://hansgrohe-russia.ru/kollektsii/logis-1/shopby/hg_tip-smesiteli_dlya_rakoviny/hg_kollektsii-logis_e?v=2#catalog,Смесители для раковины Hansgrohe Logis E,Покупайте оригинальные смесители от бренда Hansgrohe с гарантией производителя!,,,,,,,
https://hansgrohe-russia.ru/kollektsii/logis-1/shopby/hg_tip-smesiteli_dlya_rakoviny/hg_kollektsii-logis_e?v=3#catalog,Смесители для раковины Hansgrohe Logis E,Оригинальные смесители Hansgrohe. Бесплатная доставка. Покупайте!,,,,,,,
https://hansgrohe-russia.ru/kollektsii/logis-1/shopby/hg_tip-smesiteli_dlya_rakoviny/hg_kollektsii-logis_e?v=4#catalog,Смесители для раковины Hansgrohe Logis E,Приобретайте смесители Hansgrohe с официальной гарантией. Доставка 0 руб!,,,,,,,
https://hansgrohe-russia.ru/kollektsii/logis-1/shopby/hg_tip-smesiteli_dlya_rakoviny/hg_kollektsii-logis_e?v=5#catalog,Смесители для раковины Hansgrohe Logis E,Оригинальные смесители Hansgrohe. Скидка 5% на покупку. Переходите на сайт!,,,,,,,
https://hansgrohe-russia.ru/kollektsii/logis-1/shopby/hg_tip-smesiteli_dlya_rakoviny?v=4#catalog,Смесители для раковины Hansgrohe Logis,Покупайте оригинальные смесители от бренда Hansgrohe с гарантией производителя!,,,,,,,
https://hansgrohe-russia.ru/kollektsii/logis-1/shopby/hg_tip-smesiteli_dlya_rakoviny?v=5#catalog,Смесители для раковины Hansgrohe Logis,Оригинальные смесители Hansgrohe. Бесплатная доставка. Покупайте!,,,,,,,
https://hansgrohe-russia.ru/kollektsii/logis-1/shopby/hg_tip-smesiteli_dlya_rakoviny?v=6#catalog,Смесители для раковины Hansgrohe Logis,Приобретайте смесители Hansgrohe с официальной гарантией. Доставка 0 руб!,,,,,,,
https://hansgrohe-russia.ru/kollektsii/logis-1/shopby/hg_tip-smesiteli_dlya_rakoviny?v=7#catalog,Смесители для раковины Hansgrohe Logis,Оригинальные смесители Hansgrohe. Скидка 5% на покупку. Переходите на сайт!,,,,,,,
https://hansgrohe-russia.ru/kollektsii/logis-1/shopby/hg_tip-smesiteli_dlya_rakoviny?v=8#catalog,Смесители для раковины Hansgrohe Logis 100,Покупайте оригинальные смесители от бренда Hansgrohe с гарантией производителя!,,,,,,,
https://hansgrohe-russia.ru/kollektsii/logis-1/shopby/hg_tip-smesiteli_dlya_rakoviny?v=9#catalog,Смесители для раковины Hansgrohe Logis 100,Оригинальные смесители Hansgrohe. Бесплатная доставка. Покупайте!,,,,,,,
https://hansgrohe-russia.ru/kollektsii/logis-1/shopby/hg_tip-smesiteli_dlya_rakoviny?v=10#catalog,Смесители для раковины Hansgrohe Logis 100,Приобретайте смесители Hansgrohe с официальной гарантией. Доставка 0 руб!,,,,,,,
https://hansgrohe-russia.ru/kollektsii/logis-1/shopby/hg_tip-smesiteli_dlya_rakoviny?v=11#catalog,Смесители для раковины Hansgrohe Logis 100,Оригинальные смесители Hansgrohe. Скидка 5% на покупку. Переходите на сайт!,,,,,,,
https://hansgrohe-russia.ru/kollektsii/logis-1/shopby/hg_tip-smesiteli_dlya_rakoviny?v=12#catalog,Смесители для умывальника Hansgrohe Logis,Покупайте оригинальные смесители от бренда Hansgrohe с гарантией производителя!,,,,,,,
https://hansgrohe-russia.ru/kollektsii/logis-1/shopby/hg_tip-smesiteli_dlya_rakoviny?v=13#catalog,Смесители для умывальника Hansgrohe Logis,Оригинальные смесители Hansgrohe. Бесплатная доставка. Покупайте!,,,,,,,
https://hansgrohe-russia.ru/kollektsii/logis-1/shopby/hg_tip-smesiteli_dlya_rakoviny?v=14#catalog,Смесители для умывальника Hansgrohe Logis,Приобретайте смесители Hansgrohe с официальной гарантией. Доставка 0 руб!,,,,,,,
https://hansgrohe-russia.ru/kollektsii/logis-1/shopby/hg_tip-smesiteli_dlya_rakoviny?v=15#catalog,Смесители для умывальника Hansgrohe Logis,Оригинальные смесители Hansgrohe. Скидка 5% на покупку. Переходите на сайт!,,,,,,,
https://hansgrohe-russia.ru/kollektsii/logis-1/shopby/hg_tip-smesiteli_dlya_vanny/hg_kollektsii-logis_e?v=2#catalog,Смесители для ванны Hansgrohe Logis E,Покупайте оригинальные смесители от бренда Hansgrohe с гарантией производителя!,,,,,,,
https://hansgrohe-russia.ru/kollektsii/logis-1/shopby/hg_tip-smesiteli_dlya_vanny/hg_kollektsii-logis_e?v=3#catalog,Смесители для ванны Hansgrohe Logis E,Оригинальные смесители Hansgrohe. Бесплатная доставка. Покупайте!,,,,,,,
https://hansgrohe-russia.ru/kollektsii/logis-1/shopby/hg_tip-smesiteli_dlya_vanny/hg_kollektsii-logis_e?v=4#catalog,Смесители для ванны Hansgrohe Logis E,Приобретайте смесители Hansgrohe с официальной гарантией. Доставка 0 руб!,,,,,,,
https://hansgrohe-russia.ru/kollektsii/logis-1/shopby/hg_tip-smesiteli_dlya_vanny/hg_kollektsii-logis_e?v=5#catalog,Смесители для ванны Hansgrohe Logis E,Оригинальные смесители Hansgrohe. Скидка 5% на покупку. Переходите на сайт!,,,,,,,
https://hansgrohe-russia.ru/kollektsii/logis-1/shopby/hg_tip-smesiteli_dlya_vanny?v=3#catalog,Смесители для ванны Hansgrohe Logis,Покупайте оригинальные смесители от бренда Hansgrohe с гарантией производителя!,,,,,,,
https://hansgrohe-russia.ru/kollektsii/logis-1/shopby/hg_tip-smesiteli_dlya_vanny?v=4#catalog,Смесители для ванны Hansgrohe Logis,Оригинальные смесители Hansgrohe. Бесплатная доставка. Покупайте!,,,,,,,
https://hansgrohe-russia.ru/kollektsii/logis-1/shopby/hg_tip-smesiteli_dlya_vanny?v=5#catalog,Смесители для ванны Hansgrohe Logis,Приобретайте смесители Hansgrohe с официальной гарантией. Доставка 0 руб!,,,,,,,
https://hansgrohe-russia.ru/kollektsii/logis-1/shopby/hg_tip-smesiteli_dlya_vanny?v=6#catalog,Смесители для ванны Hansgrohe Logis,Оригинальные смесители Hansgrohe. Скидка 5% на покупку. Переходите на сайт!,,,,,,,
https://hansgrohe-russia.ru/kollektsii/logis-1/shopby/hg_tip-smesiteli_dlya_vanny?v=7#catalog,Смесители для ванны Hansgrohe Logis хромированные,Покупайте оригинальные смесители от бренда Hansgrohe с гарантией производителя!,,,,,,,
https://hansgrohe-russia.ru/kollektsii/logis-1/shopby/hg_tip-smesiteli_dlya_vanny?v=8#catalog,Смесители для ванны Hansgrohe Logis хромированные,Оригинальные смесители Hansgrohe. Бесплатная доставка. Покупайте!,,,,,,,
https://hansgrohe-russia.ru/kollektsii/logis-1/shopby/hg_tip-smesiteli_dlya_vanny?v=9#catalog,Смесители для ванны Hansgrohe Logis хромированные,Приобретайте смесители Hansgrohe с официальной гарантией. Доставка 0 руб!,,,,,,,
https://hansgrohe-russia.ru/kollektsii/logis-1/shopby/hg_tip-smesiteli_dlya_vanny?v=10#catalog,Смесители для ванны Hansgrohe Logis хромированные,Оригинальные смесители Hansgrohe. Скидка 5% на покупку. Переходите на сайт!,,,,,,,
https://hansgrohe-russia.ru/kollektsii/metris-1?v=2,Смесители Hansgrohe Metris. Доставка по всей России!,Покупайте оригинальные смесители от бренда Hansgrohe с гарантией производителя!,,,,,,,
https://hansgrohe-russia.ru/kollektsii/metris-1?v=3,Смесители Hansgrohe Metris,Оригинальные смесители Hansgrohe. Бесплатная доставка. Покупайте!,,,,,,,
https://hansgrohe-russia.ru/kollektsii/metris-1?v=4,Смесители Hansgrohe Metris. Оригинальная продукция,Приобретайте смесители Hansgrohe с официальной гарантией. Доставка 0 руб!,,,,,,,
https://hansgrohe-russia.ru/kollektsii/metris-1?v=5,Смесители Hansgrohe Metris. Суперцены каждый день!,Оригинальные смесители Hansgrohe. Скидка 5% на покупку. Переходите на сайт!,,,,,,,
https://hansgrohe-russia.ru/kollektsii/metris-1/shopby/hg_kollektsii-metris_classic?v=2#catalog,Смесители Hansgrohe Metris Classic,Покупайте оригинальные смесители от бренда Hansgrohe с гарантией производителя!,,,,,,,
https://hansgrohe-russia.ru/kollektsii/metris-1/shopby/hg_kollektsii-metris_classic?v=3#catalog,Смесители Hansgrohe Metris Classic,Оригинальные смесители Hansgrohe. Бесплатная доставка. Покупайте!,,,,,,,
https://hansgrohe-russia.ru/kollektsii/metris-1/shopby/hg_kollektsii-metris_classic?v=4#catalog,Смесители Hansgrohe Metris Classic,Приобретайте смесители Hansgrohe с официальной гарантией. Доставка 0 руб!,,,,,,,
https://hansgrohe-russia.ru/kollektsii/metris-1/shopby/hg_kollektsii-metris_classic?v=5#catalog,Смесители Hansgrohe Metris Classic,Оригинальные смесители Hansgrohe. Скидка 5% на покупку. Переходите на сайт!,,,,,,,
https://hansgrohe-russia.ru/kollektsii/metris-1/shopby/hg_kollektsii-metris_s?v=2#catalog,Смесители Hansgrohe Metris S. Доставка по всей России!,Покупайте оригинальные смесители от бренда Hansgrohe с гарантией производителя!,,,,,,,
https://hansgrohe-russia.ru/kollektsii/metris-1/shopby/hg_kollektsii-metris_s?v=3#catalog,Смесители Hansgrohe Metris S,Оригинальные смесители Hansgrohe. Бесплатная доставка. Покупайте!,,,,,,,
https://hansgrohe-russia.ru/kollektsii/metris-1/shopby/hg_kollektsii-metris_s?v=4#catalog,Смесители Hansgrohe Metris S. Оригинальная продукция,Приобретайте смесители Hansgrohe с официальной гарантией. Доставка 0 руб!,,,,,,,
https://hansgrohe-russia.ru/kollektsii/metris-1/shopby/hg_kollektsii-metris_s?v=5#catalog,Смесители Hansgrohe Metris S. Суперцены каждый день!,Оригинальные смесители Hansgrohe. Скидка 5% на покупку. Переходите на сайт!,,,,,,,
https://hansgrohe-russia.ru/kollektsii/metris-1/shopby/hg_tip-smesiteli_dlya_dusha?v=2#catalog,Смесители для душа Hansgrohe Metris,Покупайте оригинальные смесители от бренда Hansgrohe с гарантией производителя!,,,,,,,
https://hansgrohe-russia.ru/kollektsii/metris-1/shopby/hg_tip-smesiteli_dlya_dusha?v=3#catalog,Смесители для душа Hansgrohe Metris,Оригинальные смесители Hansgrohe. Бесплатная доставка. Покупайте!,,,,,,,
https://hansgrohe-russia.ru/kollektsii/metris-1/shopby/hg_tip-smesiteli_dlya_dusha?v=4#catalog,Смесители для душа Hansgrohe Metris,Приобретайте смесители Hansgrohe с официальной гарантией. Доставка 0 руб!,,,,,,,
https://hansgrohe-russia.ru/kollektsii/metris-1/shopby/hg_tip-smesiteli_dlya_dusha?v=5#catalog,Смесители для душа Hansgrohe Metris,Оригинальные смесители Hansgrohe. Скидка 5% на покупку. Переходите на сайт!,,,,,,,
https://hansgrohe-russia.ru/kollektsii/metris-1/shopby/hg_tip-smesiteli_dlya_rakoviny-smesiteli_dlya_kuhonnoy_moyki/hg_kollektsii-metris_s?v=2#catalog,Смесители для раковины Hansgrohe Metris S,Покупайте оригинальные смесители от бренда Hansgrohe с гарантией производителя!,,,,,,,
https://hansgrohe-russia.ru/kollektsii/metris-1/shopby/hg_tip-smesiteli_dlya_rakoviny-smesiteli_dlya_kuhonnoy_moyki/hg_kollektsii-metris_s?v=3#catalog,Смесители для раковины Hansgrohe Metris S,Оригинальные смесители Hansgrohe. Бесплатная доставка. Покупайте!,,,,,,,
https://hansgrohe-russia.ru/kollektsii/metris-1/shopby/hg_tip-smesiteli_dlya_rakoviny-smesiteli_dlya_kuhonnoy_moyki/hg_kollektsii-metris_s?v=4#catalog,Смесители для раковины Hansgrohe Metris S,Приобретайте смесители Hansgrohe с официальной гарантией. Доставка 0 руб!,,,,,,,
https://hansgrohe-russia.ru/kollektsii/metris-1/shopby/hg_tip-smesiteli_dlya_rakoviny-smesiteli_dlya_kuhonnoy_moyki/hg_kollektsii-metris_s?v=5#catalog,Смесители для раковины Hansgrohe Metris S,Оригинальные смесители Hansgrohe. Скидка 5% на покупку. Переходите на сайт!,,,,,,,
https://hansgrohe-russia.ru/kollektsii/metris-1/shopby/hg_tip-smesiteli_dlya_rakoviny-smesiteli_dlya_kuhonnoy_moyki?v=2#catalog,Смесители для раковины Hansgrohe Metris,Покупайте оригинальные смесители от бренда Hansgrohe с гарантией производителя!,,,,,,,
https://hansgrohe-russia.ru/kollektsii/metris-1/shopby/hg_tip-smesiteli_dlya_rakoviny-smesiteli_dlya_kuhonnoy_moyki?v=3#catalog,Смесители для раковины Hansgrohe Metris,Оригинальные смесители Hansgrohe. Бесплатная доставка. Покупайте!,,,,,,,
https://hansgrohe-russia.ru/kollektsii/metris-1/shopby/hg_tip-smesiteli_dlya_rakoviny-smesiteli_dlya_kuhonnoy_moyki?v=4#catalog,Смесители для раковины Hansgrohe Metris,Приобретайте смесители Hansgrohe с официальной гарантией. Доставка 0 руб!,,,,,,,
https://hansgrohe-russia.ru/kollektsii/metris-1/shopby/hg_tip-smesiteli_dlya_rakoviny-smesiteli_dlya_kuhonnoy_moyki?v=5#catalog,Смесители для раковины Hansgrohe Metris,Оригинальные смесители Hansgrohe. Скидка 5% на покупку. Переходите на сайт!,,,,,,,
https://hansgrohe-russia.ru/kollektsii/metris-1/shopby/hg_tip-smesiteli_dlya_vanny/hg_kollektsii-metris_s?v=2#catalog,Смесители для ванны Hansgrohe Metris S,Покупайте оригинальные смесители от бренда Hansgrohe с гарантией производителя!,,,,,,,
https://hansgrohe-russia.ru/kollektsii/metris-1/shopby/hg_tip-smesiteli_dlya_vanny/hg_kollektsii-metris_s?v=3#catalog,Смесители для ванны Hansgrohe Metris S,Оригинальные смесители Hansgrohe. Бесплатная доставка. Покупайте!,,,,,,,
https://hansgrohe-russia.ru/kollektsii/metris-1/shopby/hg_tip-smesiteli_dlya_vanny/hg_kollektsii-metris_s?v=4#catalog,Смесители для ванны Hansgrohe Metris S,Приобретайте смесители Hansgrohe с официальной гарантией. Доставка 0 руб!,,,,,,,
https://hansgrohe-russia.ru/kollektsii/metris-1/shopby/hg_tip-smesiteli_dlya_vanny/hg_kollektsii-metris_s?v=5#catalog,Смесители для ванны Hansgrohe Metris S,Оригинальные смесители Hansgrohe. Скидка 5% на покупку. Переходите на сайт!,,,,,,,
https://hansgrohe-russia.ru/kollektsii/metris-1/shopby/hg_tip-smesiteli_dlya_vanny?v=2#catalog,Смесители для ванны Hansgrohe Metris,Покупайте оригинальные смесители от бренда Hansgrohe с гарантией производителя!,,,,,,,
https://hansgrohe-russia.ru/kollektsii/metris-1/shopby/hg_tip-smesiteli_dlya_vanny?v=3#catalog,Смесители для ванны Hansgrohe Metris,Оригинальные смесители Hansgrohe. Бесплатная доставка. Покупайте!,,,,,,,
https://hansgrohe-russia.ru/kollektsii/metris-1/shopby/hg_tip-smesiteli_dlya_vanny?v=4#catalog,Смесители для ванны Hansgrohe Metris,Приобретайте смесители Hansgrohe с официальной гарантией. Доставка 0 руб!,,,,,,,
https://hansgrohe-russia.ru/kollektsii/metris-1/shopby/hg_tip-smesiteli_dlya_vanny?v=5#catalog,Смесители для ванны Hansgrohe Metris,Оригинальные смесители Hansgrohe. Скидка 5% на покупку. Переходите на сайт!,,,,,,,
https://hansgrohe-russia.ru/kollektsii/metropol?v=2,Смесители Hansgrohe Metropol. Доставка по всей России!,Покупайте оригинальные смесители от бренда Hansgrohe с гарантией производителя!,,,,,,,
https://hansgrohe-russia.ru/kollektsii/metropol?v=3,Смесители Hansgrohe Metropol,Оригинальные смесители Hansgrohe. Бесплатная доставка. Покупайте!,,,,,,,
https://hansgrohe-russia.ru/kollektsii/metropol?v=4,Смесители Hansgrohe Metropol. Оригинальная продукция,Приобретайте смесители Hansgrohe с официальной гарантией. Доставка 0 руб!,,,,,,,
https://hansgrohe-russia.ru/kollektsii/metropol?v=5,Смесители Hansgrohe Metropol. Суперцены каждый день!,Оригинальные смесители Hansgrohe. Скидка 5% на покупку. Переходите на сайт!,,,,,,,
https://hansgrohe-russia.ru/kollektsii/metropol/shopby/hg_kollektsii-metropol_classic?v=2#catalog,Смесители Hansgrohe Metropol Classic,Покупайте оригинальные смесители от бренда Hansgrohe с гарантией производителя!,,,,,,,
https://hansgrohe-russia.ru/kollektsii/metropol/shopby/hg_kollektsii-metropol_classic?v=3#catalog,Смесители Hansgrohe Metropol Classic,Оригинальные смесители Hansgrohe. Бесплатная доставка. Покупайте!,,,,,,,
https://hansgrohe-russia.ru/kollektsii/metropol/shopby/hg_kollektsii-metropol_classic?v=4#catalog,Смесители Hansgrohe Metropol Classic,Приобретайте смесители Hansgrohe с официальной гарантией. Доставка 0 руб!,,,,,,,
https://hansgrohe-russia.ru/kollektsii/metropol/shopby/hg_kollektsii-metropol_classic?v=5#catalog,Смесители Hansgrohe Metropol Classic,Оригинальные смесители Hansgrohe. Скидка 5% на покупку. Переходите на сайт!,,,,,,,
https://hansgrohe-russia.ru/kollektsii/metropol/shopby/hg_tip-smesiteli_dlya_rakoviny?v=2#catalog,Смесители для раковины Hansgrohe Metropol,Покупайте оригинальные смесители от бренда Hansgrohe с гарантией производителя!,,,,,,,
https://hansgrohe-russia.ru/kollektsii/metropol/shopby/hg_tip-smesiteli_dlya_rakoviny?v=3#catalog,Смесители для раковины Hansgrohe Metropol,Оригинальные смесители Hansgrohe. Бесплатная доставка. Покупайте!,,,,,,,
https://hansgrohe-russia.ru/kollektsii/metropol/shopby/hg_tip-smesiteli_dlya_rakoviny?v=4#catalog,Смесители для раковины Hansgrohe Metropol,Приобретайте смесители Hansgrohe с официальной гарантией. Доставка 0 руб!,,,,,,,
https://hansgrohe-russia.ru/kollektsii/metropol/shopby/hg_tip-smesiteli_dlya_rakoviny?v=5#catalog,Смесители для раковины Hansgrohe Metropol,Оригинальные смесители Hansgrohe. Скидка 5% на покупку. Переходите на сайт!,,,,,,,
https://hansgrohe-russia.ru/kollektsii/metropol/shopby/hg_tip-smesiteli_dlya_vanny?v=2#catalog,Смесители для ванны Hansgrohe Metropol,Покупайте оригинальные смесители от бренда Hansgrohe с гарантией производителя!,,,,,,,
https://hansgrohe-russia.ru/kollektsii/metropol/shopby/hg_tip-smesiteli_dlya_vanny?v=3#catalog,Смесители для ванны Hansgrohe Metropol,Оригинальные смесители Hansgrohe. Бесплатная доставка. Покупайте!,,,,,,,
https://hansgrohe-russia.ru/kollektsii/metropol/shopby/hg_tip-smesiteli_dlya_vanny?v=4#catalog,Смесители для ванны Hansgrohe Metropol,Приобретайте смесители Hansgrohe с официальной гарантией. Доставка 0 руб!,,,,,,,
https://hansgrohe-russia.ru/kollektsii/metropol/shopby/hg_tip-smesiteli_dlya_vanny?v=5#catalog,Смесители для ванны Hansgrohe Metropol,Оригинальные смесители Hansgrohe. Скидка 5% на покупку. Переходите на сайт!,,,,,,,
https://hansgrohe-russia.ru/kollektsii/novus?v=2,Смесители Hansgrohe Novus. Доставка по всей России!,Покупайте оригинальные смесители от бренда Hansgrohe с гарантией производителя!,,,,,,,
https://hansgrohe-russia.ru/kollektsii/novus?v=3,Смесители Hansgrohe Novus. Получайте подарки за покупку!,Оригинальные смесители Hansgrohe. Бесплатная доставка. Покупайте!,,,,,,,
https://hansgrohe-russia.ru/kollektsii/novus?v=4,Смесители Hansgrohe Novus. Оригинальная продукция,Приобретайте смесители Hansgrohe с официальной гарантией. Доставка 0 руб!,,,,,,,
https://hansgrohe-russia.ru/kollektsii/novus?v=5,Смесители Hansgrohe Novus. Суперцены каждый день!,Оригинальные смесители Hansgrohe. Скидка 5% на покупку. Переходите на сайт!,,,,,,,
https://hansgrohe-russia.ru/kollektsii/novus/shopby/hg_tip-smesiteli_dlya_rakoviny?v=2#catalog,Смесители для раковины Hansgrohe Novus,Покупайте оригинальные смесители от бренда Hansgrohe с гарантией производителя!,,,,,,,
https://hansgrohe-russia.ru/kollektsii/novus/shopby/hg_tip-smesiteli_dlya_rakoviny?v=3#catalog,Смесители для раковины Hansgrohe Novus,Оригинальные смесители Hansgrohe. Бесплатная доставка. Покупайте!,,,,,,,
https://hansgrohe-russia.ru/kollektsii/novus/shopby/hg_tip-smesiteli_dlya_rakoviny?v=4#catalog,Смесители для раковины Hansgrohe Novus,Приобретайте смесители Hansgrohe с официальной гарантией. Доставка 0 руб!,,,,,,,
https://hansgrohe-russia.ru/kollektsii/novus/shopby/hg_tip-smesiteli_dlya_rakoviny?v=5#catalog,Смесители для раковины Hansgrohe Novus,Оригинальные смесители Hansgrohe. Скидка 5% на покупку. Переходите на сайт!,,,,,,,
https://hansgrohe-russia.ru/kollektsii/novus/shopby/hg_tip-smesiteli_dlya_vanny?v=2#catalog,Смесители для ванны Hansgrohe Novus,Покупайте оригинальные смесители от бренда Hansgrohe с гарантией производителя!,,,,,,,
https://hansgrohe-russia.ru/kollektsii/novus/shopby/hg_tip-smesiteli_dlya_vanny?v=3#catalog,Смесители для ванны Hansgrohe Novus,Оригинальные смесители Hansgrohe. Бесплатная доставка. Покупайте!,,,,,,,
https://hansgrohe-russia.ru/kollektsii/novus/shopby/hg_tip-smesiteli_dlya_vanny?v=4#catalog,Смесители для ванны Hansgrohe Novus,Приобретайте смесители Hansgrohe с официальной гарантией. Доставка 0 руб!,,,,,,,
https://hansgrohe-russia.ru/kollektsii/novus/shopby/hg_tip-smesiteli_dlya_vanny?v=5#catalog,Смесители для ванны Hansgrohe Novus,Оригинальные смесители Hansgrohe. Скидка 5% на покупку. Переходите на сайт!,,,,,,,
https://hansgrohe-russia.ru/kollektsii/puravida?v=2,Смесители Hansgrohe Puravida. Доставка по всей России!,Покупайте оригинальные смесители от бренда Hansgrohe с гарантией производителя!,,,,,,,
https://hansgrohe-russia.ru/kollektsii/puravida?v=3,Смесители Hansgrohe Puravida,Оригинальные смесители Hansgrohe. Бесплатная доставка. Покупайте!,,,,,,,
https://hansgrohe-russia.ru/kollektsii/puravida?v=4,Смесители Hansgrohe Puravida. Оригинальная продукция,Приобретайте смесители Hansgrohe с официальной гарантией. Доставка 0 руб!,,,,,,,
https://hansgrohe-russia.ru/kollektsii/puravida?v=5,Смесители Hansgrohe Puravida. Суперцены каждый день!,Оригинальные смесители Hansgrohe. Скидка 5% на покупку. Переходите на сайт!,,,,,,,
https://hansgrohe-russia.ru/kollektsii/puravida/shopby/hg_tip-smesiteli_dlya_rakoviny?v=2#catalog,Смесители для раковины Hansgrohe Puravida,Покупайте оригинальные смесители от бренда Hansgrohe с гарантией производителя!,,,,,,,
https://hansgrohe-russia.ru/kollektsii/puravida/shopby/hg_tip-smesiteli_dlya_rakoviny?v=3#catalog,Смесители для раковины Hansgrohe Puravida,Оригинальные смесители Hansgrohe. Бесплатная доставка. Покупайте!,,,,,,,
https://hansgrohe-russia.ru/kollektsii/puravida/shopby/hg_tip-smesiteli_dlya_rakoviny?v=4#catalog,Смесители для раковины Hansgrohe Puravida,Приобретайте смесители Hansgrohe с официальной гарантией. Доставка 0 руб!,,,,,,,
https://hansgrohe-russia.ru/kollektsii/puravida/shopby/hg_tip-smesiteli_dlya_rakoviny?v=5#catalog,Смесители для раковины Hansgrohe Puravida,Оригинальные смесители Hansgrohe. Скидка 5% на покупку. Переходите на сайт!,,,,,,,
https://hansgrohe-russia.ru/kollektsii/puravida/shopby/hg_tip-smesiteli_dlya_vanny?v=2#catalog,Смесители для ванны Hansgrohe Puravida,Покупайте оригинальные смесители от бренда Hansgrohe с гарантией производителя!,,,,,,,
https://hansgrohe-russia.ru/kollektsii/puravida/shopby/hg_tip-smesiteli_dlya_vanny?v=3#catalog,Смесители для ванны Hansgrohe Puravida,Оригинальные смесители Hansgrohe. Бесплатная доставка. Покупайте!,,,,,,,
https://hansgrohe-russia.ru/kollektsii/puravida/shopby/hg_tip-smesiteli_dlya_vanny?v=4#catalog,Смесители для ванны Hansgrohe Puravida,Приобретайте смесители Hansgrohe с официальной гарантией. Доставка 0 руб!,,,,,,,
https://hansgrohe-russia.ru/kollektsii/puravida/shopby/hg_tip-smesiteli_dlya_vanny?v=5#catalog,Смесители для ванны Hansgrohe Puravida,Оригинальные смесители Hansgrohe. Скидка 5% на покупку. Переходите на сайт!,,,,,,,
https://hansgrohe-russia.ru/kollektsii/raindance/shopby/hg_tip-dushevye_sistemy?v=2#catalog,Смесители Hansgrohe Raindance. Доставка по всей России!,Покупайте оригинальные смесители от бренда Hansgrohe с гарантией производителя!,,,,,,,
https://hansgrohe-russia.ru/kollektsii/raindance/shopby/hg_tip-dushevye_sistemy?v=3#catalog,Смесители Hansgrohe Raindance,Оригинальные смесители Hansgrohe. Бесплатная доставка. Покупайте!,,,,,,,
https://hansgrohe-russia.ru/kollektsii/raindance/shopby/hg_tip-dushevye_sistemy?v=4#catalog,Смесители Hansgrohe Raindance. Оригинальная продукция,Приобретайте смесители Hansgrohe с официальной гарантией. Доставка 0 руб!,,,,,,,
https://hansgrohe-russia.ru/kollektsii/raindance/shopby/hg_tip-dushevye_sistemy?v=5#catalog,Смесители Hansgrohe Raindance. Суперцены каждый день!,Оригинальные смесители Hansgrohe. Скидка 5% на покупку. Переходите на сайт!,,,,,,,
https://hansgrohe-russia.ru/kollektsii/talis-m51?v=2,Смесители Hansgrohe Talis M51. Доставка по всей России!,Покупайте оригинальные смесители от бренда Hansgrohe с гарантией производителя!,,,,,,,
https://hansgrohe-russia.ru/kollektsii/talis-m51?v=3,Смесители Hansgrohe Talis M51,Оригинальные смесители Hansgrohe. Бесплатная доставка. Покупайте!,,,,,,,
https://hansgrohe-russia.ru/kollektsii/talis-m51?v=4,Смесители Hansgrohe Talis M51. Оригинальная продукция,Приобретайте смесители Hansgrohe с официальной гарантией. Доставка 0 руб!,,,,,,,
https://hansgrohe-russia.ru/kollektsii/talis-m51?v=5,Смесители Hansgrohe Talis M51. Суперцены каждый день!,Оригинальные смесители Hansgrohe. Скидка 5% на покупку. Переходите на сайт!,,,,,,,
https://hansgrohe-russia.ru/kollektsii/talis-m54?v=3,Смесители Hansgrohe M54. Доставка по всей России!,Покупайте оригинальные смесители от бренда Hansgrohe с гарантией производителя!,,,,,,,
https://hansgrohe-russia.ru/kollektsii/talis-m54?v=4,Смесители Hansgrohe M54. Получайте подарки за покупку!,Оригинальные смесители Hansgrohe. Бесплатная доставка. Покупайте!,,,,,,,
https://hansgrohe-russia.ru/kollektsii/talis-m54?v=5,Смесители Hansgrohe M54. Оригинальная продукция,Приобретайте смесители Hansgrohe с официальной гарантией. Доставка 0 руб!,,,,,,,
https://hansgrohe-russia.ru/kollektsii/talis-m54?v=6,Смесители Hansgrohe M54. Суперцены каждый день!,Оригинальные смесители Hansgrohe. Скидка 5% на покупку. Переходите на сайт!,,,,,,,
https://hansgrohe-russia.ru/kollektsii/talis-m54?v=7,Смесители Hansgrohe Talis M54. Доставка по всей России!,Покупайте оригинальные смесители от бренда Hansgrohe с гарантией производителя!,,,,,,,
https://hansgrohe-russia.ru/kollektsii/talis-m54?v=8,Смесители Hansgrohe Talis M54,Оригинальные смесители Hansgrohe. Бесплатная доставка. Покупайте!,,,,,,,
https://hansgrohe-russia.ru/kollektsii/talis-m54?v=9,Смесители Hansgrohe Talis M54. Оригинальная продукция,Приобретайте смесители Hansgrohe с официальной гарантией. Доставка 0 руб!,,,,,,,
https://hansgrohe-russia.ru/kollektsii/talis-m54?v=10,Смесители Hansgrohe Talis M54. Суперцены каждый день!,Оригинальные смесители Hansgrohe. Скидка 5% на покупку. Переходите на сайт!,,,,,,,
https://hansgrohe-russia.ru/kollektsii/vernis/shopby/hg_kollektsii-vernis_blend/hg_tip-smesiteli_dlya_dusha?v=2#catalog,Смесители для душа Hansgrohe Vernis Blend,Покупайте оригинальные смесители от бренда Hansgrohe с гарантией производителя!,,,,,,,
https://hansgrohe-russia.ru/kollektsii/vernis/shopby/hg_kollektsii-vernis_blend/hg_tip-smesiteli_dlya_dusha?v=3#catalog,Смесители для душа Hansgrohe Vernis Blend,Оригинальные смесители Hansgrohe. Бесплатная доставка. Покупайте!,,,,,,,
https://hansgrohe-russia.ru/kollektsii/vernis/shopby/hg_kollektsii-vernis_blend/hg_tip-smesiteli_dlya_dusha?v=4#catalog,Смесители для душа Hansgrohe Vernis Blend,Приобретайте смесители Hansgrohe с официальной гарантией. Доставка 0 руб!,,,,,,,
https://hansgrohe-russia.ru/kollektsii/vernis/shopby/hg_kollektsii-vernis_blend/hg_tip-smesiteli_dlya_dusha?v=5#catalog,Смесители для душа Hansgrohe Vernis Blend,Оригинальные смесители Hansgrohe. Скидка 5% на покупку. Переходите на сайт!,,,,,,,
https://hansgrohe-russia.ru/kollektsii/vernis/shopby/hg_kollektsii-vernis_blend/hg_tip-smesiteli_dlya_rakoviny?v=2#catalog,Смесители для раковины Hansgrohe Vernis Blend,Покупайте оригинальные смесители от бренда Hansgrohe с гарантией производителя!,,,,,,,
https://hansgrohe-russia.ru/kollektsii/vernis/shopby/hg_kollektsii-vernis_blend/hg_tip-smesiteli_dlya_rakoviny?v=3#catalog,Смесители для раковины Hansgrohe Vernis Blend,Оригинальные смесители Hansgrohe. Бесплатная доставка. Покупайте!,,,,,,,
https://hansgrohe-russia.ru/kollektsii/vernis/shopby/hg_kollektsii-vernis_blend/hg_tip-smesiteli_dlya_rakoviny?v=4#catalog,Смесители для раковины Hansgrohe Vernis Blend,Приобретайте смесители Hansgrohe с официальной гарантией. Доставка 0 руб!,,,,,,,
https://hansgrohe-russia.ru/kollektsii/vernis/shopby/hg_kollektsii-vernis_blend/hg_tip-smesiteli_dlya_rakoviny?v=5#catalog,Смесители для раковины Hansgrohe Vernis Blend,Оригинальные смесители Hansgrohe. Скидка 5% на покупку. Переходите на сайт!,,,,,,,
https://hansgrohe-russia.ru/kollektsii/vernis/shopby/hg_tip-smesiteli_dlya_rakoviny?v=4,Смесители для раковины Hansgrohe Vernis,Покупайте оригинальные смесители от бренда Hansgrohe с гарантией производителя!,,,,,,,
https://hansgrohe-russia.ru/kollektsii/vernis/shopby/hg_tip-smesiteli_dlya_rakoviny?v=5,Смесители для раковины Hansgrohe Vernis,Оригинальные смесители Hansgrohe. Бесплатная доставка. Покупайте!,,,,,,,
https://hansgrohe-russia.ru/kollektsii/vernis/shopby/hg_tip-smesiteli_dlya_rakoviny?v=6,Смесители для раковины Hansgrohe Vernis,Приобретайте смесители Hansgrohe с официальной гарантией. Доставка 0 руб!,,,,,,,
https://hansgrohe-russia.ru/kollektsii/vernis/shopby/hg_tip-smesiteli_dlya_rakoviny?v=7,Смесители для раковины Hansgrohe Vernis,Оригинальные смесители Hansgrohe. Скидка 5% на покупку. Переходите на сайт!,,,,,,,
https://hansgrohe-russia.ru/kollektsii/vernis/shopby/hg_tip-smesiteli_dlya_rakoviny?v=8,Смесители для раковины Hansgrohe Vernis 100,Покупайте оригинальные смесители от бренда Hansgrohe с гарантией производителя!,,,,,,,
https://hansgrohe-russia.ru/kollektsii/vernis/shopby/hg_tip-smesiteli_dlya_rakoviny?v=9,Смесители для раковины Hansgrohe Vernis 100,Оригинальные смесители Hansgrohe. Бесплатная доставка. Покупайте!,,,,,,,
https://hansgrohe-russia.ru/kollektsii/vernis/shopby/hg_tip-smesiteli_dlya_rakoviny?v=10,Смесители для раковины Hansgrohe Vernis 100,Приобретайте смесители Hansgrohe с официальной гарантией. Доставка 0 руб!,,,,,,,
https://hansgrohe-russia.ru/kollektsii/vernis/shopby/hg_tip-smesiteli_dlya_rakoviny?v=11,Смесители для раковины Hansgrohe Vernis 100,Оригинальные смесители Hansgrohe. Скидка 5% на покупку. Переходите на сайт!,,,,,,,
https://hansgrohe-russia.ru/kollektsii/vernis/shopby/hg_tip-smesiteli_dlya_rakoviny?v=12,Смесители для раковины Hansgrohe Vernis 70,Покупайте оригинальные смесители от бренда Hansgrohe с гарантией производителя!,,,,,,,
https://hansgrohe-russia.ru/kollektsii/vernis/shopby/hg_tip-smesiteli_dlya_rakoviny?v=13,Смесители для раковины Hansgrohe Vernis 70,Оригинальные смесители Hansgrohe. Бесплатная доставка. Покупайте!,,,,,,,
https://hansgrohe-russia.ru/kollektsii/vernis/shopby/hg_tip-smesiteli_dlya_rakoviny?v=14,Смесители для раковины Hansgrohe Vernis 70,Приобретайте смесители Hansgrohe с официальной гарантией. Доставка 0 руб!,,,,,,,
https://hansgrohe-russia.ru/kollektsii/vernis/shopby/hg_tip-smesiteli_dlya_rakoviny?v=15,Смесители для раковины Hansgrohe Vernis 70,Оригинальные смесители Hansgrohe. Скидка 5% на покупку. Переходите на сайт!,,,,,,,
https://hansgrohe-russia.ru/kollektsii/vernis/shopby/hg_tip-smesiteli_dlya_rakoviny/hg_kollektsii-vernis_shape?v=2#catalog,Смесители для раковины Hansgrohe Vernis Shape,Покупайте оригинальные смесители от бренда Hansgrohe с гарантией производителя!,,,,,,,
https://hansgrohe-russia.ru/kollektsii/vernis/shopby/hg_tip-smesiteli_dlya_rakoviny/hg_kollektsii-vernis_shape?v=3#catalog,Смесители для раковины Hansgrohe Vernis Shape,Оригинальные смесители Hansgrohe. Бесплатная доставка. Покупайте!,,,,,,,
https://hansgrohe-russia.ru/kollektsii/vernis/shopby/hg_tip-smesiteli_dlya_rakoviny/hg_kollektsii-vernis_shape?v=4#catalog,Смесители для раковины Hansgrohe Vernis Shape,Приобретайте смесители Hansgrohe с официальной гарантией. Доставка 0 руб!,,,,,,,
https://hansgrohe-russia.ru/kollektsii/vernis/shopby/hg_tip-smesiteli_dlya_rakoviny/hg_kollektsii-vernis_shape?v=5#catalog,Смесители для раковины Hansgrohe Vernis Shape,Оригинальные смесители Hansgrohe. Скидка 5% на покупку. Переходите на сайт!,,,,,,,
https://hansgrohe-russia.ru/kollektsii/vernis/shopby/hg_tip-smesiteli_dlya_vanny/hg_kollektsii-vernis_blend?v=2#catalog,Смесители для ванны Hansgrohe Vernis Bland,Покупайте оригинальные смесители от бренда Hansgrohe с гарантией производителя!,,,,,,,
https://hansgrohe-russia.ru/kollektsii/vernis/shopby/hg_tip-smesiteli_dlya_vanny/hg_kollektsii-vernis_blend?v=3#catalog,Смесители для ванны Hansgrohe Vernis Bland,Оригинальные смесители Hansgrohe. Бесплатная доставка. Покупайте!,,,,,,,
https://hansgrohe-russia.ru/kollektsii/vernis/shopby/hg_tip-smesiteli_dlya_vanny/hg_kollektsii-vernis_blend?v=4#catalog,Смесители для ванны Hansgrohe Vernis Bland,Приобретайте смесители Hansgrohe с официальной гарантией. Доставка 0 руб!,,,,,,,
https://hansgrohe-russia.ru/kollektsii/vernis/shopby/hg_tip-smesiteli_dlya_vanny/hg_kollektsii-vernis_blend?v=5#catalog,Смесители для ванны Hansgrohe Vernis Bland,Оригинальные смесители Hansgrohe. Скидка 5% на покупку. Переходите на сайт!,,,,,,,
https://hansgrohe-russia.ru/kollektsii/vernis/shopby/hg_tip-smesiteli_dlya_vanny?v=2#catalog,Смесители для ванны Hansgrohe Vernis,Покупайте оригинальные смесители от бренда Hansgrohe с гарантией производителя!,,,,,,,
https://hansgrohe-russia.ru/kollektsii/vernis/shopby/hg_tip-smesiteli_dlya_vanny?v=3#catalog,Смесители для ванны Hansgrohe Vernis,Оригинальные смесители Hansgrohe. Бесплатная доставка. Покупайте!,,,,,,,
https://hansgrohe-russia.ru/kollektsii/vernis/shopby/hg_tip-smesiteli_dlya_vanny?v=4#catalog,Смесители для ванны Hansgrohe Vernis,Приобретайте смесители Hansgrohe с официальной гарантией. Доставка 0 руб!,,,,,,,
https://hansgrohe-russia.ru/kollektsii/vernis/shopby/hg_tip-smesiteli_dlya_vanny?v=5#catalog,Смесители для ванны Hansgrohe Vernis,Оригинальные смесители Hansgrohe. Скидка 5% на покупку. Переходите на сайт!,,,,,,,
https://hansgrohe-russia.ru/kollektsii/vivenis/shopby/hg_tip-smesiteli_dlya_rakoviny?v=2#catalog,Смесители для раковины Hansgrohe Vivenis,Покупайте оригинальные смесители от бренда Hansgrohe с гарантией производителя!,,,,,,,
https://hansgrohe-russia.ru/kollektsii/vivenis/shopby/hg_tip-smesiteli_dlya_rakoviny?v=3#catalog,Смесители для раковины Hansgrohe Vivenis,Оригинальные смесители Hansgrohe. Бесплатная доставка. Покупайте!,,,,,,,
https://hansgrohe-russia.ru/kollektsii/vivenis/shopby/hg_tip-smesiteli_dlya_rakoviny?v=4#catalog,Смесители для раковины Hansgrohe Vivenis,Приобретайте смесители Hansgrohe с официальной гарантией. Доставка 0 руб!,,,,,,,
https://hansgrohe-russia.ru/kollektsii/vivenis/shopby/hg_tip-smesiteli_dlya_rakoviny?v=5#catalog,Смесители для раковины Hansgrohe Vivenis,Оригинальные смесители Hansgrohe. Скидка 5% на покупку. Переходите на сайт!,,,,,,,
https://hansgrohe-russia.ru/kollektsii/vivenis/shopby/hg_tip-smesiteli_dlya_vanny?v=2#catalog,Смесители для ванны Hansgrohe Vivenis,Покупайте оригинальные смесители от бренда Hansgrohe с гарантией производителя!,,,,,,,
https://hansgrohe-russia.ru/kollektsii/vivenis/shopby/hg_tip-smesiteli_dlya_vanny?v=3#catalog,Смесители для ванны Hansgrohe Vivenis,Оригинальные смесители Hansgrohe. Бесплатная доставка. Покупайте!,,,,,,,
https://hansgrohe-russia.ru/kollektsii/vivenis/shopby/hg_tip-smesiteli_dlya_vanny?v=4#catalog,Смесители для ванны Hansgrohe Vivenis,Приобретайте смесители Hansgrohe с официальной гарантией. Доставка 0 руб!,,,,,,,
https://hansgrohe-russia.ru/kollektsii/vivenis/shopby/hg_tip-smesiteli_dlya_vanny?v=5#catalog,Смесители для ванны Hansgrohe Vivenis,Оригинальные смесители Hansgrohe. Скидка 5% на покупку. Переходите на сайт!,,,,,,,
https://hansgrohe-russia.ru/kollektsii/zesis-m33?v=2,Смесители Hansgrohe Zesis M33. Доставка по всей России!,Покупайте оригинальные смесители от бренда Hansgrohe с гарантией производителя!,,,,,,,
https://hansgrohe-russia.ru/kollektsii/zesis-m33?v=3,Смесители Hansgrohe Zesis M33,Оригинальные смесители Hansgrohe. Бесплатная доставка. Покупайте!,,,,,,,
https://hansgrohe-russia.ru/kollektsii/zesis-m33?v=4,Смесители Hansgrohe Zesis M33. Оригинальная продукция,Приобретайте смесители Hansgrohe с официальной гарантией. Доставка 0 руб!,,,,,,,
https://hansgrohe-russia.ru/kollektsii/zesis-m33?v=5,Смесители Hansgrohe Zesis M33. Суперцены каждый день!,Оригинальные смесители Hansgrohe. Скидка 5% на покупку. Переходите на сайт!,,,,,,,
https://hansgrohe-russia.ru/smesiteli?v=24,Встраиваемые смесители для раковины Hansgrohe,Покупайте оригинальные смесители от бренда Hansgrohe с гарантией производителя!,,,,,,,
https://hansgrohe-russia.ru/smesiteli?v=25,Встраиваемые смесители для раковины Hansgrohe,Оригинальные смесители Hansgrohe. Бесплатная доставка. Покупайте!,,,,,,,
https://hansgrohe-russia.ru/smesiteli?v=26,Встраиваемые смесители для раковины Hansgrohe,Приобретайте смесители Hansgrohe с официальной гарантией. Доставка 0 руб!,,,,,,,
https://hansgrohe-russia.ru/smesiteli?v=27,Встраиваемые смесители для раковины Hansgrohe,Оригинальные смесители Hansgrohe. Скидка 5% на покупку. Переходите на сайт!,,,,,,,
https://hansgrohe-russia.ru/smesiteli?v=28,Высокие смесители Hansgrohe. Доставка по всей России!,Покупайте оригинальные смесители от бренда Hansgrohe с гарантией производителя!,,,,,,,
https://hansgrohe-russia.ru/smesiteli?v=29,Высокие смесители Hansgrohe,Оригинальные смесители Hansgrohe. Бесплатная доставка. Покупайте!,,,,,,,
https://hansgrohe-russia.ru/smesiteli?v=30,Высокие смесители Hansgrohe. Оригинальная продукция,Приобретайте смесители Hansgrohe с официальной гарантией. Доставка 0 руб!,,,,,,,
https://hansgrohe-russia.ru/smesiteli?v=31,Высокие смесители Hansgrohe. Суперцены каждый день!,Оригинальные смесители Hansgrohe. Скидка 5% на покупку. Переходите на сайт!,,,,,,,
https://hansgrohe-russia.ru/smesiteli?v=32,Души с изливом Hansgrohe. Доставка по всей России!,Покупайте оригинальные смесители от бренда Hansgrohe с гарантией производителя!,,,,,,,
https://hansgrohe-russia.ru/smesiteli?v=33,Души с изливом Hansgrohe. Получайте подарки за покупку!,Оригинальные смесители Hansgrohe. Бесплатная доставка. Покупайте!,,,,,,,
https://hansgrohe-russia.ru/smesiteli?v=34,Души с изливом Hansgrohe. Оригинальная продукция,Приобретайте смесители Hansgrohe с официальной гарантией. Доставка 0 руб!,,,,,,,
https://hansgrohe-russia.ru/smesiteli?v=35,Души с изливом Hansgrohe. Суперцены каждый день!,Оригинальные смесители Hansgrohe. Скидка 5% на покупку. Переходите на сайт!,,,,,,,
https://hansgrohe-russia.ru/smesiteli?v=36,Комплект смесителей Hansgrohe. Доставка по всей России!,Покупайте оригинальные смесители от бренда Hansgrohe с гарантией производителя!,,,,,,,
https://hansgrohe-russia.ru/smesiteli?v=37,Комплект смесителей Hansgrohe,Оригинальные смесители Hansgrohe. Бесплатная доставка. Покупайте!,,,,,,,
https://hansgrohe-russia.ru/smesiteli?v=38,Комплект смесителей Hansgrohe. Оригинальная продукция,Приобретайте смесители Hansgrohe с официальной гарантией. Доставка 0 руб!,,,,,,,
https://hansgrohe-russia.ru/smesiteli?v=39,Комплект смесителей Hansgrohe. Суперцены каждый день!,Оригинальные смесители Hansgrohe. Скидка 5% на покупку. Переходите на сайт!,,,,,,,
https://hansgrohe-russia.ru/smesiteli?v=40,Кран-смеситель Hansgrohe. Доставка по всей России!,Покупайте оригинальные смесители от бренда Hansgrohe с гарантией производителя!,,,,,,,
https://hansgrohe-russia.ru/smesiteli?v=41,Кран-смеситель Hansgrohe. Получайте подарки за покупку!,Оригинальные смесители Hansgrohe. Бесплатная доставка. Покупайте!,,,,,,,
https://hansgrohe-russia.ru/smesiteli?v=42,Кран-смеситель Hansgrohe. Оригинальная продукция,Приобретайте смесители Hansgrohe с официальной гарантией. Доставка 0 руб!,,,,,,,
https://hansgrohe-russia.ru/smesiteli?v=43,Кран-смеситель Hansgrohe. Суперцены каждый день!,Оригинальные смесители Hansgrohe. Скидка 5% на покупку. Переходите на сайт!,,,,,,,
https://hansgrohe-russia.ru/smesiteli?v=44,Краны Hansgrohe. Доставка по всей России!,Покупайте оригинальные смесители от бренда Hansgrohe с гарантией производителя!,,,,,,,
https://hansgrohe-russia.ru/smesiteli?v=45,Краны Hansgrohe. Получайте подарки за покупку!,Оригинальные смесители Hansgrohe. Бесплатная доставка. Покупайте!,,,,,,,
https://hansgrohe-russia.ru/smesiteli?v=46,Краны Hansgrohe. Оригинальная продукция,Приобретайте смесители Hansgrohe с официальной гарантией. Доставка 0 руб!,,,,,,,
https://hansgrohe-russia.ru/smesiteli?v=47,Краны Hansgrohe. Суперцены каждый день!,Оригинальные смесители Hansgrohe. Скидка 5% на покупку. Переходите на сайт!,,,,,,,
https://hansgrohe-russia.ru/smesiteli?v=48,Набор смесителей Hansgrohe. Доставка по всей России!,Покупайте оригинальные смесители от бренда Hansgrohe с гарантией производителя!,,,,,,,
https://hansgrohe-russia.ru/smesiteli?v=49,Набор смесителей Hansgrohe,Оригинальные смесители Hansgrohe. Бесплатная доставка. Покупайте!,,,,,,,
https://hansgrohe-russia.ru/smesiteli?v=50,Набор смесителей Hansgrohe. Оригинальная продукция,Приобретайте смесители Hansgrohe с официальной гарантией. Доставка 0 руб!,,,,,,,
https://hansgrohe-russia.ru/smesiteli?v=51,Набор смесителей Hansgrohe. Суперцены каждый день!,Оригинальные смесители Hansgrohe. Скидка 5% на покупку. Переходите на сайт!,,,,,,,
https://hansgrohe-russia.ru/smesiteli?v=52,Смесители и термостаты для ванны Hansgrohe,Покупайте оригинальные смесители от бренда Hansgrohe с гарантией производителя!,,,,,,,
https://hansgrohe-russia.ru/smesiteli?v=53,Смесители и термостаты для ванны Hansgrohe,Оригинальные смесители Hansgrohe. Бесплатная доставка. Покупайте!,,,,,,,
https://hansgrohe-russia.ru/smesiteli?v=54,Смесители и термостаты для ванны Hansgrohe,Приобретайте смесители Hansgrohe с официальной гарантией. Доставка 0 руб!,,,,,,,
https://hansgrohe-russia.ru/smesiteli?v=55,Смесители и термостаты для ванны Hansgrohe,Оригинальные смесители Hansgrohe. Скидка 5% на покупку. Переходите на сайт!,,,,,,,
https://hansgrohe-russia.ru/smesiteli?v=56,Смесители с выдвижным изливом Hansgrohe,Покупайте оригинальные смесители от бренда Hansgrohe с гарантией производителя!,,,,,,,
https://hansgrohe-russia.ru/smesiteli?v=57,Смесители с выдвижным изливом Hansgrohe,Оригинальные смесители Hansgrohe. Бесплатная доставка. Покупайте!,,,,,,,
https://hansgrohe-russia.ru/smesiteli?v=58,Смесители с выдвижным изливом Hansgrohe,Приобретайте смесители Hansgrohe с официальной гарантией. Доставка 0 руб!,,,,,,,
https://hansgrohe-russia.ru/smesiteli?v=59,Смесители с выдвижным изливом Hansgrohe,Оригинальные смесители Hansgrohe. Скидка 5% на покупку. Переходите на сайт!,,,,,,,
https://hansgrohe-russia.ru/smesiteli?v=60,Смесители с высоким изливом Hansgrohe,Покупайте оригинальные смесители от бренда Hansgrohe с гарантией производителя!,,,,,,,
https://hansgrohe-russia.ru/smesiteli?v=61,Смесители с высоким изливом Hansgrohe,Оригинальные смесители Hansgrohe. Бесплатная доставка. Покупайте!,,,,,,,
https://hansgrohe-russia.ru/smesiteli?v=62,Смесители с высоким изливом Hansgrohe,Приобретайте смесители Hansgrohe с официальной гарантией. Доставка 0 руб!,,,,,,,
https://hansgrohe-russia.ru/smesiteli?v=63,Смесители с высоким изливом Hansgrohe,Оригинальные смесители Hansgrohe. Скидка 5% на покупку. Переходите на сайт!,,,,,,,
https://hansgrohe-russia.ru/smesiteli?v=64,Смесители с длинным изливом Hansgrohe,Покупайте оригинальные смесители от бренда Hansgrohe с гарантией производителя!,,,,,,,
https://hansgrohe-russia.ru/smesiteli?v=65,Смесители с длинным изливом Hansgrohe,Оригинальные смесители Hansgrohe. Бесплатная доставка. Покупайте!,,,,,,,
https://hansgrohe-russia.ru/smesiteli?v=66,Смесители с длинным изливом Hansgrohe,Приобретайте смесители Hansgrohe с официальной гарантией. Доставка 0 руб!,,,,,,,
https://hansgrohe-russia.ru/smesiteli?v=67,Смесители с длинным изливом Hansgrohe,Оригинальные смесители Hansgrohe. Скидка 5% на покупку. Переходите на сайт!,,,,,,,
https://hansgrohe-russia.ru/smesiteli?v=68,Смесители Hansgrohe. Доставка по всей России!,Покупайте оригинальные смесители от бренда Hansgrohe с гарантией производителя!,,,,,,,
https://hansgrohe-russia.ru/smesiteli?v=69,Смесители Hansgrohe. Получайте подарки за покупку!,Оригинальные смесители Hansgrohe. Бесплатная доставка. Покупайте!,,,,,,,
https://hansgrohe-russia.ru/smesiteli?v=70,Смесители Hansgrohe. Оригинальная продукция,Приобретайте смесители Hansgrohe с официальной гарантией. Доставка 0 руб!,,,,,,,
https://hansgrohe-russia.ru/smesiteli?v=71,Смесители Hansgrohe. Суперцены каждый день!,Оригинальные смесители Hansgrohe. Скидка 5% на покупку. Переходите на сайт!,,,,,,,
https://hansgrohe-russia.ru/catalogsearch/result/?q=смеситель%20hansgrohe%20100&v=72,Смесители Hansgrohe 100. Доставка по всей России!,Покупайте оригинальные смесители от бренда Hansgrohe с гарантией производителя!,,,,,,,
https://hansgrohe-russia.ru/catalogsearch/result/?q=смеситель%20hansgrohe%20100&v=73,Смесители Hansgrohe 100. Получайте подарки за покупку!,Оригинальные смесители Hansgrohe. Бесплатная доставка. Покупайте!,,,,,,,
https://hansgrohe-russia.ru/catalogsearch/result/?q=смеситель%20hansgrohe%20100&v=74,Смесители Hansgrohe 100. Оригинальная продукция,Приобретайте смесители Hansgrohe с официальной гарантией. Доставка 0 руб!,,,,,,,
https://hansgrohe-russia.ru/catalogsearch/result/?q=смеситель%20hansgrohe%20100&v=75,Смесители Hansgrohe 100. Суперцены каждый день!,Оригинальные смесители Hansgrohe. Скидка 5% на покупку. Переходите на сайт!,,,,,,,
https://hansgrohe-russia.ru/catalogsearch/result/?q=смеситель%20hansgrohe%20для%20раковины%20110&v=1,Смесители для раковины Hansgrohe 110. Доставка по всей России!,Покупайте оригинальные смесители от бренда Hansgrohe с гарантией производителя!,,,,,,,
https://hansgrohe-russia.ru/catalogsearch/result/?q=смеситель%20hansgrohe%20для%20раковины%20110&v=2,Смесители для раковины Hansgrohe 110. Получайте подарки за покупку!,Оригинальные смесители Hansgrohe. Бесплатная доставка. Покупайте!,,,,,,,
https://hansgrohe-russia.ru/catalogsearch/result/?q=смеситель%20hansgrohe%20для%20раковины%20110&v=3,Смесители для раковины Hansgrohe 110. Оригинальная продукция,Приобретайте смесители Hansgrohe с официальной гарантией. Доставка 0 руб!,,,,,,,
https://hansgrohe-russia.ru/catalogsearch/result/?q=смеситель%20hansgrohe%20для%20раковины%20110&v=4,Смесители для раковины Hansgrohe 110. Суперцены каждый день!,Оригинальные смесители Hansgrohe. Скидка 5% на покупку. Переходите на сайт!,,,,,,,
https://hansgrohe-russia.ru/smesiteli/beskontaktnye-smesiteli?v=2,Сенсорные смесители Hansgrohe. Доставка по всей России!,Покупайте оригинальные смесители от бренда Hansgrohe с гарантией производителя!,,,,,,,
https://hansgrohe-russia.ru/smesiteli/beskontaktnye-smesiteli?v=3,Сенсорные смесители Hansgrohe,Оригинальные смесители Hansgrohe. Бесплатная доставка. Покупайте!,,,,,,,
https://hansgrohe-russia.ru/smesiteli/beskontaktnye-smesiteli?v=4,Сенсорные смесители Hansgrohe. Оригинальная продукция,Приобретайте смесители Hansgrohe с официальной гарантией. Доставка 0 руб!,,,,,,,
https://hansgrohe-russia.ru/smesiteli/beskontaktnye-smesiteli?v=5,Сенсорные смесители Hansgrohe. Суперцены каждый день!,Оригинальные смесители Hansgrohe. Скидка 5% на покупку. Переходите на сайт!,,,,,,,
https://hansgrohe-russia.ru/smesiteli/napolnye-smesiteli?v=3,Напольные смесители для ванны Hansgrohe,Покупайте оригинальные смесители от бренда Hansgrohe с гарантией производителя!,,,,,,,
https://hansgrohe-russia.ru/smesiteli/napolnye-smesiteli?v=4,Напольные смесители для ванны Hansgrohe,Оригинальные смесители Hansgrohe. Бесплатная доставка. Покупайте!,,,,,,,
https://hansgrohe-russia.ru/smesiteli/napolnye-smesiteli?v=5,Напольные смесители для ванны Hansgrohe,Приобретайте смесители Hansgrohe с официальной гарантией. Доставка 0 руб!,,,,,,,
https://hansgrohe-russia.ru/smesiteli/napolnye-smesiteli?v=6,Напольные смесители для ванны Hansgrohe,Оригинальные смесители Hansgrohe. Скидка 5% на покупку. Переходите на сайт!,,,,,,,
https://hansgrohe-russia.ru/smesiteli/napolnye-smesiteli?v=7,Напольные смесители Hansgrohe. Доставка по всей России!,Покупайте оригинальные смесители от бренда Hansgrohe с гарантией производителя!,,,,,,,
https://hansgrohe-russia.ru/smesiteli/napolnye-smesiteli?v=8,Напольные смесители Hansgrohe,Оригинальные смесители Hansgrohe. Бесплатная доставка. Покупайте!,,,,,,,
https://hansgrohe-russia.ru/smesiteli/napolnye-smesiteli?v=9,Напольные смесители Hansgrohe. Оригинальная продукция,Приобретайте смесители Hansgrohe с официальной гарантией. Доставка 0 руб!,,,,,,,
https://hansgrohe-russia.ru/smesiteli/napolnye-smesiteli?v=10,Напольные смесители Hansgrohe. Суперцены каждый день!,Оригинальные смесители Hansgrohe. Скидка 5% на покупку. Переходите на сайт!,,,,,,,
https://hansgrohe-russia.ru/smesiteli/shopby/hg_poverkhnost-hrom_pod_zoloto-polirovannoe_zoloto?v=2#catalog,Смесители Hansgrohe золотого цвета,Покупайте оригинальные смесители от бренда Hansgrohe с гарантией производителя!,,,,,,,
https://hansgrohe-russia.ru/smesiteli/shopby/hg_poverkhnost-hrom_pod_zoloto-polirovannoe_zoloto?v=3#catalog,Смесители Hansgrohe золотого цвета,Оригинальные смесители Hansgrohe. Бесплатная доставка. Покупайте!,,,,,,,
https://hansgrohe-russia.ru/smesiteli/shopby/hg_poverkhnost-hrom_pod_zoloto-polirovannoe_zoloto?v=4#catalog,Смесители Hansgrohe золотого цвета,Приобретайте смесители Hansgrohe с официальной гарантией. Доставка 0 руб!,,,,,,,
https://hansgrohe-russia.ru/smesiteli/shopby/hg_poverkhnost-hrom_pod_zoloto-polirovannoe_zoloto?v=5#catalog,Смесители Hansgrohe золотого цвета,Оригинальные смесители Hansgrohe. Скидка 5% на покупку. Переходите на сайт!,,,,,,,
https://hansgrohe-russia.ru/smesiteli/shopby/hg_poverkhnost-hrom-belyy_hrom-hrom_pod_zoloto-shlifovannyy_chernyy_hrom?v=2#catalog,Смесители Hansgrohe хромированные,Покупайте оригинальные смесители от бренда Hansgrohe с гарантией производителя!,,,,,,,
https://hansgrohe-russia.ru/smesiteli/shopby/hg_poverkhnost-hrom-belyy_hrom-hrom_pod_zoloto-shlifovannyy_chernyy_hrom?v=3#catalog,Смесители Hansgrohe хромированные,Оригинальные смесители Hansgrohe. Бесплатная доставка. Покупайте!,,,,,,,
https://hansgrohe-russia.ru/smesiteli/shopby/hg_poverkhnost-hrom-belyy_hrom-hrom_pod_zoloto-shlifovannyy_chernyy_hrom?v=4#catalog,Смесители Hansgrohe хромированные,Приобретайте смесители Hansgrohe с официальной гарантией. Доставка 0 руб!,,,,,,,
https://hansgrohe-russia.ru/smesiteli/shopby/hg_poverkhnost-hrom-belyy_hrom-hrom_pod_zoloto-shlifovannyy_chernyy_hrom?v=5#catalog,Смесители Hansgrohe хромированные,Оригинальные смесители Hansgrohe. Скидка 5% на покупку. Переходите на сайт!,,,,,,,
https://hansgrohe-russia.ru/smesiteli/shopby/hg_poverkhnost-matovyy_belyy-belyy_hrom?v=2#catalog,Смесители Hansgrohe белого цвета,Покупайте оригинальные смесители от бренда Hansgrohe с гарантией производителя!,,,,,,,
https://hansgrohe-russia.ru/smesiteli/shopby/hg_poverkhnost-matovyy_belyy-belyy_hrom?v=3#catalog,Смесители Hansgrohe белого цвета,Оригинальные смесители Hansgrohe. Бесплатная доставка. Покупайте!,,,,,,,
https://hansgrohe-russia.ru/smesiteli/shopby/hg_poverkhnost-matovyy_belyy-belyy_hrom?v=4#catalog,Смесители Hansgrohe белого цвета. Оригинальная продукция,Приобретайте смесители Hansgrohe с официальной гарантией. Доставка 0 руб!,,,,,,,
https://hansgrohe-russia.ru/smesiteli/shopby/hg_poverkhnost-matovyy_belyy-belyy_hrom?v=5#catalog,Смесители Hansgrohe белого цвета. Суперцены каждый день!,Оригинальные смесители Hansgrohe. Скидка 5% на покупку. Переходите на сайт!,,,,,,,
https://hansgrohe-russia.ru/smesiteli/shopby/hg_poverkhnost-matovyy_chernyy-chernyy_matovyy-shlifovannyy_chernyy_hrom?v=2#catalog,Смесители Hansgrohe черного цвета,Покупайте оригинальные смесители от бренда Hansgrohe с гарантией производителя!,,,,,,,
https://hansgrohe-russia.ru/smesiteli/shopby/hg_poverkhnost-matovyy_chernyy-chernyy_matovyy-shlifovannyy_chernyy_hrom?v=3#catalog,Смесители Hansgrohe черного цвета,Оригинальные смесители Hansgrohe. Бесплатная доставка. Покупайте!,,,,,,,
https://hansgrohe-russia.ru/smesiteli/shopby/hg_poverkhnost-matovyy_chernyy-chernyy_matovyy-shlifovannyy_chernyy_hrom?v=4#catalog,Смесители Hansgrohe черного цвета,Приобретайте смесители Hansgrohe с официальной гарантией. Доставка 0 руб!,,,,,,,
https://hansgrohe-russia.ru/smesiteli/shopby/hg_poverkhnost-matovyy_chernyy-chernyy_matovyy-shlifovannyy_chernyy_hrom?v=5#catalog,Смесители Hansgrohe черного цвета,Оригинальные смесители Hansgrohe. Скидка 5% на покупку. Переходите на сайт!,,,,,,,
https://hansgrohe-russia.ru/smesiteli/shopby/hg_poverkhnost-matovyy_chernyy?v=2#catalog,Смесители Hansgrohe цвета черный мат,Покупайте оригинальные смесители от бренда Hansgrohe с гарантией производителя!,,,,,,,
https://hansgrohe-russia.ru/smesiteli/shopby/hg_poverkhnost-matovyy_chernyy?v=3#catalog,Смесители Hansgrohe цвета черный мат,Оригинальные смесители Hansgrohe. Бесплатная доставка. Покупайте!,,,,,,,
https://hansgrohe-russia.ru/smesiteli/shopby/hg_poverkhnost-matovyy_chernyy?v=4#catalog,Смесители Hansgrohe цвета черный мат,Приобретайте смесители Hansgrohe с официальной гарантией. Доставка 0 руб!,,,,,,,
https://hansgrohe-russia.ru/smesiteli/shopby/hg_poverkhnost-matovyy_chernyy?v=5#catalog,Смесители Hansgrohe цвета черный мат,Оригинальные смесители Hansgrohe. Скидка 5% на покупку. Переходите на сайт!,,,,,,,
https://hansgrohe-russia.ru/smesiteli/shopby/hg_poverkhnost-shlifovannaya_bronza?v=2#catalog,Смесители Hansgrohe бронзового цвета,Покупайте оригинальные смесители от бренда Hansgrohe с гарантией производителя!,,,,,,,
https://hansgrohe-russia.ru/smesiteli/shopby/hg_poverkhnost-shlifovannaya_bronza?v=3#catalog,Смесители Hansgrohe бронзового цвета,Оригинальные смесители Hansgrohe. Бесплатная доставка. Покупайте!,,,,,,,
https://hansgrohe-russia.ru/smesiteli/shopby/hg_poverkhnost-shlifovannaya_bronza?v=4#catalog,Смесители Hansgrohe бронзового цвета,Приобретайте смесители Hansgrohe с официальной гарантией. Доставка 0 руб!,,,,,,,
https://hansgrohe-russia.ru/smesiteli/shopby/hg_poverkhnost-shlifovannaya_bronza?v=5#catalog,Смесители Hansgrohe бронзового цвета,Оригинальные смесители Hansgrohe. Скидка 5% на покупку. Переходите на сайт!,,,,,,,
https://hansgrohe-russia.ru/smesiteli/shopby/hg_upravleniye-rychazhnoe/hg_poverkhnost-hrom-shlifovannyy_chernyy_hrom?v=2#catalog,Однорычажные смесители Hansgrohe хромированные,Покупайте оригинальные смесители от бренда Hansgrohe с гарантией производителя!,,,,,,,
https://hansgrohe-russia.ru/smesiteli/shopby/hg_upravleniye-rychazhnoe/hg_poverkhnost-hrom-shlifovannyy_chernyy_hrom?v=3#catalog,Однорычажные смесители Hansgrohe хромированные,Оригинальные смесители Hansgrohe. Бесплатная доставка. Покупайте!,,,,,,,
https://hansgrohe-russia.ru/smesiteli/shopby/hg_upravleniye-rychazhnoe/hg_poverkhnost-hrom-shlifovannyy_chernyy_hrom?v=4#catalog,Однорычажные смесители Hansgrohe хромированные,Приобретайте смесители Hansgrohe с официальной гарантией. Доставка 0 руб!,,,,,,,
https://hansgrohe-russia.ru/smesiteli/shopby/hg_upravleniye-rychazhnoe/hg_poverkhnost-hrom-shlifovannyy_chernyy_hrom?v=5#catalog,Однорычажные смесители Hansgrohe хромированные,Оригинальные смесители Hansgrohe. Скидка 5% на покупку. Переходите на сайт!,,,,,,,
https://hansgrohe-russia.ru/smesiteli/shopby/hg_upravleniye-rychazhnoe?v=2#catalog,Однорычажные смесители Hansgrohe,Покупайте оригинальные смесители от бренда Hansgrohe с гарантией производителя!,,,,,,,
https://hansgrohe-russia.ru/smesiteli/shopby/hg_upravleniye-rychazhnoe?v=3#catalog,Однорычажные смесители Hansgrohe,Оригинальные смесители Hansgrohe. Бесплатная доставка. Покупайте!,,,,,,,
https://hansgrohe-russia.ru/smesiteli/shopby/hg_upravleniye-rychazhnoe?v=4#catalog,Однорычажные смесители Hansgrohe. Оригинальная продукция,Приобретайте смесители Hansgrohe с официальной гарантией. Доставка 0 руб!,,,,,,,
https://hansgrohe-russia.ru/smesiteli/shopby/hg_upravleniye-rychazhnoe?v=5#catalog,Однорычажные смесители Hansgrohe. Суперцены каждый день!,Оригинальные смесители Hansgrohe. Скидка 5% на покупку. Переходите на сайт!,,,,,,,
https://hansgrohe-russia.ru/smesiteli/smesiteli-dlja-dusha?v=8,Душевые смесители с тропическим душем Hansgrohe,Покупайте оригинальные смесители от бренда Hansgrohe с гарантией производителя!,,,,,,,
https://hansgrohe-russia.ru/smesiteli/smesiteli-dlja-dusha?v=9,Душевые смесители с тропическим душем Hansgrohe,Оригинальные смесители Hansgrohe. Бесплатная доставка. Покупайте!,,,,,,,
https://hansgrohe-russia.ru/smesiteli/smesiteli-dlja-dusha?v=10,Душевые смесители с тропическим душем Hansgrohe,Приобретайте смесители Hansgrohe с официальной гарантией. Доставка 0 руб!,,,,,,,
https://hansgrohe-russia.ru/smesiteli/smesiteli-dlja-dusha?v=11,Душевые смесители с тропическим душем Hansgrohe,Оригинальные смесители Hansgrohe. Скидка 5% на покупку. Переходите на сайт!,,,,,,,
https://hansgrohe-russia.ru/smesiteli/smesiteli-dlja-dusha?v=12,Душевые смесители Hansgrohe. Доставка по всей России!,Покупайте оригинальные смесители от бренда Hansgrohe с гарантией производителя!,,,,,,,
https://hansgrohe-russia.ru/smesiteli/smesiteli-dlja-dusha?v=13,Душевые смесители Hansgrohe,Оригинальные смесители Hansgrohe. Бесплатная доставка. Покупайте!,,,,,,,
https://hansgrohe-russia.ru/smesiteli/smesiteli-dlja-dusha?v=14,Душевые смесители Hansgrohe. Оригинальная продукция,Приобретайте смесители Hansgrohe с официальной гарантией. Доставка 0 руб!,,,,,,,
https://hansgrohe-russia.ru/smesiteli/smesiteli-dlja-dusha?v=15,Душевые смесители Hansgrohe. Суперцены каждый день!,Оригинальные смесители Hansgrohe. Скидка 5% на покупку. Переходите на сайт!,,,,,,,
https://hansgrohe-russia.ru/smesiteli/smesiteli-dlja-dusha?v=16,Краны для душа Hansgrohe. Доставка по всей России!,Покупайте оригинальные смесители от бренда Hansgrohe с гарантией производителя!,,,,,,,
https://hansgrohe-russia.ru/smesiteli/smesiteli-dlja-dusha?v=17,Краны для душа Hansgrohe. Получайте подарки за покупку!,Оригинальные смесители Hansgrohe. Бесплатная доставка. Покупайте!,,,,,,,
https://hansgrohe-russia.ru/smesiteli/smesiteli-dlja-dusha?v=18,Краны для душа Hansgrohe. Оригинальная продукция,Приобретайте смесители Hansgrohe с официальной гарантией. Доставка 0 руб!,,,,,,,
https://hansgrohe-russia.ru/smesiteli/smesiteli-dlja-dusha?v=19,Краны для душа Hansgrohe. Суперцены каждый день!,Оригинальные смесители Hansgrohe. Скидка 5% на покупку. Переходите на сайт!,,,,,,,
https://hansgrohe-russia.ru/smesiteli/smesiteli-dlja-dusha?v=20,Однорычажные смесители для душа Hansgrohe,Покупайте оригинальные смесители от бренда Hansgrohe с гарантией производителя!,,,,,,,
https://hansgrohe-russia.ru/smesiteli/smesiteli-dlja-dusha?v=21,Однорычажные смесители для душа Hansgrohe,Оригинальные смесители Hansgrohe. Бесплатная доставка. Покупайте!,,,,,,,
https://hansgrohe-russia.ru/smesiteli/smesiteli-dlja-dusha?v=22,Однорычажные смесители для душа Hansgrohe,Приобретайте смесители Hansgrohe с официальной гарантией. Доставка 0 руб!,,,,,,,
https://hansgrohe-russia.ru/smesiteli/smesiteli-dlja-dusha?v=23,Однорычажные смесители для душа Hansgrohe,Оригинальные смесители Hansgrohe. Скидка 5% на покупку. Переходите на сайт!,,,,,,,
https://hansgrohe-russia.ru/smesiteli/smesiteli-dlja-dusha?v=24,Смесители для душа Hansgrohe. Доставка по всей России!,Покупайте оригинальные смесители от бренда Hansgrohe с гарантией производителя!,,,,,,,
https://hansgrohe-russia.ru/smesiteli/smesiteli-dlja-dusha?v=25,Смесители для душа Hansgrohe,Оригинальные смесители Hansgrohe. Бесплатная доставка. Покупайте!,,,,,,,
https://hansgrohe-russia.ru/smesiteli/smesiteli-dlja-dusha?v=26,Смесители для душа Hansgrohe. Оригинальная продукция,Приобретайте смесители Hansgrohe с официальной гарантией. Доставка 0 руб!,,,,,,,
https://hansgrohe-russia.ru/smesiteli/smesiteli-dlja-dusha?v=27,Смесители для душа Hansgrohe. Суперцены каждый день!,Оригинальные смесители Hansgrohe. Скидка 5% на покупку. Переходите на сайт!,,,,,,,
https://hansgrohe-russia.ru/smesiteli/smesiteli-dlja-dusha?v=28,Смесители для душевой Hansgrohe,Покупайте оригинальные смесители от бренда Hansgrohe с гарантией производителя!,,,,,,,
https://hansgrohe-russia.ru/smesiteli/smesiteli-dlja-dusha?v=29,Смесители для душевой Hansgrohe,Оригинальные смесители Hansgrohe. Бесплатная доставка. Покупайте!,,,,,,,
https://hansgrohe-russia.ru/smesiteli/smesiteli-dlja-dusha?v=30,Смесители для душевой Hansgrohe. Оригинальная продукция,Приобретайте смесители Hansgrohe с официальной гарантией. Доставка 0 руб!,,,,,,,
https://hansgrohe-russia.ru/smesiteli/smesiteli-dlja-dusha?v=31,Смесители для душевой Hansgrohe. Суперцены каждый день!,Оригинальные смесители Hansgrohe. Скидка 5% на покупку. Переходите на сайт!,,,,,,,
https://hansgrohe-russia.ru/smesiteli/smesiteli-dlja-dusha?v=32,Смесители с душем Hansgrohe. Доставка по всей России!,Покупайте оригинальные смесители от бренда Hansgrohe с гарантией производителя!,,,,,,,
https://hansgrohe-russia.ru/smesiteli/smesiteli-dlja-dusha?v=33,Смесители с душем Hansgrohe,Оригинальные смесители Hansgrohe. Бесплатная доставка. Покупайте!,,,,,,,
https://hansgrohe-russia.ru/smesiteli/smesiteli-dlja-dusha?v=34,Смесители с душем Hansgrohe. Оригинальная продукция,Приобретайте смесители Hansgrohe с официальной гарантией. Доставка 0 руб!,,,,,,,
https://hansgrohe-russia.ru/smesiteli/smesiteli-dlja-dusha?v=35,Смесители с душем Hansgrohe. Суперцены каждый день!,Оригинальные смесители Hansgrohe. Скидка 5% на покупку. Переходите на сайт!,,,,,,,
https://hansgrohe-russia.ru/smesiteli/smesiteli-dlya-bide?v=2,Смесители для биде Hansgrohe. Доставка по всей России!,Покупайте оригинальные смесители от бренда Hansgrohe с гарантией производителя!,,,,,,,
https://hansgrohe-russia.ru/smesiteli/smesiteli-dlya-bide?v=3,Смесители для биде Hansgrohe,Оригинальные смесители Hansgrohe. Бесплатная доставка. Покупайте!,,,,,,,
https://hansgrohe-russia.ru/smesiteli/smesiteli-dlya-bide?v=4,Смесители для биде Hansgrohe. Оригинальная продукция,Приобретайте смесители Hansgrohe с официальной гарантией. Доставка 0 руб!,,,,,,,
https://hansgrohe-russia.ru/smesiteli/smesiteli-dlya-bide?v=5,Смесители для биде Hansgrohe. Суперцены каждый день!,Оригинальные смесители Hansgrohe. Скидка 5% на покупку. Переходите на сайт!,,,,,,,
https://hansgrohe-russia.ru/smesiteli/smesiteli-dlya-rakoviny?v=11,Краны для раковины Hansgrohe. Доставка по всей России!,Покупайте оригинальные смесители от бренда Hansgrohe с гарантией производителя!,,,,,,,
https://hansgrohe-russia.ru/smesiteli/smesiteli-dlya-rakoviny?v=12,Краны для раковины Hansgrohe,Оригинальные смесители Hansgrohe. Бесплатная доставка. Покупайте!,,,,,,,
https://hansgrohe-russia.ru/smesiteli/smesiteli-dlya-rakoviny?v=13,Краны для раковины Hansgrohe. Оригинальная продукция,Приобретайте смесители Hansgrohe с официальной гарантией. Доставка 0 руб!,,,,,,,
https://hansgrohe-russia.ru/smesiteli/smesiteli-dlya-rakoviny?v=14,Краны для раковины Hansgrohe. Суперцены каждый день!,Оригинальные смесители Hansgrohe. Скидка 5% на покупку. Переходите на сайт!,,,,,,,
https://hansgrohe-russia.ru/smesiteli/smesiteli-dlya-rakoviny?v=15,Смесители для накладной раковины Hansgrohe,Покупайте оригинальные смесители от бренда Hansgrohe с гарантией производителя!,,,,,,,
https://hansgrohe-russia.ru/smesiteli/smesiteli-dlya-rakoviny?v=16,Смесители для накладной раковины Hansgrohe,Оригинальные смесители Hansgrohe. Бесплатная доставка. Покупайте!,,,,,,,
https://hansgrohe-russia.ru/smesiteli/smesiteli-dlya-rakoviny?v=17,Смесители для накладной раковины Hansgrohe,Приобретайте смесители Hansgrohe с официальной гарантией. Доставка 0 руб!,,,,,,,
https://hansgrohe-russia.ru/smesiteli/smesiteli-dlya-rakoviny?v=18,Смесители для накладной раковины Hansgrohe,Оригинальные смесители Hansgrohe. Скидка 5% на покупку. Переходите на сайт!,,,,,,,
https://hansgrohe-russia.ru/smesiteli/smesiteli-dlya-rakoviny?v=19,Смесители для раковины в ванной Hansgrohe,Покупайте оригинальные смесители от бренда Hansgrohe с гарантией производителя!,,,,,,,
https://hansgrohe-russia.ru/smesiteli/smesiteli-dlya-rakoviny?v=20,Смесители для раковины в ванной Hansgrohe,Оригинальные смесители Hansgrohe. Бесплатная доставка. Покупайте!,,,,,,,
https://hansgrohe-russia.ru/smesiteli/smesiteli-dlya-rakoviny?v=21,Смесители для раковины в ванной Hansgrohe,Приобретайте смесители Hansgrohe с официальной гарантией. Доставка 0 руб!,,,,,,,
https://hansgrohe-russia.ru/smesiteli/smesiteli-dlya-rakoviny?v=22,Смесители для раковины в ванной Hansgrohe,Оригинальные смесители Hansgrohe. Скидка 5% на покупку. Переходите на сайт!,,,,,,,
https://hansgrohe-russia.ru/smesiteli/smesiteli-dlya-rakoviny?v=23,Смесители для раковины с высоким изливом Hansgrohe,Покупайте оригинальные смесители от бренда Hansgrohe с гарантией производителя!,,,,,,,
https://hansgrohe-russia.ru/smesiteli/smesiteli-dlya-rakoviny?v=24,Смесители для раковины с высоким изливом Hansgrohe,Оригинальные смесители Hansgrohe. Бесплатная доставка. Покупайте!,,,,,,,
https://hansgrohe-russia.ru/smesiteli/smesiteli-dlya-rakoviny?v=25,Смесители для раковины с высоким изливом Hansgrohe,Приобретайте смесители Hansgrohe с официальной гарантией. Доставка 0 руб!,,,,,,,
https://hansgrohe-russia.ru/smesiteli/smesiteli-dlya-rakoviny?v=26,Смесители для раковины с высоким изливом Hansgrohe,Оригинальные смесители Hansgrohe. Скидка 5% на покупку. Переходите на сайт!,,,,,,,
https://hansgrohe-russia.ru/smesiteli/smesiteli-dlya-rakoviny?v=27,Смесители для раковины Hansgrohe,Покупайте оригинальные смесители от бренда Hansgrohe с гарантией производителя!,,,,,,,
https://hansgrohe-russia.ru/smesiteli/smesiteli-dlya-rakoviny?v=28,Смесители для раковины Hansgrohe,Оригинальные смесители Hansgrohe. Бесплатная доставка. Покупайте!,,,,,,,
https://hansgrohe-russia.ru/smesiteli/smesiteli-dlya-rakoviny?v=29,Смесители для раковины Hansgrohe. Оригинальная продукция,Приобретайте смесители Hansgrohe с официальной гарантией. Доставка 0 руб!,,,,,,,
https://hansgrohe-russia.ru/smesiteli/smesiteli-dlya-rakoviny?v=30,Смесители для раковины Hansgrohe. Суперцены каждый день!,Оригинальные смесители Hansgrohe. Скидка 5% на покупку. Переходите на сайт!,,,,,,,
https://hansgrohe-russia.ru/smesiteli/smesiteli-dlya-rakoviny?v=31,Смесители для раковины Hansgrohe E2,Покупайте оригинальные смесители от бренда Hansgrohe с гарантией производителя!,,,,,,,
https://hansgrohe-russia.ru/smesiteli/smesiteli-dlya-rakoviny?v=32,Смесители для раковины Hansgrohe E2,Оригинальные смесители Hansgrohe. Бесплатная доставка. Покупайте!,,,,,,,
https://hansgrohe-russia.ru/smesiteli/smesiteli-dlya-rakoviny?v=33,Смесители для раковины Hansgrohe E2,Приобретайте смесители Hansgrohe с официальной гарантией. Доставка 0 руб!,,,,,,,
https://hansgrohe-russia.ru/smesiteli/smesiteli-dlya-rakoviny?v=34,Смесители для раковины Hansgrohe E2,Оригинальные смесители Hansgrohe. Скидка 5% на покупку. Переходите на сайт!,,,,,,,
https://hansgrohe-russia.ru/smesiteli/smesiteli-dlya-rakoviny?v=35,Смесители для раковины Hansgrohe Select,Покупайте оригинальные смесители от бренда Hansgrohe с гарантией производителя!,,,,,,,
https://hansgrohe-russia.ru/smesiteli/smesiteli-dlya-rakoviny?v=36,Смесители для раковины Hansgrohe Select,Оригинальные смесители Hansgrohe. Бесплатная доставка. Покупайте!,,,,,,,
https://hansgrohe-russia.ru/smesiteli/smesiteli-dlya-rakoviny?v=37,Смесители для раковины Hansgrohe Select,Приобретайте смесители Hansgrohe с официальной гарантией. Доставка 0 руб!,,,,,,,
https://hansgrohe-russia.ru/smesiteli/smesiteli-dlya-rakoviny?v=38,Смесители для раковины Hansgrohe Select,Оригинальные смесители Hansgrohe. Скидка 5% на покупку. Переходите на сайт!,,,,,,,
https://hansgrohe-russia.ru/smesiteli/smesiteli-dlya-rakoviny?v=39,Смесители для умывальника Hansgrohe,Покупайте оригинальные смесители от бренда Hansgrohe с гарантией производителя!,,,,,,,
https://hansgrohe-russia.ru/smesiteli/smesiteli-dlya-rakoviny?v=40,Смесители для умывальника Hansgrohe,Оригинальные смесители Hansgrohe. Бесплатная доставка. Покупайте!,,,,,,,
https://hansgrohe-russia.ru/smesiteli/smesiteli-dlya-rakoviny?v=41,Смесители для умывальника Hansgrohe,Приобретайте смесители Hansgrohe с официальной гарантией. Доставка 0 руб!,,,,,,,
https://hansgrohe-russia.ru/smesiteli/smesiteli-dlya-rakoviny?v=42,Смесители для умывальника Hansgrohe,Оригинальные смесители Hansgrohe. Скидка 5% на покупку. Переходите на сайт!,,,,,,,
https://hansgrohe-russia.ru/smesiteli/smesiteli-dlya-rakoviny/shopby/hg_montazh-nastennyy?v=2#catalog,Настенные смесители для раковины Hansgrohe,Покупайте оригинальные смесители от бренда Hansgrohe с гарантией производителя!,,,,,,,
https://hansgrohe-russia.ru/smesiteli/smesiteli-dlya-rakoviny/shopby/hg_montazh-nastennyy?v=3#catalog,Настенные смесители для раковины Hansgrohe,Оригинальные смесители Hansgrohe. Бесплатная доставка. Покупайте!,,,,,,,
https://hansgrohe-russia.ru/smesiteli/smesiteli-dlya-rakoviny/shopby/hg_montazh-nastennyy?v=4#catalog,Настенные смесители для раковины Hansgrohe,Приобретайте смесители Hansgrohe с официальной гарантией. Доставка 0 руб!,,,,,,,
https://hansgrohe-russia.ru/smesiteli/smesiteli-dlya-rakoviny/shopby/hg_montazh-nastennyy?v=5#catalog,Настенные смесители для раковины Hansgrohe,Оригинальные смесители Hansgrohe. Скидка 5% на покупку. Переходите на сайт!,,,,,,,
https://hansgrohe-russia.ru/smesiteli/smesiteli-dlya-rakoviny/shopby/hg_poverkhnost-matovyy_belyy?v=3#catalog,Смесители для раковины Hansgrohe белого цвета,Покупайте оригинальные смесители от бренда Hansgrohe с гарантией производителя!,,,,,,,
https://hansgrohe-russia.ru/smesiteli/smesiteli-dlya-rakoviny/shopby/hg_poverkhnost-matovyy_belyy?v=4#catalog,Смесители для раковины Hansgrohe белого цвета,Оригинальные смесители Hansgrohe. Бесплатная доставка. Покупайте!,,,,,,,
https://hansgrohe-russia.ru/smesiteli/smesiteli-dlya-rakoviny/shopby/hg_poverkhnost-matovyy_belyy?v=5#catalog,Смесители для раковины Hansgrohe белого цвета,Приобретайте смесители Hansgrohe с официальной гарантией. Доставка 0 руб!,,,,,,,
https://hansgrohe-russia.ru/smesiteli/smesiteli-dlya-rakoviny/shopby/hg_poverkhnost-matovyy_belyy?v=6#catalog,Смесители для раковины Hansgrohe белого цвета,Оригинальные смесители Hansgrohe. Скидка 5% на покупку. Переходите на сайт!,,,,,,,
https://hansgrohe-russia.ru/smesiteli/smesiteli-dlya-rakoviny/shopby/hg_poverkhnost-matovyy_belyy?v=7#catalog,Смесители для раковины Hansgrohe цвета белый мат,Покупайте оригинальные смесители от бренда Hansgrohe с гарантией производителя!,,,,,,,
https://hansgrohe-russia.ru/smesiteli/smesiteli-dlya-rakoviny/shopby/hg_poverkhnost-matovyy_belyy?v=8#catalog,Смесители для раковины Hansgrohe цвета белый мат,Оригинальные смесители Hansgrohe. Бесплатная доставка. Покупайте!,,,,,,,
https://hansgrohe-russia.ru/smesiteli/smesiteli-dlya-rakoviny/shopby/hg_poverkhnost-matovyy_belyy?v=9#catalog,Смесители для раковины Hansgrohe цвета белый мат,Приобретайте смесители Hansgrohe с официальной гарантией. Доставка 0 руб!,,,,,,,
https://hansgrohe-russia.ru/smesiteli/smesiteli-dlya-rakoviny/shopby/hg_poverkhnost-matovyy_belyy?v=10#catalog,Смесители для раковины Hansgrohe цвета белый мат,Оригинальные смесители Hansgrohe. Скидка 5% на покупку. Переходите на сайт!,,,,,,,
https://hansgrohe-russia.ru/smesiteli/smesiteli-dlya-rakoviny/shopby/hg_poverkhnost-matovyy_chernyy-shlifovannyy_chernyy_hrom?v=2#catalog,Смесители для раковины Hansgrohe черного цвета,Покупайте оригинальные смесители от бренда Hansgrohe с гарантией производителя!,,,,,,,
https://hansgrohe-russia.ru/smesiteli/smesiteli-dlya-rakoviny/shopby/hg_poverkhnost-matovyy_chernyy-shlifovannyy_chernyy_hrom?v=3#catalog,Смесители для раковины Hansgrohe черного цвета,Оригинальные смесители Hansgrohe. Бесплатная доставка. Покупайте!,,,,,,,
https://hansgrohe-russia.ru/smesiteli/smesiteli-dlya-rakoviny/shopby/hg_poverkhnost-matovyy_chernyy-shlifovannyy_chernyy_hrom?v=4#catalog,Смесители для раковины Hansgrohe черного цвета,Приобретайте смесители Hansgrohe с официальной гарантией. Доставка 0 руб!,,,,,,,
https://hansgrohe-russia.ru/smesiteli/smesiteli-dlya-rakoviny/shopby/hg_poverkhnost-matovyy_chernyy-shlifovannyy_chernyy_hrom?v=5#catalog,Смесители для раковины Hansgrohe черного цвета,Оригинальные смесители Hansgrohe. Скидка 5% на покупку. Переходите на сайт!,,,,,,,
https://hansgrohe-russia.ru/smesiteli/smesiteli-dlya-rakoviny/shopby/hg_poverkhnost-matovyy_chernyy?v=2#catalog,Смесители для раковины Hansgrohe цвета черный мат,Покупайте оригинальные смесители от бренда Hansgrohe с гарантией производителя!,,,,,,,
https://hansgrohe-russia.ru/smesiteli/smesiteli-dlya-rakoviny/shopby/hg_poverkhnost-matovyy_chernyy?v=3#catalog,Смесители для раковины Hansgrohe цвета черный мат,Оригинальные смесители Hansgrohe. Бесплатная доставка. Покупайте!,,,,,,,
https://hansgrohe-russia.ru/smesiteli/smesiteli-dlya-rakoviny/shopby/hg_poverkhnost-matovyy_chernyy?v=4#catalog,Смесители для раковины Hansgrohe цвета черный мат,Приобретайте смесители Hansgrohe с официальной гарантией. Доставка 0 руб!,,,,,,,
https://hansgrohe-russia.ru/smesiteli/smesiteli-dlya-rakoviny/shopby/hg_poverkhnost-matovyy_chernyy?v=5#catalog,Смесители для раковины Hansgrohe цвета черный мат,Оригинальные смесители Hansgrohe. Скидка 5% на покупку. Переходите на сайт!,,,,,,,
https://hansgrohe-russia.ru/smesiteli/smesiteli-dlya-rakoviny/shopby/hg_poverkhnost-shlifovannyy_chernyy_hrom-hrom_pod_zoloto-hrom?v=2#catalog,Смесители для раковины Hansgrohe хромированные,Покупайте оригинальные смесители от бренда Hansgrohe с гарантией производителя!,,,,,,,
https://hansgrohe-russia.ru/smesiteli/smesiteli-dlya-rakoviny/shopby/hg_poverkhnost-shlifovannyy_chernyy_hrom-hrom_pod_zoloto-hrom?v=3#catalog,Смесители для раковины Hansgrohe хромированные,Оригинальные смесители Hansgrohe. Бесплатная доставка. Покупайте!,,,,,,,
https://hansgrohe-russia.ru/smesiteli/smesiteli-dlya-rakoviny/shopby/hg_poverkhnost-shlifovannyy_chernyy_hrom-hrom_pod_zoloto-hrom?v=4#catalog,Смесители для раковины Hansgrohe хромированные,Приобретайте смесители Hansgrohe с официальной гарантией. Доставка 0 руб!,,,,,,,
https://hansgrohe-russia.ru/smesiteli/smesiteli-dlya-rakoviny/shopby/hg_poverkhnost-shlifovannyy_chernyy_hrom-hrom_pod_zoloto-hrom?v=5#catalog,Смесители для раковины Hansgrohe хромированные,Оригинальные смесители Hansgrohe. Скидка 5% на покупку. Переходите на сайт!,,,,,,,
https://hansgrohe-russia.ru/smesiteli/smesiteli-dlya-rakoviny/shopby/hg_upravleniye-dzhoystik-rychazhnoe?v=2#catalog,Однорычажные смесители для раковины Hansgrohe,Покупайте оригинальные смесители от бренда Hansgrohe с гарантией производителя!,,,,,,,
https://hansgrohe-russia.ru/smesiteli/smesiteli-dlya-rakoviny/shopby/hg_upravleniye-dzhoystik-rychazhnoe?v=3#catalog,Однорычажные смесители для раковины Hansgrohe,Оригинальные смесители Hansgrohe. Бесплатная доставка. Покупайте!,,,,,,,
https://hansgrohe-russia.ru/smesiteli/smesiteli-dlya-rakoviny/shopby/hg_upravleniye-dzhoystik-rychazhnoe?v=4#catalog,Однорычажные смесители для раковины Hansgrohe,Приобретайте смесители Hansgrohe с официальной гарантией. Доставка 0 руб!,,,,,,,
https://hansgrohe-russia.ru/smesiteli/smesiteli-dlya-rakoviny/shopby/hg_upravleniye-dzhoystik-rychazhnoe?v=5#catalog,Однорычажные смесители для раковины Hansgrohe,Оригинальные смесители Hansgrohe. Скидка 5% на покупку. Переходите на сайт!,,,,,,,
https://hansgrohe-russia.ru/smesiteli/smesiteli-dlya-vanny?v=14,Комплект смесителей для ванны Hansgrohe,Покупайте оригинальные смесители от бренда Hansgrohe с гарантией производителя!,,,,,,,
https://hansgrohe-russia.ru/smesiteli/smesiteli-dlya-vanny?v=15,Комплект смесителей для ванны Hansgrohe,Оригинальные смесители Hansgrohe. Бесплатная доставка. Покупайте!,,,,,,,
https://hansgrohe-russia.ru/smesiteli/smesiteli-dlya-vanny?v=16,Комплект смесителей для ванны Hansgrohe,Приобретайте смесители Hansgrohe с официальной гарантией. Доставка 0 руб!,,,,,,,
https://hansgrohe-russia.ru/smesiteli/smesiteli-dlya-vanny?v=17,Комплект смесителей для ванны Hansgrohe,Оригинальные смесители Hansgrohe. Скидка 5% на покупку. Переходите на сайт!,,,,,,,
https://hansgrohe-russia.ru/smesiteli/smesiteli-dlya-vanny?v=18,Краны для ванной Hansgrohe. Доставка по всей России!,Покупайте оригинальные смесители от бренда Hansgrohe с гарантией производителя!,,,,,,,
https://hansgrohe-russia.ru/smesiteli/smesiteli-dlya-vanny?v=19,Краны для ванной Hansgrohe,Оригинальные смесители Hansgrohe. Бесплатная доставка. Покупайте!,,,,,,,
https://hansgrohe-russia.ru/smesiteli/smesiteli-dlya-vanny?v=20,Краны для ванной Hansgrohe. Оригинальная продукция,Приобретайте смесители Hansgrohe с официальной гарантией. Доставка 0 руб!,,,,,,,
https://hansgrohe-russia.ru/smesiteli/smesiteli-dlya-vanny?v=21,Краны для ванной Hansgrohe. Суперцены каждый день!,Оригинальные смесители Hansgrohe. Скидка 5% на покупку. Переходите на сайт!,,,,,,,
https://hansgrohe-russia.ru/smesiteli/smesiteli-dlya-vanny?v=22,Набор смесителей для ванны Hansgrohe,Покупайте оригинальные смесители от бренда Hansgrohe с гарантией производителя!,,,,,,,
https://hansgrohe-russia.ru/smesiteli/smesiteli-dlya-vanny?v=23,Набор смесителей для ванны Hansgrohe,Оригинальные смесители Hansgrohe. Бесплатная доставка. Покупайте!,,,,,,,
https://hansgrohe-russia.ru/smesiteli/smesiteli-dlya-vanny?v=24,Набор смесителей для ванны Hansgrohe,Приобретайте смесители Hansgrohe с официальной гарантией. Доставка 0 руб!,,,,,,,
https://hansgrohe-russia.ru/smesiteli/smesiteli-dlya-vanny?v=25,Набор смесителей для ванны Hansgrohe,Оригинальные смесители Hansgrohe. Скидка 5% на покупку. Переходите на сайт!,,,,,,,
https://hansgrohe-russia.ru/smesiteli/smesiteli-dlya-vanny?v=26,Однорычажные смесители для ванны Hansgrohe,Покупайте оригинальные смесители от бренда Hansgrohe с гарантией производителя!,,,,,,,
https://hansgrohe-russia.ru/smesiteli/smesiteli-dlya-vanny?v=27,Однорычажные смесители для ванны Hansgrohe,Оригинальные смесители Hansgrohe. Бесплатная доставка. Покупайте!,,,,,,,
https://hansgrohe-russia.ru/smesiteli/smesiteli-dlya-vanny?v=28,Однорычажные смесители для ванны Hansgrohe,Приобретайте смесители Hansgrohe с официальной гарантией. Доставка 0 руб!,,,,,,,
https://hansgrohe-russia.ru/smesiteli/smesiteli-dlya-vanny?v=29,Однорычажные смесители для ванны Hansgrohe,Оригинальные смесители Hansgrohe. Скидка 5% на покупку. Переходите на сайт!,,,,,,,
https://hansgrohe-russia.ru/smesiteli/smesiteli-dlya-vanny?v=30,Смесители для ванны с длинным изливом Hansgrhoe,Покупайте оригинальные смесители от бренда Hansgrohe с гарантией производителя!,,,,,,,
https://hansgrohe-russia.ru/smesiteli/smesiteli-dlya-vanny?v=31,Смесители для ванны с длинным изливом Hansgrhoe,Оригинальные смесители Hansgrohe. Бесплатная доставка. Покупайте!,,,,,,,
https://hansgrohe-russia.ru/smesiteli/smesiteli-dlya-vanny?v=32,Смесители для ванны с длинным изливом Hansgrhoe,Приобретайте смесители Hansgrohe с официальной гарантией. Доставка 0 руб!,,,,,,,
https://hansgrohe-russia.ru/smesiteli/smesiteli-dlya-vanny?v=33,Смесители для ванны с длинным изливом Hansgrhoe,Оригинальные смесители Hansgrohe. Скидка 5% на покупку. Переходите на сайт!,,,,,,,
https://hansgrohe-russia.ru/smesiteli/smesiteli-dlya-vanny?v=34,Смесители для ванны с длинным изливом Hansgrohe,Покупайте оригинальные смесители от бренда Hansgrohe с гарантией производителя!,,,,,,,
https://hansgrohe-russia.ru/smesiteli/smesiteli-dlya-vanny?v=35,Смесители для ванны с длинным изливом Hansgrohe,Оригинальные смесители Hansgrohe. Бесплатная доставка. Покупайте!,,,,,,,
https://hansgrohe-russia.ru/smesiteli/smesiteli-dlya-vanny?v=36,Смесители для ванны с длинным изливом Hansgrohe,Приобретайте смесители Hansgrohe с официальной гарантией. Доставка 0 руб!,,,,,,,
https://hansgrohe-russia.ru/smesiteli/smesiteli-dlya-vanny?v=37,Смесители для ванны с длинным изливом Hansgrohe,Оригинальные смесители Hansgrohe. Скидка 5% на покупку. Переходите на сайт!,,,,,,,
https://hansgrohe-russia.ru/smesiteli/smesiteli-dlya-vanny?v=38,Смесители для ванны с душем Hansgrohe,Покупайте оригинальные смесители от бренда Hansgrohe с гарантией производителя!,,,,,,,
https://hansgrohe-russia.ru/smesiteli/smesiteli-dlya-vanny?v=39,Смесители для ванны с душем Hansgrohe,Оригинальные смесители Hansgrohe. Бесплатная доставка. Покупайте!,,,,,,,
https://hansgrohe-russia.ru/smesiteli/smesiteli-dlya-vanny?v=40,Смесители для ванны с душем Hansgrohe,Приобретайте смесители Hansgrohe с официальной гарантией. Доставка 0 руб!,,,,,,,
https://hansgrohe-russia.ru/smesiteli/smesiteli-dlya-vanny?v=41,Смесители для ванны с душем Hansgrohe,Оригинальные смесители Hansgrohe. Скидка 5% на покупку. Переходите на сайт!,,,,,,,
https://hansgrohe-russia.ru/smesiteli/smesiteli-dlya-vanny?v=42,Смесители для ванны с изливом Hansgrhoe,Покупайте оригинальные смесители от бренда Hansgrohe с гарантией производителя!,,,,,,,
https://hansgrohe-russia.ru/smesiteli/smesiteli-dlya-vanny?v=43,Смесители для ванны с изливом Hansgrhoe,Оригинальные смесители Hansgrohe. Бесплатная доставка. Покупайте!,,,,,,,
https://hansgrohe-russia.ru/smesiteli/smesiteli-dlya-vanny?v=44,Смесители для ванны с изливом Hansgrhoe,Приобретайте смесители Hansgrohe с официальной гарантией. Доставка 0 руб!,,,,,,,
https://hansgrohe-russia.ru/smesiteli/smesiteli-dlya-vanny?v=45,Смесители для ванны с изливом Hansgrhoe,Оригинальные смесители Hansgrohe. Скидка 5% на покупку. Переходите на сайт!,,,,,,,
https://hansgrohe-russia.ru/smesiteli/smesiteli-dlya-vanny?v=46,Смесители для ванны Hansgrohe. Доставка по всей России!,Покупайте оригинальные смесители от бренда Hansgrohe с гарантией производителя!,,,,,,,
https://hansgrohe-russia.ru/smesiteli/smesiteli-dlya-vanny?v=47,Смесители для ванны Hansgrohe,Оригинальные смесители Hansgrohe. Бесплатная доставка. Покупайте!,,,,,,,
https://hansgrohe-russia.ru/smesiteli/smesiteli-dlya-vanny?v=48,Смесители для ванны Hansgrohe. Оригинальная продукция,Приобретайте смесители Hansgrohe с официальной гарантией. Доставка 0 руб!,,,,,,,
https://hansgrohe-russia.ru/smesiteli/smesiteli-dlya-vanny?v=49,Смесители для ванны Hansgrohe. Суперцены каждый день!,Оригинальные смесители Hansgrohe. Скидка 5% на покупку. Переходите на сайт!,,,,,,,
https://hansgrohe-russia.ru/smesiteli/smesiteli-dlya-vanny?v=50,Смесители с изливом для ванны Hansgrohe,Покупайте оригинальные смесители от бренда Hansgrohe с гарантией производителя!,,,,,,,
https://hansgrohe-russia.ru/smesiteli/smesiteli-dlya-vanny?v=51,Смесители с изливом для ванны Hansgrohe,Оригинальные смесители Hansgrohe. Бесплатная доставка. Покупайте!,,,,,,,
https://hansgrohe-russia.ru/smesiteli/smesiteli-dlya-vanny?v=52,Смесители с изливом для ванны Hansgrohe,Приобретайте смесители Hansgrohe с официальной гарантией. Доставка 0 руб!,,,,,,,
https://hansgrohe-russia.ru/smesiteli/smesiteli-dlya-vanny?v=53,Смесители с изливом для ванны Hansgrohe,Оригинальные смесители Hansgrohe. Скидка 5% на покупку. Переходите на сайт!,,,,,,,
https://hansgrohe-russia.ru/smesiteli/smesiteli-dlya-vanny?v=54,Смесители с изливом для душа Hansgrohe,Покупайте оригинальные смесители от бренда Hansgrohe с гарантией производителя!,,,,,,,
https://hansgrohe-russia.ru/smesiteli/smesiteli-dlya-vanny?v=55,Смесители с изливом для душа Hansgrohe,Оригинальные смесители Hansgrohe. Бесплатная доставка. Покупайте!,,,,,,,
https://hansgrohe-russia.ru/smesiteli/smesiteli-dlya-vanny?v=56,Смесители с изливом для душа Hansgrohe,Приобретайте смесители Hansgrohe с официальной гарантией. Доставка 0 руб!,,,,,,,
https://hansgrohe-russia.ru/smesiteli/smesiteli-dlya-vanny?v=57,Смесители с изливом для душа Hansgrohe,Оригинальные смесители Hansgrohe. Скидка 5% на покупку. Переходите на сайт!,,,,,,,
https://hansgrohe-russia.ru/smesiteli/smesiteli-dlya-vanny/shopby/hg_kollektsii-focus?v=2#catalog,Смесители для ванны с душем Hansgrohe Focus,Покупайте оригинальные смесители от бренда Hansgrohe с гарантией производителя!,,,,,,,
https://hansgrohe-russia.ru/smesiteli/smesiteli-dlya-vanny/shopby/hg_kollektsii-focus?v=3#catalog,Смесители для ванны с душем Hansgrohe Focus,Оригинальные смесители Hansgrohe. Бесплатная доставка. Покупайте!,,,,,,,
https://hansgrohe-russia.ru/smesiteli/smesiteli-dlya-vanny/shopby/hg_kollektsii-focus?v=4#catalog,Смесители для ванны с душем Hansgrohe Focus,Приобретайте смесители Hansgrohe с официальной гарантией. Доставка 0 руб!,,,,,,,
https://hansgrohe-russia.ru/smesiteli/smesiteli-dlya-vanny/shopby/hg_kollektsii-focus?v=5#catalog,Смесители для ванны с душем Hansgrohe Focus,Оригинальные смесители Hansgrohe. Скидка 5% на покупку. Переходите на сайт!,,,,,,,
https://hansgrohe-russia.ru/smesiteli/smesiteli-dlya-vanny/shopby/hg_poverkhnost-matovyy_belyy?v=2#catalog,Смесители для ванны Hansgrohe белого цвета,Покупайте оригинальные смесители от бренда Hansgrohe с гарантией производителя!,,,,,,,
https://hansgrohe-russia.ru/smesiteli/smesiteli-dlya-vanny/shopby/hg_poverkhnost-matovyy_belyy?v=3#catalog,Смесители для ванны Hansgrohe белого цвета,Оригинальные смесители Hansgrohe. Бесплатная доставка. Покупайте!,,,,,,,
https://hansgrohe-russia.ru/smesiteli/smesiteli-dlya-vanny/shopby/hg_poverkhnost-matovyy_belyy?v=4#catalog,Смесители для ванны Hansgrohe белого цвета,Приобретайте смесители Hansgrohe с официальной гарантией. Доставка 0 руб!,,,,,,,
https://hansgrohe-russia.ru/smesiteli/smesiteli-dlya-vanny/shopby/hg_poverkhnost-matovyy_belyy?v=5#catalog,Смесители для ванны Hansgrohe белого цвета,Оригинальные смесители Hansgrohe. Скидка 5% на покупку. Переходите на сайт!,,,,,,,
https://hansgrohe-russia.ru/smesiteli/smesiteli-dlya-vanny/shopby/hg_poverkhnost-matovyy_chernyy?v=2,Смесители для ванны Hansgrohe цвета черный мат,Покупайте оригинальные смесители от бренда Hansgrohe с гарантией производителя!,,,,,,,
https://hansgrohe-russia.ru/smesiteli/smesiteli-dlya-vanny/shopby/hg_poverkhnost-matovyy_chernyy?v=3,Смесители для ванны Hansgrohe цвета черный мат,Оригинальные смесители Hansgrohe. Бесплатная доставка. Покупайте!,,,,,,,
https://hansgrohe-russia.ru/smesiteli/smesiteli-dlya-vanny/shopby/hg_poverkhnost-matovyy_chernyy?v=4,Смесители для ванны Hansgrohe цвета черный мат,Приобретайте смесители Hansgrohe с официальной гарантией. Доставка 0 руб!,,,,,,,
https://hansgrohe-russia.ru/smesiteli/smesiteli-dlya-vanny/shopby/hg_poverkhnost-matovyy_chernyy?v=5,Смесители для ванны Hansgrohe цвета черный мат,Оригинальные смесители Hansgrohe. Скидка 5% на покупку. Переходите на сайт!,,,,,,,
https://hansgrohe-russia.ru/smesiteli/smesiteli-dlya-vanny/shopby/hg_poverkhnost-matovyy_chernyy-shlifovannyy_chernyy_hrom?v=2#catalog,Смесители для ванны Hansgrohe черного цвета,Покупайте оригинальные смесители от бренда Hansgrohe с гарантией производителя!,,,,,,,
https://hansgrohe-russia.ru/smesiteli/smesiteli-dlya-vanny/shopby/hg_poverkhnost-matovyy_chernyy-shlifovannyy_chernyy_hrom?v=3#catalog,Смесители для ванны Hansgrohe черного цвета,Оригинальные смесители Hansgrohe. Бесплатная доставка. Покупайте!,,,,,,,
https://hansgrohe-russia.ru/smesiteli/smesiteli-dlya-vanny/shopby/hg_poverkhnost-matovyy_chernyy-shlifovannyy_chernyy_hrom?v=4#catalog,Смесители для ванны Hansgrohe черного цвета,Приобретайте смесители Hansgrohe с официальной гарантией. Доставка 0 руб!,,,,,,,
https://hansgrohe-russia.ru/smesiteli/smesiteli-dlya-vanny/shopby/hg_poverkhnost-matovyy_chernyy-shlifovannyy_chernyy_hrom?v=5#catalog,Смесители для ванны Hansgrohe черного цвета,Оригинальные смесители Hansgrohe. Скидка 5% на покупку. Переходите на сайт!,,,,,,,
https://hansgrohe-russia.ru/smesiteli/smesiteli-na-bort-vanny?v=2,Смесители на борт ванны Hansgrohe,Покупайте оригинальные смесители от бренда Hansgrohe с гарантией производителя!,,,,,,,
https://hansgrohe-russia.ru/smesiteli/smesiteli-na-bort-vanny?v=3,Смесители на борт ванны Hansgrohe,Оригинальные смесители Hansgrohe. Бесплатная доставка. Покупайте!,,,,,,,
https://hansgrohe-russia.ru/smesiteli/smesiteli-na-bort-vanny?v=4,Смесители на борт ванны Hansgrohe,Приобретайте смесители Hansgrohe с официальной гарантией. Доставка 0 руб!,,,,,,,
https://hansgrohe-russia.ru/smesiteli/smesiteli-na-bort-vanny?v=5,Смесители на борт ванны Hansgrohe,Оригинальные смесители Hansgrohe. Скидка 5% на покупку. Переходите на сайт!,,,,,,,
https://hansgrohe-russia.ru/smesiteli/smesiteli-na-bort-vanny?v=2#catalog,Смесители на борт ванны Hansgrohe,Покупайте оригинальные смесители от бренда Hansgrohe с гарантией производителя!,,,,,,,
https://hansgrohe-russia.ru/smesiteli/smesiteli-na-bort-vanny?v=3#catalog,Смесители на борт ванны Hansgrohe,Оригинальные смесители Hansgrohe. Бесплатная доставка. Покупайте!,,,,,,,
https://hansgrohe-russia.ru/smesiteli/smesiteli-na-bort-vanny?v=4#catalog,Смесители на борт ванны Hansgrohe,Приобретайте смесители Hansgrohe с официальной гарантией. Доставка 0 руб!,,,,,,,
https://hansgrohe-russia.ru/smesiteli/smesiteli-na-bort-vanny?v=5#catalog,Смесители на борт ванны Hansgrohe,Оригинальные смесители Hansgrohe. Скидка 5% на покупку. Переходите на сайт!,,,,,,,
https://hansgrohe-russia.ru/smesiteli/termostaticheskie-smesiteli-dlya-dusha?v=5,Душ с термостатом Hansgrohe. Доставка по всей России!,Покупайте оригинальные смесители от бренда Hansgrohe с гарантией производителя!,,,,,,,
https://hansgrohe-russia.ru/smesiteli/termostaticheskie-smesiteli-dlya-dusha?v=6,Душ с термостатом Hansgrohe,Оригинальные смесители Hansgrohe. Бесплатная доставка. Покупайте!,,,,,,,
https://hansgrohe-russia.ru/smesiteli/termostaticheskie-smesiteli-dlya-dusha?v=7,Душ с термостатом Hansgrohe. Оригинальная продукция,Приобретайте смесители Hansgrohe с официальной гарантией. Доставка 0 руб!,,,,,,,
https://hansgrohe-russia.ru/smesiteli/termostaticheskie-smesiteli-dlya-dusha?v=8,Душ с термостатом Hansgrohe. Суперцены каждый день!,Оригинальные смесители Hansgrohe. Скидка 5% на покупку. Переходите на сайт!,,,,,,,
https://hansgrohe-russia.ru/smesiteli/termostaticheskie-smesiteli-dlya-dusha?v=9,Души с термостатом Hansgrohe. Доставка по всей России!,Покупайте оригинальные смесители от бренда Hansgrohe с гарантией производителя!,,,,,,,
https://hansgrohe-russia.ru/smesiteli/termostaticheskie-smesiteli-dlya-dusha?v=10,Души с термостатом Hansgrohe,Оригинальные смесители Hansgrohe. Бесплатная доставка. Покупайте!,,,,,,,
https://hansgrohe-russia.ru/smesiteli/termostaticheskie-smesiteli-dlya-dusha?v=11,Души с термостатом Hansgrohe. Оригинальная продукция,Приобретайте смесители Hansgrohe с официальной гарантией. Доставка 0 руб!,,,,,,,
https://hansgrohe-russia.ru/smesiteli/termostaticheskie-smesiteli-dlya-dusha?v=12,Души с термостатом Hansgrohe. Суперцены каждый день!,Оригинальные смесители Hansgrohe. Скидка 5% на покупку. Переходите на сайт!,,,,,,,
https://hansgrohe-russia.ru/smesiteli/termostaticheskie-smesiteli-dlya-dusha?v=13,Термостатические смесители для душа Hansgrohe,Покупайте оригинальные смесители от бренда Hansgrohe с гарантией производителя!,,,,,,,
https://hansgrohe-russia.ru/smesiteli/termostaticheskie-smesiteli-dlya-dusha?v=14,Термостатические смесители для душа Hansgrohe,Оригинальные смесители Hansgrohe. Бесплатная доставка. Покупайте!,,,,,,,
https://hansgrohe-russia.ru/smesiteli/termostaticheskie-smesiteli-dlya-dusha?v=15,Термостатические смесители для душа Hansgrohe,Приобретайте смесители Hansgrohe с официальной гарантией. Доставка 0 руб!,,,,,,,
https://hansgrohe-russia.ru/smesiteli/termostaticheskie-smesiteli-dlya-dusha?v=16,Термостатические смесители для душа Hansgrohe,Оригинальные смесители Hansgrohe. Скидка 5% на покупку. Переходите на сайт!,,,,,,,
https://hansgrohe-russia.ru/smesiteli/termostaticheskie-smesiteli-dlya-vanny?v=3,Смесители для ванны с термостатом Hansgrohe,Покупайте оригинальные смесители от бренда Hansgrohe с гарантией производителя!,,,,,,,
https://hansgrohe-russia.ru/smesiteli/termostaticheskie-smesiteli-dlya-vanny?v=4,Смесители для ванны с термостатом Hansgrohe,Оригинальные смесители Hansgrohe. Бесплатная доставка. Покупайте!,,,,,,,
https://hansgrohe-russia.ru/smesiteli/termostaticheskie-smesiteli-dlya-vanny?v=5,Смесители для ванны с термостатом Hansgrohe,Приобретайте смесители Hansgrohe с официальной гарантией. Доставка 0 руб!,,,,,,,
https://hansgrohe-russia.ru/smesiteli/termostaticheskie-smesiteli-dlya-vanny?v=6,Смесители для ванны с термостатом Hansgrohe,Оригинальные смесители Hansgrohe. Скидка 5% на покупку. Переходите на сайт!,,,,,,,
https://hansgrohe-russia.ru/smesiteli/termostaticheskie-smesiteli-dlya-vanny?v=7,Термостатические смесители для ванны Hansgrohe,Покупайте оригинальные смесители от бренда Hansgrohe с гарантией производителя!,,,,,,,
https://hansgrohe-russia.ru/smesiteli/termostaticheskie-smesiteli-dlya-vanny?v=8,Термостатические смесители для ванны Hansgrohe,Оригинальные смесители Hansgrohe. Бесплатная доставка. Покупайте!,,,,,,,
https://hansgrohe-russia.ru/smesiteli/termostaticheskie-smesiteli-dlya-vanny?v=9,Термостатические смесители для ванны Hansgrohe,Приобретайте смесители Hansgrohe с официальной гарантией. Доставка 0 руб!,,,,,,,
https://hansgrohe-russia.ru/smesiteli/termostaticheskie-smesiteli-dlya-vanny?v=10,Термостатические смесители для ванны Hansgrohe,Оригинальные смесители Hansgrohe. Скидка 5% на покупку. Переходите на сайт!,,,,,,,
https://hansgrohe-russia.ru/vstraivaemyy-montazh/vstraivaemye-smesiteli-i-termostaty-dlya-dusha?v=2,Смесители для душа c термостатом Hansgrohe,Покупайте оригинальные смесители от бренда Hansgrohe с гарантией производителя!,,,,,,,
https://hansgrohe-russia.ru/vstraivaemyy-montazh/vstraivaemye-smesiteli-i-termostaty-dlya-dusha?v=3,Смесители для душа c термостатом Hansgrohe,Оригинальные смесители Hansgrohe. Бесплатная доставка. Покупайте!,,,,,,,
https://hansgrohe-russia.ru/vstraivaemyy-montazh/vstraivaemye-smesiteli-i-termostaty-dlya-dusha?v=4,Смесители для душа c термостатом Hansgrohe,Приобретайте смесители Hansgrohe с официальной гарантией. Доставка 0 руб!,,,,,,,
https://hansgrohe-russia.ru/vstraivaemyy-montazh/vstraivaemye-smesiteli-i-termostaty-dlya-dusha?v=5,Смесители для душа c термостатом Hansgrohe,Оригинальные смесители Hansgrohe. Скидка 5% на покупку. Переходите на сайт!,,,,,,,
https://hansgrohe-russia.ru/kollektsii/focus/shopby/hg_tip-smesiteli_dlya_kuhonnoy_moyki-smesiteli_dlya_rakoviny-smesitel_dlya_rakoviny_i_gigienicheskiy_dush?v=3#catalog,Hansgrohe для раковины Focus. Доставка по всей России!,Покупайте оригинальные смесители от бренда Hansgrohe с гарантией производителя!,,,,,,,
https://hansgrohe-russia.ru/kollektsii/focus/shopby/hg_tip-smesiteli_dlya_kuhonnoy_moyki-smesiteli_dlya_rakoviny-smesitel_dlya_rakoviny_i_gigienicheskiy_dush?v=4#catalog,Hansgrohe для раковины Focus,Оригинальные смесители Hansgrohe. Бесплатная доставка. Покупайте!,,,,,,,
https://hansgrohe-russia.ru/kollektsii/focus/shopby/hg_tip-smesiteli_dlya_kuhonnoy_moyki-smesiteli_dlya_rakoviny-smesitel_dlya_rakoviny_i_gigienicheskiy_dush?v=5#catalog,Hansgrohe для раковины Focus. Оригинальная продукция,Приобретайте смесители Hansgrohe с официальной гарантией. Доставка 0 руб!,,,,,,,
https://hansgrohe-russia.ru/kollektsii/focus/shopby/hg_tip-smesiteli_dlya_kuhonnoy_moyki-smesiteli_dlya_rakoviny-smesitel_dlya_rakoviny_i_gigienicheskiy_dush?v=6#catalog,Hansgrohe для раковины Focus. Суперцены каждый день!,Оригинальные смесители Hansgrohe. Скидка 5% на покупку. Переходите на сайт!,,,,,,,
https://hansgrohe-russia.ru/kollektsii/focus/shopby/hg_tip-smesiteli_dlya_kuhonnoy_moyki-smesiteli_dlya_rakoviny-smesitel_dlya_rakoviny_i_gigienicheskiy_dush?v=7#catalog,Hansgrohe для раковины Focus E2,Покупайте оригинальные смесители от бренда Hansgrohe с гарантией производителя!,,,,,,,
https://hansgrohe-russia.ru/kollektsii/focus/shopby/hg_tip-smesiteli_dlya_kuhonnoy_moyki-smesiteli_dlya_rakoviny-smesitel_dlya_rakoviny_i_gigienicheskiy_dush?v=8#catalog,Hansgrohe для раковины Focus E2,Оригинальные смесители Hansgrohe. Бесплатная доставка. Покупайте!,,,,,,,
https://hansgrohe-russia.ru/kollektsii/focus/shopby/hg_tip-smesiteli_dlya_kuhonnoy_moyki-smesiteli_dlya_rakoviny-smesitel_dlya_rakoviny_i_gigienicheskiy_dush?v=9#catalog,Hansgrohe для раковины Focus E2. Оригинальная продукция,Приобретайте смесители Hansgrohe с официальной гарантией. Доставка 0 руб!,,,,,,,
https://hansgrohe-russia.ru/kollektsii/focus/shopby/hg_tip-smesiteli_dlya_kuhonnoy_moyki-smesiteli_dlya_rakoviny-smesitel_dlya_rakoviny_i_gigienicheskiy_dush?v=10#catalog,Hansgrohe для раковины Focus E2. Суперцены каждый день!,Оригинальные смесители Hansgrohe. Скидка 5% на покупку. Переходите на сайт!,,,,,,,
https://hansgrohe-russia.ru/kollektsii/logis-1/shopby/hg_kollektsii-logis_e/hg_tip-smesiteli_dlya_rakoviny?v=2#catalog,Hansgrohe для раковины Logis E. Доставка по всей России!,Покупайте оригинальные смесители от бренда Hansgrohe с гарантией производителя!,,,,,,,
https://hansgrohe-russia.ru/kollektsii/logis-1/shopby/hg_kollektsii-logis_e/hg_tip-smesiteli_dlya_rakoviny?v=3#catalog,Hansgrohe для раковины Logis E,Оригинальные смесители Hansgrohe. Бесплатная доставка. Покупайте!,,,,,,,
https://hansgrohe-russia.ru/kollektsii/logis-1/shopby/hg_kollektsii-logis_e/hg_tip-smesiteli_dlya_rakoviny?v=4#catalog,Hansgrohe для раковины Logis E. Оригинальная продукция,Приобретайте смесители Hansgrohe с официальной гарантией. Доставка 0 руб!,,,,,,,
https://hansgrohe-russia.ru/kollektsii/logis-1/shopby/hg_kollektsii-logis_e/hg_tip-smesiteli_dlya_rakoviny?v=5#catalog,Hansgrohe для раковины Logis E. Суперцены каждый день!,Оригинальные смесители Hansgrohe. Скидка 5% на покупку. Переходите на сайт!,,,,,,,
https://hansgrohe-russia.ru/kollektsii/metris-1/shopby/hg_tip-smesiteli_dlya_rakoviny-smesiteli_dlya_kuhonnoy_moyki-smesitel_dlya_rakoviny_i_gigienicheskiy_dush/hg_kollektsii-metris_s?v=2#catalog,Hansgrohe для раковины Metris S,Покупайте оригинальные смесители от бренда Hansgrohe с гарантией производителя!,,,,,,,
https://hansgrohe-russia.ru/kollektsii/metris-1/shopby/hg_tip-smesiteli_dlya_rakoviny-smesiteli_dlya_kuhonnoy_moyki-smesitel_dlya_rakoviny_i_gigienicheskiy_dush/hg_kollektsii-metris_s?v=3#catalog,Hansgrohe для раковины Metris S,Оригинальные смесители Hansgrohe. Бесплатная доставка. Покупайте!,,,,,,,
https://hansgrohe-russia.ru/kollektsii/metris-1/shopby/hg_tip-smesiteli_dlya_rakoviny-smesiteli_dlya_kuhonnoy_moyki-smesitel_dlya_rakoviny_i_gigienicheskiy_dush/hg_kollektsii-metris_s?v=4#catalog,Hansgrohe для раковины Metris S. Оригинальная продукция,Приобретайте смесители Hansgrohe с официальной гарантией. Доставка 0 руб!,,,,,,,
https://hansgrohe-russia.ru/kollektsii/metris-1/shopby/hg_tip-smesiteli_dlya_rakoviny-smesiteli_dlya_kuhonnoy_moyki-smesitel_dlya_rakoviny_i_gigienicheskiy_dush/hg_kollektsii-metris_s?v=5#catalog,Hansgrohe для раковины Metris S. Суперцены каждый день!,Оригинальные смесители Hansgrohe. Скидка 5% на покупку. Переходите на сайт!,,,,,,,
https://hansgrohe-russia.ru/kollektsii/metris-1/shopby/hg_tip-smesiteli_dlya_rakoviny-smesiteli_dlya_kuhonnoy_moyki-smesitel_dlya_rakoviny_i_gigienicheskiy_dush?v=2#catalog,Hansgrohe для раковины Metris. Доставка по всей России!,Покупайте оригинальные смесители от бренда Hansgrohe с гарантией производителя!,,,,,,,
https://hansgrohe-russia.ru/kollektsii/metris-1/shopby/hg_tip-smesiteli_dlya_rakoviny-smesiteli_dlya_kuhonnoy_moyki-smesitel_dlya_rakoviny_i_gigienicheskiy_dush?v=3#catalog,Hansgrohe для раковины Metris,Оригинальные смесители Hansgrohe. Бесплатная доставка. Покупайте!,,,,,,,
https://hansgrohe-russia.ru/kollektsii/metris-1/shopby/hg_tip-smesiteli_dlya_rakoviny-smesiteli_dlya_kuhonnoy_moyki-smesitel_dlya_rakoviny_i_gigienicheskiy_dush?v=4#catalog,Hansgrohe для раковины Metris. Оригинальная продукция,Приобретайте смесители Hansgrohe с официальной гарантией. Доставка 0 руб!,,,,,,,
https://hansgrohe-russia.ru/kollektsii/metris-1/shopby/hg_tip-smesiteli_dlya_rakoviny-smesiteli_dlya_kuhonnoy_moyki-smesitel_dlya_rakoviny_i_gigienicheskiy_dush?v=5#catalog,Hansgrohe для раковины Metris. Суперцены каждый день!,Оригинальные смесители Hansgrohe. Скидка 5% на покупку. Переходите на сайт!,,,,,,,
https://hansgrohe-russia.ru/?v=6,Гарнитур Hansgrohe. Официальный интернет-магазин,Сантехника Hansgrohe в официальном магазине. Гарантия до 5 лет. Доставка - 0 ₽!,,,,,,,
https://hansgrohe-russia.ru/catalogsearch/result/?q=100&v=1,Душевые гарнитуры Hansgrohe 100. Официальный магазин,Сантехника Hansgrohe в официальном магазине. Гарантия до 5 лет. Доставка - 0 ₽!,,,,,,,
https://hansgrohe-russia.ru/dushevaya-programma?v=1,Гарнитур для ванной Hansgrohe. Официальный магазин,Сантехника Hansgrohe в официальном магазине. Гарантия до 5 лет. Доставка - 0 ₽!,,,,,,,
https://hansgrohe-russia.ru/dushevaya-programma?v=2,Гарнитур для душа Hansgrohe. Купите в Москве,Сантехника Hansgrohe в официальном магазине. Гарантия до 5 лет. Доставка - 0 ₽!,,,,,,,
https://hansgrohe-russia.ru/dushevaya-programma?v=3,Душевой гарнитур Hansgrohe. Купите в Москве,Сантехника Hansgrohe в официальном магазине. Гарантия до 5 лет. Доставка - 0 ₽!,,,,,,,
https://hansgrohe-russia.ru/dushevaya-programma?v=4,Душевой гарнитур Hansgrohe. Официальный интернет-магазин,Сантехника Hansgrohe в официальном магазине. Гарантия до 5 лет. Доставка - 0 ₽!,,,,,,,
https://hansgrohe-russia.ru/dushevaya-programma/shopby/hg_poverkhnost-matovyy_chernyy-polirovannyy_chernyy_hrom-chernyy-shlifovannyy_chernyy_hrom?v=1#catalog,Душевой гарнитур Hansgrohe черного цвета. Доставка 0₽,Сантехника Hansgrohe в официальном магазине. Гарантия до 5 лет. Доставка - 0 ₽!,,,,,,,
https://hansgrohe-russia.ru/kollektsii/croma-1?v=6,Душевой гарнитур Hansgrohe Croma. Официальный магазин,Сантехника Hansgrohe в официальном магазине. Гарантия до 5 лет. Доставка - 0 ₽!,,,,,,,
https://hansgrohe-russia.ru/kollektsii/croma-1/shopby/hg_kollektsii-croma_100-croma_100_classic?v=1#catalog,Душевой гарнитур Hansgrohe Croma 100,Сантехника Hansgrohe в официальном магазине. Гарантия до 5 лет. Доставка - 0 ₽!,,,,,,,
https://hansgrohe-russia.ru/kollektsii/croma-1/shopby/hg_kollektsii-croma_e-croma_select_e?v=1#catalog,Душевой гарнитур Hansgrohe Croma E. Официальный магазин,Сантехника Hansgrohe в официальном магазине. Гарантия до 5 лет. Доставка - 0 ₽!,,,,,,,
https://hansgrohe-russia.ru/kollektsii/croma-1/shopby/hg_kollektsii-croma_select_e?v=1,Душевой гарнитур Hansgrohe Croma Select E. Доставка 0₽,Сантехника Hansgrohe в официальном магазине. Гарантия до 5 лет. Доставка - 0 ₽!,,,,,,,
https://hansgrohe-russia.ru/kollektsii/croma-1/shopby/hg_kollektsii-croma_select_e-croma_select_s?v=1#catalog,Душевой гарнитур Hansgrohe Croma Select,Сантехника Hansgrohe в официальном магазине. Гарантия до 5 лет. Доставка - 0 ₽!,,,,,,,
https://hansgrohe-russia.ru/kollektsii/crometta?v=1,Душевой гарнитур Hansgrohe Crometta. Официальный магазин,Сантехника Hansgrohe в официальном магазине. Гарантия до 5 лет. Доставка - 0 ₽!,,,,,,,
https://hansgrohe-russia.ru/kollektsii/crometta?v=2,Душевой гарнитур Hansgrohe Crometta Vario. Доставка 0₽,Сантехника Hansgrohe в официальном магазине. Гарантия до 5 лет. Доставка - 0 ₽!,,,,,,,
https://hansgrohe-russia.ru/kollektsii/raindance?v=1,Душевой гарнитур Hansgrohe Raindance,Сантехника Hansgrohe в официальном магазине. Гарантия до 5 лет. Доставка - 0 ₽!,,,,,,,
https://hansgrohe-russia.ru/kollektsii/raindance/shopby/hg_kollektsii-raindance_select_s?v=1,Душевой гарнитур Hansgrohe Raindance Select S,Сантехника Hansgrohe в официальном магазине. Гарантия до 5 лет. Доставка - 0 ₽!,,,,,,,
https://hansgrohe-russia.ru/kollektsii/raindance/shopby/hg_kollektsii-raindance_select-raindance_select_e-raindance_select_s?v=1#catalog,Душевой гарнитур Hansgrohe Raindance Select. Доставка 0₽,Сантехника Hansgrohe в официальном магазине. Гарантия до 5 лет. Доставка - 0 ₽!,,,,,,,
https://hansgrohe-russia.ru/kollektsii/showerselect?v=1,Душевой гарнитур Hansgrohe Showerselect,Сантехника Hansgrohe в официальном магазине. Гарантия до 5 лет. Доставка - 0 ₽!,,,,,,,
https://hansgrohe-russia.ru/catalogsearch/result/?hg_tip=2543&q=hansgrohe+select&v=1,Верхние души Hansgrohe Select. Официальный магазин,Сантехника Hansgrohe в официальном магазине. Гарантия до 5 лет. Доставка - 0 ₽!,,,,,,,
https://hansgrohe-russia.ru/dushevaya-programma?v=5,Душ для вынны Hansgrohe. Официальный интернет-магазин,Сантехника Hansgrohe в официальном магазине. Гарантия до 5 лет. Доставка - 0 ₽!,,,,,,,
https://hansgrohe-russia.ru/dushevaya-programma?v=6,Душ для душевой Hansgrohe. Официальный интернет-магазин,Сантехника Hansgrohe в официальном магазине. Гарантия до 5 лет. Доставка - 0 ₽!,,,,,,,
https://hansgrohe-russia.ru/dushevaya-programma?v=7,Душ Hansgrohe. Купите в Москве,Сантехника Hansgrohe в официальном магазине. Гарантия до 5 лет. Доставка - 0 ₽!,,,,,,,
https://hansgrohe-russia.ru/dushevaya-programma?v=8,Душ Hansgrohe. Официальный интернет-магазин,Сантехника Hansgrohe в официальном магазине. Гарантия до 5 лет. Доставка - 0 ₽!,,,,,,,
https://hansgrohe-russia.ru/dushevaya-programma?v=9,Душевые Hansgrohe. Официальный интернет-магазин,Сантехника Hansgrohe в официальном магазине. Гарантия до 5 лет. Доставка - 0 ₽!,,,,,,,
https://hansgrohe-russia.ru/dushevaya-programma?v=10,Души для ванны Hansgrohe. Официальный интернет-магазин,Сантехника Hansgrohe в официальном магазине. Гарантия до 5 лет. Доставка - 0 ₽!,,,,,,,
https://hansgrohe-russia.ru/dushevaya-programma?v=11,Души Hansgrohe. Официальный интернет-магазин,Сантехника Hansgrohe в официальном магазине. Гарантия до 5 лет. Доставка - 0 ₽!,,,,,,,
https://hansgrohe-russia.ru/dushevaya-programma?v=12,Души Hansgrohe Focus. Официальный интернет-магазин,Сантехника Hansgrohe в официальном магазине. Гарантия до 5 лет. Доставка - 0 ₽!,,,,,,,
https://hansgrohe-russia.ru/dushevaya-programma?v=13,Души Hansgrohe Logis. Официальный интернет-магазин,Сантехника Hansgrohe в официальном магазине. Гарантия до 5 лет. Доставка - 0 ₽!,,,,,,,
https://hansgrohe-russia.ru/dushevaya-programma?v=14,Квадратные души Hansgrohe. Официальный интернет-магазин,Сантехника Hansgrohe в официальном магазине. Гарантия до 5 лет. Доставка - 0 ₽!,,,,,,,
https://hansgrohe-russia.ru/dushevaya-programma?v=15,Тропические души для ванны Hansgrohe,Сантехника Hansgrohe в официальном магазине. Гарантия до 5 лет. Доставка - 0 ₽!,,,,,,,
https://hansgrohe-russia.ru/dushevaya-programma?v=16,Тропические души Hansgrohe. Официальный интернет-магазин,Сантехника Hansgrohe в официальном магазине. Гарантия до 5 лет. Доставка - 0 ₽!,,,,,,,
https://hansgrohe-russia.ru/dushevaya-programma/dush-dlya-sobak?v=1,Души для собак Hansgrohe. Официальный интернет-магазин,Сантехника Hansgrohe в официальном магазине. Гарантия до 5 лет. Доставка - 0 ₽!,,,,,,,
https://hansgrohe-russia.ru/dushevaya-programma/shopby/hg_kollektsii-puravida#catalog,Души Hansgrohe Puravida. Официальный интернет-магазин,Сантехника Hansgrohe в официальном магазине. Гарантия до 5 лет. Доставка - 0 ₽!,,,,,,,
https://hansgrohe-russia.ru/dushevaya-programma/shopby/hg_poverkhnost-chernyy-matovyy_chernyy-chernyy_hrom?v=1#catalog,Души Hansgrohe черного цвета. Официальный магазин,Сантехника Hansgrohe в официальном магазине. Гарантия до 5 лет. Доставка - 0 ₽!,,,,,,,
https://hansgrohe-russia.ru/dushevaya-programma/shopby/hg_poverkhnost-shlifovannoe_zoloto-polirovannoe_zoloto-hrom_pod_zoloto?v=1#catalog,Души Hansgrohe золотого цвета. Официальный магазин,Сантехника Hansgrohe в официальном магазине. Гарантия до 5 лет. Доставка - 0 ₽!,,,,,,,
https://hansgrohe-russia.ru/dushevaya-programma/shopby/hg_tip-showerpipes_s_termostatom-dushevye_nabory_so_shtangoy_i_termostatom?v=1#catalog,Тропические души с термостатом Hansgrohe. Доставка 0₽,Сантехника Hansgrohe в официальном магазине. Гарантия до 5 лет. Доставка - 0 ₽!,,,,,,,
https://hansgrohe-russia.ru/dushevaya-programma/verhnie-dushi?v=1,Верхние души Hansgrohe. Официальный интернет-магазин,Сантехника Hansgrohe в официальном магазине. Гарантия до 5 лет. Доставка - 0 ₽!,,,,,,,
https://hansgrohe-russia.ru/dushevaya-programma/verhnie-dushi?v=2,Потолочные души Hansgrohe. Официальный интернет-магазин,Сантехника Hansgrohe в официальном магазине. Гарантия до 5 лет. Доставка - 0 ₽!,,,,,,,
https://hansgrohe-russia.ru/dushevaya-programma/verhnie-dushi/shopby/hg_poverkhnost-matovyy_chernyy?v=1,Верхние души Hansgrohe матово черный,Сантехника Hansgrohe в официальном магазине. Гарантия до 5 лет. Доставка - 0 ₽!,,,,,,,
https://hansgrohe-russia.ru/dushevaya-programma/verhnie-dushi/shopby/hg_poverkhnost-matovyy_chernyy-shlifovannyy_chernyy_hrom-chernyy_hrom?v=1,Верхние души Hansgrohe черного цвета,Сантехника Hansgrohe в официальном магазине. Гарантия до 5 лет. Доставка - 0 ₽!,,,,,,,
https://hansgrohe-russia.ru/dushevaya-programma/verhnie-dushi/shopby/hg_technology_attribute-airpower?v=1#catalog,Верхние души Hansgrohe Air. Официальный интернет-магазин,Сантехника Hansgrohe в официальном магазине. Гарантия до 5 лет. Доставка - 0 ₽!,,,,,,,
https://hansgrohe-russia.ru/kollektsii/croma-1/shopby/hg_kollektsii-croma_select_e-croma_select_s?v=2#catalog,Душ Hansgrohe Croma Select. Официальный интернет-магазин,Сантехника Hansgrohe в официальном магазине. Гарантия до 5 лет. Доставка - 0 ₽!,,,,,,,
https://hansgrohe-russia.ru/kollektsii/croma-1/shopby/hg_tip-verhnie_dushi?v=1#catalog,Верхние души Hansgrohe Croma. Официальный магазин,Сантехника Hansgrohe в официальном магазине. Гарантия до 5 лет. Доставка - 0 ₽!,,,,,,,
https://hansgrohe-russia.ru/kollektsii/crometta?v=3,Душ Hansgrohe Crometta. Официальный интернет-магазин,Сантехника Hansgrohe в официальном магазине. Гарантия до 5 лет. Доставка - 0 ₽!,,,,,,,
https://hansgrohe-russia.ru/kollektsii/crometta/shopby/hg_tip-verhnie_dushi?v=1#catalog,Верхние души Hansgrohe Crometta. Официальный магазин,Сантехника Hansgrohe в официальном магазине. Гарантия до 5 лет. Доставка - 0 ₽!,,,,,,,
https://hansgrohe-russia.ru/kollektsii/ecostat-1?v=26,Душ Hansgrohe Ecostat. Официальный интернет-магазин,Сантехника Hansgrohe в официальном магазине. Гарантия до 5 лет. Доставка - 0 ₽!,,,,,,,
https://hansgrohe-russia.ru/kollektsii/logis-1?v=32,Душевые комплекты Hansgrohe Logis. Официальный магазин,Сантехника Hansgrohe в официальном магазине. Гарантия до 5 лет. Доставка - 0 ₽!,,,,,,,
https://hansgrohe-russia.ru/kollektsii/porter?v=1,Душ Hansgrohe Porter. Официальный интернет-магазин,Сантехника Hansgrohe в официальном магазине. Гарантия до 5 лет. Доставка - 0 ₽!,,,,,,,
https://hansgrohe-russia.ru/kollektsii/puravida?v=6,Душ Hansgrohe Puravida. Официальный интернет-магазин,Сантехника Hansgrohe в официальном магазине. Гарантия до 5 лет. Доставка - 0 ₽!,,,,,,,
https://hansgrohe-russia.ru/kollektsii/raindance?v=2,Душ Hansgrohe Raindance. Официальный интернет-магазин,Сантехника Hansgrohe в официальном магазине. Гарантия до 5 лет. Доставка - 0 ₽!,,,,,,,
https://hansgrohe-russia.ru/kollektsii/raindance?v=3,Души Hansgrohe Raindance. Официальный интернет-магазин,Сантехника Hansgrohe в официальном магазине. Гарантия до 5 лет. Доставка - 0 ₽!,,,,,,,
https://hansgrohe-russia.ru/kollektsii/raindance/shopby/hg_kollektsii-raindance_e?v=1#catalog,Души Hansgrohe Raindance E 300. Официальный магазин,Сантехника Hansgrohe в официальном магазине. Гарантия до 5 лет. Доставка - 0 ₽!,,,,,,,
https://hansgrohe-russia.ru/kollektsii/raindance/shopby/hg_kollektsii-raindance_select-raindance_select_e-raindance_select_s?v=2#catalog,Душ Hansgrohe Raindance Select. Официальный магазин,Сантехника Hansgrohe в официальном магазине. Гарантия до 5 лет. Доставка - 0 ₽!,,,,,,,
https://hansgrohe-russia.ru/kollektsii/raindance/shopby/hg_tip-verhnie_dushi?v=1,Верхние души Hansgrohe Raindance. Официальный магазин,Сантехника Hansgrohe в официальном магазине. Гарантия до 5 лет. Доставка - 0 ₽!,,,,,,,
https://hansgrohe-russia.ru/kollektsii/raindance/shopby/hg_tip-verhnie_dushi?v=2,Верхние души Hansgrohe Raindance 240,Сантехника Hansgrohe в официальном магазине. Гарантия до 5 лет. Доставка - 0 ₽!,,,,,,,
https://hansgrohe-russia.ru/kollektsii/raindance/shopby/hg_tip-verhnie_dushi/hg_kollektsii-raindance_e-raindance_select_e?v=1,Верхние души Hansgrohe Raindance E. Официальный магазин,Сантехника Hansgrohe в официальном магазине. Гарантия до 5 лет. Доставка - 0 ₽!,,,,,,,
https://hansgrohe-russia.ru/kollektsii/raindance/shopby/hg_tip-verhnie_dushi/hg_kollektsii-raindance_select-raindance_select_e-raindance_select_s?v=1#catalog,Верхние души Hansgrohe Raindance Select,Сантехника Hansgrohe в официальном магазине. Гарантия до 5 лет. Доставка - 0 ₽!,,,,,,,
https://hansgrohe-russia.ru/kollektsii/rainfinity?v=1,Душ Hansgrohe Rainfinity. Официальный интернет-магазин,Сантехника Hansgrohe в официальном магазине. Гарантия до 5 лет. Доставка - 0 ₽!,,,,,,,
https://hansgrohe-russia.ru/kollektsii/rainfinity/shopby/hg_razmer_verkhn_dusha-300-400?v=1,Верхние души Hansgrohe Rainfinity 360. Официальный сайт,Сантехника Hansgrohe в официальном магазине. Гарантия до 5 лет. Доставка - 0 ₽!,,,,,,,
https://hansgrohe-russia.ru/kollektsii/rainfinity/shopby/hg_tip-verhnie_dushi?v=1#catalog,Верхние души Hansgrohe Rainfinity. Официальный магазин,Сантехника Hansgrohe в официальном магазине. Гарантия до 5 лет. Доставка - 0 ₽!,,,,,,,
https://hansgrohe-russia.ru/kollektsii/rainmaker?v=1,Душ Hansgrohe Rainmaker Select. Официальный магазин,Сантехника Hansgrohe в официальном магазине. Гарантия до 5 лет. Доставка - 0 ₽!,,,,,,,
https://hansgrohe-russia.ru/kollektsii/talis-1?v=11,Души Hansgrohe Talis. Официальный интернет-магазин,Сантехника Hansgrohe в официальном магазине. Гарантия до 5 лет. Доставка - 0 ₽!,,,,,,,
https://hansgrohe-russia.ru/vstraivaemyy-montazh?v=1,Души скрытого монтажа Hansgrohe. Официальный магазин,Сантехника Hansgrohe в официальном магазине. Гарантия до 5 лет. Доставка - 0 ₽!,,,,,,,
https://hansgrohe-russia.ru/dushevaya-programma/dushevye-forsunki?v=1,Боковые душевые форсунки Hansgrohe. Официальный магазин,Сантехника Hansgrohe в официальном магазине. Гарантия до 5 лет. Доставка - 0 ₽!,,,,,,,
https://hansgrohe-russia.ru/kollektsii/croma-1?v=7,Душ Hansgrohe Croma. Официальный интернет-магазин,Сантехника Hansgrohe в официальном магазине. Гарантия до 5 лет. Доставка - 0 ₽!,,,,,,,
https://hansgrohe-russia.ru/?v=7,Гарнитур Hansgrohe. Доставка по всей России!,Покупайте гарнитуры от бренда Hansgrohe с гарантией производителя!,,,,,,,
https://hansgrohe-russia.ru/?v=8,Гарнитур Hansgrohe. Получайте подарки за покупку!,Оригинальные гарнитуры Hansgrohe. Бесплатная доставка. Покупайте!,,,,,,,
https://hansgrohe-russia.ru/?v=9,Гарнитур Hansgrohe. Оригинальная продукция,Приобретайте гарнитуры Hansgrohe с официальной гарантией. Доставка 0 руб!,,,,,,,
https://hansgrohe-russia.ru/?v=10,Гарнитур Hansgrohe. Суперцены каждый день!,Оригинальные гарнитуры Hansgrohe. Скидка 5% на покупку. Переходите на сайт!,,,,,,,
https://hansgrohe-russia.ru/catalogsearch/result/?q=100&v=2,Душевые гарнитуры Hansgrohe 100,Покупайте душевые гарнитуры от бренда Hansgrohe с гарантией производителя!,,,,,,,
https://hansgrohe-russia.ru/catalogsearch/result/?q=100&v=3,Душевые гарнитуры Hansgrohe 100,Оригинальные душевые гарнитуры Hansgrohe. Бесплатная доставка. Покупайте!,,,,,,,
https://hansgrohe-russia.ru/catalogsearch/result/?q=100&v=4,Душевые гарнитуры Hansgrohe 100. Оригинальная продукция,Приобретайте душевые гарнитуры Hansgrohe с официальной гарантией. Доставка 0 руб!,,,,,,,
https://hansgrohe-russia.ru/catalogsearch/result/?q=100&v=5,Душевые гарнитуры Hansgrohe 100. Суперцены каждый день!,Оригинальные душевые гарнитуры Hansgrohe. Скидка 5% на покупку. Переходите на сайт!,,,,,,,
https://hansgrohe-russia.ru/dushevaya-programma?v=17,Гарнитур для ванной Hansgrohe. Доставка по всей России!,Покупайте гарнитуры от бренда Hansgrohe с гарантией производителя!,,,,,,,
https://hansgrohe-russia.ru/dushevaya-programma?v=18,Гарнитур для ванной Hansgrohe,Оригинальные гарнитуры Hansgrohe. Бесплатная доставка. Покупайте!,,,,,,,
https://hansgrohe-russia.ru/dushevaya-programma?v=19,Гарнитур для ванной Hansgrohe. Оригинальная продукция,Приобретайте гарнитуры Hansgrohe с официальной гарантией. Доставка 0 руб!,,,,,,,
https://hansgrohe-russia.ru/dushevaya-programma?v=20,Гарнитур для ванной Hansgrohe. Суперцены каждый день!,Оригинальные гарнитуры Hansgrohe. Скидка 5% на покупку. Переходите на сайт!,,,,,,,
https://hansgrohe-russia.ru/dushevaya-programma?v=21,Душевой гарнитур Hansgrohe. Доставка по всей России!,Покупайте душевые гарнитуры от бренда Hansgrohe с гарантией производителя!,,,,,,,
https://hansgrohe-russia.ru/dushevaya-programma?v=22,Душевой гарнитур Hansgrohe,Оригинальные душевые гарнитуры Hansgrohe. Бесплатная доставка. Покупайте!,,,,,,,
https://hansgrohe-russia.ru/dushevaya-programma?v=23,Душевой гарнитур Hansgrohe. Оригинальная продукция,Приобретайте душевые гарнитуры Hansgrohe с официальной гарантией. Доставка 0 руб!,,,,,,,
https://hansgrohe-russia.ru/dushevaya-programma?v=24,Душевой гарнитур Hansgrohe. Суперцены каждый день!,Оригинальные душевые гарнитуры Hansgrohe. Скидка 5% на покупку. Переходите на сайт!,,,,,,,
https://hansgrohe-russia.ru/dushevaya-programma/shopby/hg_poverkhnost-matovyy_chernyy-polirovannyy_chernyy_hrom-chernyy-shlifovannyy_chernyy_hrom?v=2#catalog,Душевой гарнитур Hansgrohe черного цвета,Покупайте душевые гарнитуры от бренда Hansgrohe с гарантией производителя!,,,,,,,
https://hansgrohe-russia.ru/dushevaya-programma/shopby/hg_poverkhnost-matovyy_chernyy-polirovannyy_chernyy_hrom-chernyy-shlifovannyy_chernyy_hrom?v=3#catalog,Душевой гарнитур Hansgrohe черного цвета,Оригинальные душевые гарнитуры Hansgrohe. Бесплатная доставка. Покупайте!,,,,,,,
https://hansgrohe-russia.ru/dushevaya-programma/shopby/hg_poverkhnost-matovyy_chernyy-polirovannyy_chernyy_hrom-chernyy-shlifovannyy_chernyy_hrom?v=4#catalog,Душевой гарнитур Hansgrohe черного цвета,Приобретайте душевые гарнитуры Hansgrohe с официальной гарантией. Доставка 0 руб!,,,,,,,
https://hansgrohe-russia.ru/dushevaya-programma/shopby/hg_poverkhnost-matovyy_chernyy-polirovannyy_chernyy_hrom-chernyy-shlifovannyy_chernyy_hrom?v=5#catalog,Душевой гарнитур Hansgrohe черного цвета,Оригинальные душевые гарнитуры Hansgrohe. Скидка 5% на покупку. Переходите на сайт!,,,,,,,
https://hansgrohe-russia.ru/kollektsii/croma-1?v=8,Душевой гарнитур Hansgrohe Croma,Покупайте душевые гарнитуры от бренда Hansgrohe с гарантией производителя!,,,,,,,
https://hansgrohe-russia.ru/kollektsii/croma-1?v=9,Душевой гарнитур Hansgrohe Croma,Оригинальные душевые гарнитуры Hansgrohe. Бесплатная доставка. Покупайте!,,,,,,,
https://hansgrohe-russia.ru/kollektsii/croma-1?v=10,Душевой гарнитур Hansgrohe Croma. Оригинальная продукция,Приобретайте душевые гарнитуры Hansgrohe с официальной гарантией. Доставка 0 руб!,,,,,,,
https://hansgrohe-russia.ru/kollektsii/croma-1?v=11,Душевой гарнитур Hansgrohe Croma. Суперцены каждый день!,Оригинальные душевые гарнитуры Hansgrohe. Скидка 5% на покупку. Переходите на сайт!,,,,,,,
https://hansgrohe-russia.ru/kollektsii/croma-1/shopby/hg_kollektsii-croma_100-croma_100_classic?v=2#catalog,Душевой гарнитур Hansgrohe Croma 100,Покупайте душевые гарнитуры от бренда Hansgrohe с гарантией производителя!,,,,,,,
https://hansgrohe-russia.ru/kollektsii/croma-1/shopby/hg_kollektsii-croma_100-croma_100_classic?v=3#catalog,Душевой гарнитур Hansgrohe Croma 100,Оригинальные душевые гарнитуры Hansgrohe. Бесплатная доставка. Покупайте!,,,,,,,
https://hansgrohe-russia.ru/kollektsii/croma-1/shopby/hg_kollektsii-croma_100-croma_100_classic?v=4#catalog,Душевой гарнитур Hansgrohe Croma 100,Приобретайте душевые гарнитуры Hansgrohe с официальной гарантией. Доставка 0 руб!,,,,,,,
https://hansgrohe-russia.ru/kollektsii/croma-1/shopby/hg_kollektsii-croma_100-croma_100_classic?v=5#catalog,Душевой гарнитур Hansgrohe Croma 100,Оригинальные душевые гарнитуры Hansgrohe. Скидка 5% на покупку. Переходите на сайт!,,,,,,,
https://hansgrohe-russia.ru/kollektsii/croma-1/shopby/hg_kollektsii-croma_e-croma_select_e?v=2#catalog,Душевой гарнитур Hansgrohe Croma E,Покупайте душевые гарнитуры от бренда Hansgrohe с гарантией производителя!,,,,,,,
https://hansgrohe-russia.ru/kollektsii/croma-1/shopby/hg_kollektsii-croma_e-croma_select_e?v=3#catalog,Душевой гарнитур Hansgrohe Croma E,Оригинальные душевые гарнитуры Hansgrohe. Бесплатная доставка. Покупайте!,,,,,,,
https://hansgrohe-russia.ru/kollektsii/croma-1/shopby/hg_kollektsii-croma_e-croma_select_e?v=4#catalog,Душевой гарнитур Hansgrohe Croma E,Приобретайте душевые гарнитуры Hansgrohe с официальной гарантией. Доставка 0 руб!,,,,,,,
https://hansgrohe-russia.ru/kollektsii/croma-1/shopby/hg_kollektsii-croma_e-croma_select_e?v=5#catalog,Душевой гарнитур Hansgrohe Croma E,Оригинальные душевые гарнитуры Hansgrohe. Скидка 5% на покупку. Переходите на сайт!,,,,,,,
https://hansgrohe-russia.ru/kollektsii/croma-1/shopby/hg_kollektsii-croma_select_e?v=2,Душевой гарнитур Hansgrohe Croma Select E,Покупайте душевые гарнитуры от бренда Hansgrohe с гарантией производителя!,,,,,,,
https://hansgrohe-russia.ru/kollektsii/croma-1/shopby/hg_kollektsii-croma_select_e?v=3,Душевой гарнитур Hansgrohe Croma Select E,Оригинальные душевые гарнитуры Hansgrohe. Бесплатная доставка. Покупайте!,,,,,,,
https://hansgrohe-russia.ru/kollektsii/croma-1/shopby/hg_kollektsii-croma_select_e?v=4,Душевой гарнитур Hansgrohe Croma Select E,Приобретайте душевые гарнитуры Hansgrohe с официальной гарантией. Доставка 0 руб!,,,,,,,
https://hansgrohe-russia.ru/kollektsii/croma-1/shopby/hg_kollektsii-croma_select_e?v=5,Душевой гарнитур Hansgrohe Croma Select E,Оригинальные душевые гарнитуры Hansgrohe. Скидка 5% на покупку. Переходите на сайт!,,,,,,,
https://hansgrohe-russia.ru/kollektsii/croma-1/shopby/hg_kollektsii-croma_select_e-croma_select_s?v=3#catalog,Душевой гарнитур Hansgrohe Croma Select,Покупайте душевые гарнитуры от бренда Hansgrohe с гарантией производителя!,,,,,,,
https://hansgrohe-russia.ru/kollektsii/croma-1/shopby/hg_kollektsii-croma_select_e-croma_select_s?v=4#catalog,Душевой гарнитур Hansgrohe Croma Select,Оригинальные душевые гарнитуры Hansgrohe. Бесплатная доставка. Покупайте!,,,,,,,
https://hansgrohe-russia.ru/kollektsii/croma-1/shopby/hg_kollektsii-croma_select_e-croma_select_s?v=5#catalog,Душевой гарнитур Hansgrohe Croma Select,Приобретайте душевые гарнитуры Hansgrohe с официальной гарантией. Доставка 0 руб!,,,,,,,
https://hansgrohe-russia.ru/kollektsii/croma-1/shopby/hg_kollektsii-croma_select_e-croma_select_s?v=6#catalog,Душевой гарнитур Hansgrohe Croma Select,Оригинальные душевые гарнитуры Hansgrohe. Скидка 5% на покупку. Переходите на сайт!,,,,,,,
https://hansgrohe-russia.ru/kollektsii/crometta?v=4,Душевой гарнитур Hansgrohe Crometta,Покупайте душевые гарнитуры от бренда Hansgrohe с гарантией производителя!,,,,,,,
https://hansgrohe-russia.ru/kollektsii/crometta?v=5,Душевой гарнитур Hansgrohe Crometta,Оригинальные душевые гарнитуры Hansgrohe. Бесплатная доставка. Покупайте!,,,,,,,
https://hansgrohe-russia.ru/kollektsii/crometta?v=6,Душевой гарнитур Hansgrohe Crometta,Приобретайте душевые гарнитуры Hansgrohe с официальной гарантией. Доставка 0 руб!,,,,,,,
https://hansgrohe-russia.ru/kollektsii/crometta?v=7,Душевой гарнитур Hansgrohe Crometta,Оригинальные душевые гарнитуры Hansgrohe. Скидка 5% на покупку. Переходите на сайт!,,,,,,,
https://hansgrohe-russia.ru/kollektsii/crometta?v=8,Душевой гарнитур Hansgrohe Crometta Vario,Покупайте душевые гарнитуры от бренда Hansgrohe с гарантией производителя!,,,,,,,
https://hansgrohe-russia.ru/kollektsii/crometta?v=9,Душевой гарнитур Hansgrohe Crometta Vario,Оригинальные душевые гарнитуры Hansgrohe. Бесплатная доставка. Покупайте!,,,,,,,
https://hansgrohe-russia.ru/kollektsii/crometta?v=10,Душевой гарнитур Hansgrohe Crometta Vario,Приобретайте душевые гарнитуры Hansgrohe с официальной гарантией. Доставка 0 руб!,,,,,,,
https://hansgrohe-russia.ru/kollektsii/crometta?v=11,Душевой гарнитур Hansgrohe Crometta Vario,Оригинальные душевые гарнитуры Hansgrohe. Скидка 5% на покупку. Переходите на сайт!,,,,,,,
https://hansgrohe-russia.ru/kollektsii/raindance?v=4,Душевой гарнитур Hansgrohe Raindance,Покупайте душевые гарнитуры от бренда Hansgrohe с гарантией производителя!,,,,,,,
https://hansgrohe-russia.ru/kollektsii/raindance?v=5,Душевой гарнитур Hansgrohe Raindance,Оригинальные душевые гарнитуры Hansgrohe. Бесплатная доставка. Покупайте!,,,,,,,
https://hansgrohe-russia.ru/kollektsii/raindance?v=6,Душевой гарнитур Hansgrohe Raindance,Приобретайте душевые гарнитуры Hansgrohe с официальной гарантией. Доставка 0 руб!,,,,,,,
https://hansgrohe-russia.ru/kollektsii/raindance?v=7,Душевой гарнитур Hansgrohe Raindance,Оригинальные душевые гарнитуры Hansgrohe. Скидка 5% на покупку. Переходите на сайт!,,,,,,,
https://hansgrohe-russia.ru/kollektsii/raindance/shopby/hg_kollektsii-raindance_select_s?v=2,Душевой гарнитур Hansgrohe Raindance Select S,Покупайте душевые гарнитуры от бренда Hansgrohe с гарантией производителя!,,,,,,,
https://hansgrohe-russia.ru/kollektsii/raindance/shopby/hg_kollektsii-raindance_select_s?v=3,Душевой гарнитур Hansgrohe Raindance Select S,Оригинальные душевые гарнитуры Hansgrohe. Бесплатная доставка. Покупайте!,,,,,,,
https://hansgrohe-russia.ru/kollektsii/raindance/shopby/hg_kollektsii-raindance_select_s?v=4,Душевой гарнитур Hansgrohe Raindance Select S,Приобретайте душевые гарнитуры Hansgrohe с официальной гарантией. Доставка 0 руб!,,,,,,,
https://hansgrohe-russia.ru/kollektsii/raindance/shopby/hg_kollektsii-raindance_select_s?v=5,Душевой гарнитур Hansgrohe Raindance Select S,Оригинальные душевые гарнитуры Hansgrohe. Скидка 5% на покупку. Переходите на сайт!,,,,,,,
https://hansgrohe-russia.ru/kollektsii/raindance/shopby/hg_kollektsii-raindance_select-raindance_select_e-raindance_select_s?v=3#catalog,Душевой гарнитур Hansgrohe Raindance Select,Покупайте душевые гарнитуры от бренда Hansgrohe с гарантией производителя!,,,,,,,
https://hansgrohe-russia.ru/kollektsii/raindance/shopby/hg_kollektsii-raindance_select-raindance_select_e-raindance_select_s?v=4#catalog,Душевой гарнитур Hansgrohe Raindance Select,Оригинальные душевые гарнитуры Hansgrohe. Бесплатная доставка. Покупайте!,,,,,,,
https://hansgrohe-russia.ru/kollektsii/raindance/shopby/hg_kollektsii-raindance_select-raindance_select_e-raindance_select_s?v=5#catalog,Душевой гарнитур Hansgrohe Raindance Select,Приобретайте душевые гарнитуры Hansgrohe с официальной гарантией. Доставка 0 руб!,,,,,,,
https://hansgrohe-russia.ru/kollektsii/raindance/shopby/hg_kollektsii-raindance_select-raindance_select_e-raindance_select_s?v=6#catalog,Душевой гарнитур Hansgrohe Raindance Select,Оригинальные душевые гарнитуры Hansgrohe. Скидка 5% на покупку. Переходите на сайт!,,,,,,,
https://hansgrohe-russia.ru/kollektsii/showerselect?v=2,Душевой гарнитур Hansgrohe Showerselect,Покупайте душевые гарнитуры от бренда Hansgrohe с гарантией производителя!,,,,,,,
https://hansgrohe-russia.ru/kollektsii/showerselect?v=3,Душевой гарнитур Hansgrohe Showerselect,Оригинальные душевые гарнитуры Hansgrohe. Бесплатная доставка. Покупайте!,,,,,,,
https://hansgrohe-russia.ru/kollektsii/showerselect?v=4,Душевой гарнитур Hansgrohe Showerselect,Приобретайте душевые гарнитуры Hansgrohe с официальной гарантией. Доставка 0 руб!,,,,,,,
https://hansgrohe-russia.ru/kollektsii/showerselect?v=5,Душевой гарнитур Hansgrohe Showerselect,Оригинальные душевые гарнитуры Hansgrohe. Скидка 5% на покупку. Переходите на сайт!,,,,,,,
https://hansgrohe-russia.ru/catalogsearch/result/?hg_tip=2543&q=hansgrohe+select&v=2,Верхние души Hansgrohe Select. Доставка по всей России!,Покупайте верхние души от бренда Hansgrohe с гарантией производителя!,,,,,,,
https://hansgrohe-russia.ru/catalogsearch/result/?hg_tip=2543&q=hansgrohe+select&v=3,Верхние души Hansgrohe Select,Оригинальные верхние души Hansgrohe. Бесплатная доставка. Покупайте!,,,,,,,
https://hansgrohe-russia.ru/catalogsearch/result/?hg_tip=2543&q=hansgrohe+select&v=4,Верхние души Hansgrohe Select. Оригинальная продукция,Приобретайте верхние души Hansgrohe с официальной гарантией. Доставка 0 руб!,,,,,,,
https://hansgrohe-russia.ru/catalogsearch/result/?hg_tip=2543&q=hansgrohe+select&v=5,Верхние души Hansgrohe Select. Суперцены каждый день!,Оригинальные верхние души Hansgrohe. Скидка 5% на покупку. Переходите на сайт!,,,,,,,
https://hansgrohe-russia.ru/dushevaya-programma?v=25,Душ для ванны Hansgrohe. Доставка по всей России!,Покупайте оригинальные души от бренда Hansgrohe с гарантией производителя!,,,,,,,
https://hansgrohe-russia.ru/dushevaya-programma?v=26,Душ для ванны Hansgrohe. Получайте подарки за покупку!,Оригинальные души Hansgrohe. Бесплатная доставка. Покупайте!,,,,,,,
https://hansgrohe-russia.ru/dushevaya-programma?v=27,Душ для ванны Hansgrohe. Оригинальная продукция,Приобретайте оригинальные души Hansgrohe с официальной гарантией. Доставка 0 руб!,,,,,,,
https://hansgrohe-russia.ru/dushevaya-programma?v=28,Душ для ванны Hansgrohe. Суперцены каждый день!,Оригинальные души Hansgrohe. Скидка 5% на покупку. Переходите на сайт!,,,,,,,
https://hansgrohe-russia.ru/dushevaya-programma?v=29,Душ для душевой Hansgrohe. Доставка по всей России!,Покупайте оригинальные души от бренда Hansgrohe с гарантией производителя!,,,,,,,
https://hansgrohe-russia.ru/dushevaya-programma?v=30,Душ для душевой Hansgrohe. Получайте подарки за покупку!,Оригинальные души Hansgrohe. Бесплатная доставка. Покупайте!,,,,,,,
https://hansgrohe-russia.ru/dushevaya-programma?v=31,Душ для душевой Hansgrohe. Оригинальная продукция,Приобретайте оригинальные души Hansgrohe с официальной гарантией. Доставка 0 руб!,,,,,,,
https://hansgrohe-russia.ru/dushevaya-programma?v=32,Душ для душевой Hansgrohe. Суперцены каждый день!,Оригинальные души Hansgrohe. Скидка 5% на покупку. Переходите на сайт!,,,,,,,
https://hansgrohe-russia.ru/dushevaya-programma?v=33,Душ Hansgrohe. Доставка по всей России!,Покупайте оригинальные души от бренда Hansgrohe с гарантией производителя!,,,,,,,
https://hansgrohe-russia.ru/dushevaya-programma?v=34,Душ Hansgrohe. Получайте подарки за покупку!,Оригинальные души Hansgrohe. Бесплатная доставка. Покупайте!,,,,,,,
https://hansgrohe-russia.ru/dushevaya-programma?v=35,Душ Hansgrohe. Оригинальная продукция,Приобретайте оригинальные души Hansgrohe с официальной гарантией. Доставка 0 руб!,,,,,,,
https://hansgrohe-russia.ru/dushevaya-programma?v=36,Душ Hansgrohe. Суперцены каждый день!,Оригинальные души Hansgrohe. Скидка 5% на покупку. Переходите на сайт!,,,,,,,
https://hansgrohe-russia.ru/dushevaya-programma?v=37,Душевые Hansgrohe. Доставка по всей России!,Покупайте оригинальные души от бренда Hansgrohe с гарантией производителя!,,,,,,,
https://hansgrohe-russia.ru/dushevaya-programma?v=38,Душевые Hansgrohe. Получайте подарки за покупку!,Оригинальные души Hansgrohe. Бесплатная доставка. Покупайте!,,,,,,,
https://hansgrohe-russia.ru/dushevaya-programma?v=39,Душевые Hansgrohe. Оригинальная продукция,Приобретайте оригинальные души Hansgrohe с официальной гарантией. Доставка 0 руб!,,,,,,,
https://hansgrohe-russia.ru/dushevaya-programma?v=40,Душевые Hansgrohe. Суперцены каждый день!,Оригинальные души Hansgrohe. Скидка 5% на покупку. Переходите на сайт!,,,,,,,
https://hansgrohe-russia.ru/dushevaya-programma?v=41,Души для ванны Hansgrohe. Доставка по всей России!,Покупайте души от бренда Hansgrohe с гарантией производителя!,,,,,,,
https://hansgrohe-russia.ru/dushevaya-programma?v=42,Души для ванны Hansgrohe. Получайте подарки за покупку!,Оригинальные души Hansgrohe. Бесплатная доставка. Покупайте!,,,,,,,
https://hansgrohe-russia.ru/dushevaya-programma?v=43,Души для ванны Hansgrohe. Оригинальная продукция,Приобретайте души Hansgrohe с официальной гарантией. Доставка 0 руб!,,,,,,,
https://hansgrohe-russia.ru/dushevaya-programma?v=44,Души для ванны Hansgrohe. Суперцены каждый день!,Оригинальные души Hansgrohe. Скидка 5% на покупку. Переходите на сайт!,,,,,,,
https://hansgrohe-russia.ru/dushevaya-programma?v=45,Души Hansgrohe. Доставка по всей России!,Покупайте души от бренда Hansgrohe с гарантией производителя!,,,,,,,
https://hansgrohe-russia.ru/dushevaya-programma?v=46,Души Hansgrohe. Получайте подарки за покупку!,Оригинальные души Hansgrohe. Бесплатная доставка. Покупайте!,,,,,,,
https://hansgrohe-russia.ru/dushevaya-programma?v=47,Души Hansgrohe. Оригинальная продукция,Приобретайте души Hansgrohe с официальной гарантией. Доставка 0 руб!,,,,,,,
https://hansgrohe-russia.ru/dushevaya-programma?v=48,Души Hansgrohe. Суперцены каждый день!,Оригинальные души Hansgrohe. Скидка 5% на покупку. Переходите на сайт!,,,,,,,
https://hansgrohe-russia.ru/dushevaya-programma?v=49,Души Hansgrohe Focus. Доставка по всей России!,Покупайте души от бренда Hansgrohe с гарантией производителя!,,,,,,,
https://hansgrohe-russia.ru/dushevaya-programma?v=50,Души Hansgrohe Focus. Получайте подарки за покупку!,Оригинальные души Hansgrohe. Бесплатная доставка. Покупайте!,,,,,,,
https://hansgrohe-russia.ru/dushevaya-programma?v=51,Души Hansgrohe Focus. Оригинальная продукция,Приобретайте души Hansgrohe с официальной гарантией. Доставка 0 руб!,,,,,,,
https://hansgrohe-russia.ru/dushevaya-programma?v=52,Души Hansgrohe Focus. Суперцены каждый день!,Оригинальные души Hansgrohe. Скидка 5% на покупку. Переходите на сайт!,,,,,,,
https://hansgrohe-russia.ru/dushevaya-programma?v=53,Души Hansgrohe Logis. Доставка по всей России!,Покупайте души от бренда Hansgrohe с гарантией производителя!,,,,,,,
https://hansgrohe-russia.ru/dushevaya-programma?v=54,Души Hansgrohe Logis. Получайте подарки за покупку!,Оригинальные души Hansgrohe. Бесплатная доставка. Покупайте!,,,,,,,
https://hansgrohe-russia.ru/dushevaya-programma?v=55,Души Hansgrohe Logis. Оригинальная продукция,Приобретайте души Hansgrohe с официальной гарантией. Доставка 0 руб!,,,,,,,
https://hansgrohe-russia.ru/dushevaya-programma?v=56,Души Hansgrohe Logis. Суперцены каждый день!,Оригинальные души Hansgrohe. Скидка 5% на покупку. Переходите на сайт!,,,,,,,
https://hansgrohe-russia.ru/dushevaya-programma?v=57,Квадратные души Hansgrohe. Доставка по всей России!,Покупайте квадратные души от бренда Hansgrohe с гарантией производителя!,,,,,,,
https://hansgrohe-russia.ru/dushevaya-programma?v=58,Квадратные души Hansgrohe. Получайте подарки за покупку!,Квадратные души Hansgrohe. Бесплатная доставка. Покупайте!,,,,,,,
https://hansgrohe-russia.ru/dushevaya-programma?v=59,Квадратные души Hansgrohe. Оригинальная продукция,Приобретайте квадратные души Hansgrohe с официальной гарантией. Доставка 0 руб!,,,,,,,
https://hansgrohe-russia.ru/dushevaya-programma?v=60,Квадратные души Hansgrohe. Суперцены каждый день!,Квадратные души Hansgrohe. Скидка 5% на покупку. Переходите на сайт!,,,,,,,
https://hansgrohe-russia.ru/dushevaya-programma?v=61,Тропические души для ванны Hansgrohe,Покупайте тропические души от бренда Hansgrohe с гарантией производителя!,,,,,,,
https://hansgrohe-russia.ru/dushevaya-programma?v=62,Тропические души для ванны Hansgrohe,Оригинальные тропические души Hansgrohe. Бесплатная доставка. Покупайте!,,,,,,,
https://hansgrohe-russia.ru/dushevaya-programma?v=63,Тропические души для ванны Hansgrohe,Приобретайте тропические души Hansgrohe с официальной гарантией. Доставка 0 руб!,,,,,,,
https://hansgrohe-russia.ru/dushevaya-programma?v=64,Тропические души для ванны Hansgrohe,Оригинальные тропические души Hansgrohe. Скидка 5% на покупку. Переходите на сайт!,,,,,,,
https://hansgrohe-russia.ru/dushevaya-programma?v=65,Тропические души Hansgrohe. Доставка по всей России!,Покупайте тропические души от бренда Hansgrohe с гарантией производителя!,,,,,,,
https://hansgrohe-russia.ru/dushevaya-programma?v=66,Тропические души Hansgrohe,Оригинальные тропические души Hansgrohe. Бесплатная доставка. Покупайте!,,,,,,,
https://hansgrohe-russia.ru/dushevaya-programma?v=67,Тропические души Hansgrohe. Оригинальная продукция,Приобретайте тропические души Hansgrohe с официальной гарантией. Доставка 0 руб!,,,,,,,
https://hansgrohe-russia.ru/dushevaya-programma?v=68,Тропические души Hansgrohe. Суперцены каждый день!,Оригинальные тропические души Hansgrohe. Скидка 5% на покупку. Переходите на сайт!,,,,,,,
https://hansgrohe-russia.ru/dushevaya-programma/dush-dlya-sobak?v=2,Души для собак Hansgrohe. Доставка по всей России!,Покупайте души для собак от бренда Hansgrohe с гарантией производителя!,,,,,,,
https://hansgrohe-russia.ru/dushevaya-programma/dush-dlya-sobak?v=3,Души для собак Hansgrohe. Получайте подарки за покупку!,Оригинальные души для собак Hansgrohe. Бесплатная доставка. Покупайте!,,,,,,,
https://hansgrohe-russia.ru/dushevaya-programma/dush-dlya-sobak?v=4,Души для собак Hansgrohe. Оригинальная продукция,Приобретайте души для собак Hansgrohe с официальной гарантией. Доставка 0 руб!,,,,,,,
https://hansgrohe-russia.ru/dushevaya-programma/dush-dlya-sobak?v=5,Души для собак Hansgrohe. Суперцены каждый день!,Оригинальные души для собак Hansgrohe. Скидка 5% на покупку. Переходите на сайт!,,,,,,,
https://hansgrohe-russia.ru/dushevaya-programma/shopby/hg_poverkhnost-chernyy-matovyy_chernyy-chernyy_hrom?v=2#catalog,Души Hansgrohe черного цвета. Доставка по всей России!,Покупайте души от бренда Hansgrohe с гарантией производителя!,,,,,,,
https://hansgrohe-russia.ru/dushevaya-programma/shopby/hg_poverkhnost-chernyy-matovyy_chernyy-chernyy_hrom?v=3#catalog,Души Hansgrohe черного цвета,Оригинальные души Hansgrohe. Бесплатная доставка. Покупайте!,,,,,,,
https://hansgrohe-russia.ru/dushevaya-programma/shopby/hg_poverkhnost-chernyy-matovyy_chernyy-chernyy_hrom?v=4#catalog,Души Hansgrohe черного цвета. Оригинальная продукция,Приобретайте души Hansgrohe с официальной гарантией. Доставка 0 руб!,,,,,,,
https://hansgrohe-russia.ru/dushevaya-programma/shopby/hg_poverkhnost-chernyy-matovyy_chernyy-chernyy_hrom?v=5#catalog,Души Hansgrohe черного цвета. Суперцены каждый день!,Оригинальные души Hansgrohe. Скидка 5% на покупку. Переходите на сайт!,,,,,,,
https://hansgrohe-russia.ru/dushevaya-programma/shopby/hg_poverkhnost-shlifovannoe_zoloto-polirovannoe_zoloto-hrom_pod_zoloto?v=2#catalog,Души Hansgrohe золотого цвета. Доставка по всей России!,Покупайте души от бренда Hansgrohe с гарантией производителя!,,,,,,,
https://hansgrohe-russia.ru/dushevaya-programma/shopby/hg_poverkhnost-shlifovannoe_zoloto-polirovannoe_zoloto-hrom_pod_zoloto?v=3#catalog,Души Hansgrohe золотого цвета,Оригинальные души Hansgrohe. Бесплатная доставка. Покупайте!,,,,,,,
https://hansgrohe-russia.ru/dushevaya-programma/shopby/hg_poverkhnost-shlifovannoe_zoloto-polirovannoe_zoloto-hrom_pod_zoloto?v=4#catalog,Души Hansgrohe золотого цвета. Оригинальная продукция,Приобретайте души Hansgrohe с официальной гарантией. Доставка 0 руб!,,,,,,,
https://hansgrohe-russia.ru/dushevaya-programma/shopby/hg_poverkhnost-shlifovannoe_zoloto-polirovannoe_zoloto-hrom_pod_zoloto?v=5#catalog,Души Hansgrohe золотого цвета. Суперцены каждый день!,Оригинальные души Hansgrohe. Скидка 5% на покупку. Переходите на сайт!,,,,,,,
https://hansgrohe-russia.ru/dushevaya-programma/shopby/hg_tip-showerpipes_s_termostatom-dushevye_nabory_so_shtangoy_i_termostatom?v=2#catalog,Тропические души с термостатом Hansgrohe,Покупайте тропические души от бренда Hansgrohe с гарантией производителя!,,,,,,,
https://hansgrohe-russia.ru/dushevaya-programma/shopby/hg_tip-showerpipes_s_termostatom-dushevye_nabory_so_shtangoy_i_termostatom?v=3#catalog,Тропические души с термостатом Hansgrohe,Оригинальные тропические души Hansgrohe. Бесплатная доставка. Покупайте!,,,,,,,
https://hansgrohe-russia.ru/dushevaya-programma/shopby/hg_tip-showerpipes_s_termostatom-dushevye_nabory_so_shtangoy_i_termostatom?v=4#catalog,Тропические души с термостатом Hansgrohe,Приобретайте тропические души Hansgrohe с официальной гарантией. Доставка 0 руб!,,,,,,,
https://hansgrohe-russia.ru/dushevaya-programma/shopby/hg_tip-showerpipes_s_termostatom-dushevye_nabory_so_shtangoy_i_termostatom?v=5#catalog,Тропические души с термостатом Hansgrohe,Оригинальные тропические души Hansgrohe. Скидка 5% на покупку. Переходите на сайт!,,,,,,,
https://hansgrohe-russia.ru/dushevaya-programma/verhnie-dushi?v=3,Верхние души Hansgrohe. Доставка по всей России!,Покупайте верхние души от бренда Hansgrohe с гарантией производителя!,,,,,,,
https://hansgrohe-russia.ru/dushevaya-programma/verhnie-dushi?v=4,Верхние души Hansgrohe. Получайте подарки за покупку!,Оригинальные верхние души Hansgrohe. Бесплатная доставка. Покупайте!,,,,,,,
https://hansgrohe-russia.ru/dushevaya-programma/verhnie-dushi?v=5,Верхние души Hansgrohe. Оригинальная продукция,Приобретайте верхние души Hansgrohe с официальной гарантией. Доставка 0 руб!,,,,,,,
https://hansgrohe-russia.ru/dushevaya-programma/verhnie-dushi?v=6,Верхние души Hansgrohe. Суперцены каждый день!,Оригинальные верхние души Hansgrohe. Скидка 5% на покупку. Переходите на сайт!,,,,,,,
https://hansgrohe-russia.ru/dushevaya-programma/verhnie-dushi?v=7,Потолочные души Hansgrohe. Доставка по всей России!,Покупайте потолочные души от бренда Hansgrohe с гарантией производителя!,,,,,,,
https://hansgrohe-russia.ru/dushevaya-programma/verhnie-dushi?v=8,Потолочные души Hansgrohe. Получайте подарки за покупку!,Потолочные души Hansgrohe. Бесплатная доставка. Покупайте!,,,,,,,
https://hansgrohe-russia.ru/dushevaya-programma/verhnie-dushi?v=9,Потолочные души Hansgrohe. Оригинальная продукция,Приобретайте потолочные души Hansgrohe с официальной гарантией. Доставка 0 руб!,,,,,,,
https://hansgrohe-russia.ru/dushevaya-programma/verhnie-dushi?v=10,Потолочные души Hansgrohe. Суперцены каждый день!,Потолочные души Hansgrohe. Скидка 5% на покупку. Переходите на сайт!,,,,,,,
https://hansgrohe-russia.ru/dushevaya-programma/verhnie-dushi/shopby/hg_poverkhnost-matovyy_chernyy?v=2,Верхние души Hansgrohe матово черные,Покупайте верхние души от бренда Hansgrohe с гарантией производителя!,,,,,,,
https://hansgrohe-russia.ru/dushevaya-programma/verhnie-dushi/shopby/hg_poverkhnost-matovyy_chernyy?v=3,Верхние души Hansgrohe матово черные,Оригинальные верхние души Hansgrohe. Бесплатная доставка. Покупайте!,,,,,,,
https://hansgrohe-russia.ru/dushevaya-programma/verhnie-dushi/shopby/hg_poverkhnost-matovyy_chernyy?v=4,Верхние души Hansgrohe матово черные,Приобретайте верхние души Hansgrohe с официальной гарантией. Доставка 0 руб!,,,,,,,
https://hansgrohe-russia.ru/dushevaya-programma/verhnie-dushi/shopby/hg_poverkhnost-matovyy_chernyy?v=5,Верхние души Hansgrohe матово черные,Оригинальные верхние души Hansgrohe. Скидка 5% на покупку. Переходите на сайт!,,,,,,,
https://hansgrohe-russia.ru/dushevaya-programma/verhnie-dushi/shopby/hg_poverkhnost-matovyy_chernyy-shlifovannyy_chernyy_hrom-chernyy_hrom?v=2,Верхние души Hansgrohe черного цвета,Покупайте верхние души от бренда Hansgrohe с гарантией производителя!,,,,,,,
https://hansgrohe-russia.ru/dushevaya-programma/verhnie-dushi/shopby/hg_poverkhnost-matovyy_chernyy-shlifovannyy_chernyy_hrom-chernyy_hrom?v=3,Верхние души Hansgrohe черного цвета,Оригинальные верхние души Hansgrohe. Бесплатная доставка. Покупайте!,,,,,,,
https://hansgrohe-russia.ru/dushevaya-programma/verhnie-dushi/shopby/hg_poverkhnost-matovyy_chernyy-shlifovannyy_chernyy_hrom-chernyy_hrom?v=4,Верхние души Hansgrohe черного цвета,Приобретайте верхние души Hansgrohe с официальной гарантией. Доставка 0 руб!,,,,,,,
https://hansgrohe-russia.ru/dushevaya-programma/verhnie-dushi/shopby/hg_poverkhnost-matovyy_chernyy-shlifovannyy_chernyy_hrom-chernyy_hrom?v=5,Верхние души Hansgrohe черного цвета,Оригинальные верхние души Hansgrohe. Скидка 5% на покупку. Переходите на сайт!,,,,,,,
https://hansgrohe-russia.ru/dushevaya-programma/verhnie-dushi/shopby/hg_technology_attribute-airpower?v=2#catalog,Верхние души Hansgrohe Air. Доставка по всей России!,Покупайте верхние души от бренда Hansgrohe с гарантией производителя!,,,,,,,
https://hansgrohe-russia.ru/dushevaya-programma/verhnie-dushi/shopby/hg_technology_attribute-airpower?v=3#catalog,Верхние души Hansgrohe Air,Оригинальные верхние души Hansgrohe. Бесплатная доставка. Покупайте!,,,,,,,
https://hansgrohe-russia.ru/dushevaya-programma/verhnie-dushi/shopby/hg_technology_attribute-airpower?v=4#catalog,Верхние души Hansgrohe Air. Оригинальная продукция,Приобретайте верхние души Hansgrohe с официальной гарантией. Доставка 0 руб!,,,,,,,
https://hansgrohe-russia.ru/dushevaya-programma/verhnie-dushi/shopby/hg_technology_attribute-airpower?v=5#catalog,Верхние души Hansgrohe Air. Суперцены каждый день!,Оригинальные верхние души Hansgrohe. Скидка 5% на покупку. Переходите на сайт!,,,,,,,
https://hansgrohe-russia.ru/kollektsii/croma-1/shopby/hg_kollektsii-croma_select_e-croma_select_s?v=7#catalog,Душ Hansgrohe Croma Select. Доставка по всей России!,Покупайте оригинальные души от бренда Hansgrohe с гарантией производителя!,,,,,,,
https://hansgrohe-russia.ru/kollektsii/croma-1/shopby/hg_kollektsii-croma_select_e-croma_select_s?v=8#catalog,Душ Hansgrohe Croma Select,Оригинальные души Hansgrohe. Бесплатная доставка. Покупайте!,,,,,,,
https://hansgrohe-russia.ru/kollektsii/croma-1/shopby/hg_kollektsii-croma_select_e-croma_select_s?v=9#catalog,Душ Hansgrohe Croma Select. Оригинальная продукция,Приобретайте оригинальные души Hansgrohe с официальной гарантией. Доставка 0 руб!,,,,,,,
https://hansgrohe-russia.ru/kollektsii/croma-1/shopby/hg_kollektsii-croma_select_e-croma_select_s?v=10#catalog,Душ Hansgrohe Croma Select. Суперцены каждый день!,Оригинальные души Hansgrohe. Скидка 5% на покупку. Переходите на сайт!,,,,,,,
https://hansgrohe-russia.ru/kollektsii/croma-1/shopby/hg_tip-verhnie_dushi?v=2#catalog,Верхние души Hansgrohe Croma. Доставка по всей России!,Покупайте верхние души от бренда Hansgrohe с гарантией производителя!,,,,,,,
https://hansgrohe-russia.ru/kollektsii/croma-1/shopby/hg_tip-verhnie_dushi?v=3#catalog,Верхние души Hansgrohe Croma,Оригинальные верхние души Hansgrohe. Бесплатная доставка. Покупайте!,,,,,,,
https://hansgrohe-russia.ru/kollektsii/croma-1/shopby/hg_tip-verhnie_dushi?v=4#catalog,Верхние души Hansgrohe Croma. Оригинальная продукция,Приобретайте верхние души Hansgrohe с официальной гарантией. Доставка 0 руб!,,,,,,,
https://hansgrohe-russia.ru/kollektsii/croma-1/shopby/hg_tip-verhnie_dushi?v=5#catalog,Верхние души Hansgrohe Croma. Суперцены каждый день!,Оригинальные верхние души Hansgrohe. Скидка 5% на покупку. Переходите на сайт!,,,,,,,
https://hansgrohe-russia.ru/kollektsii/crometta?v=12,Душ Hansgrohe Crometta. Доставка по всей России!,Покупайте оригинальные души от бренда Hansgrohe с гарантией производителя!,,,,,,,
https://hansgrohe-russia.ru/kollektsii/crometta?v=13,Душ Hansgrohe Crometta. Получайте подарки за покупку!,Оригинальные души Hansgrohe. Бесплатная доставка. Покупайте!,,,,,,,
https://hansgrohe-russia.ru/kollektsii/crometta?v=14,Душ Hansgrohe Crometta. Оригинальная продукция,Приобретайте оригинальные души Hansgrohe с официальной гарантией. Доставка 0 руб!,,,,,,,
https://hansgrohe-russia.ru/kollektsii/crometta?v=15,Душ Hansgrohe Crometta. Суперцены каждый день!,Оригинальные души Hansgrohe. Скидка 5% на покупку. Переходите на сайт!,,,,,,,
https://hansgrohe-russia.ru/kollektsii/crometta/shopby/hg_tip-verhnie_dushi?v=2#catalog,Верхние души Hansgrohe Crometta,Покупайте верхние души от бренда Hansgrohe с гарантией производителя!,,,,,,,
https://hansgrohe-russia.ru/kollektsii/crometta/shopby/hg_tip-verhnie_dushi?v=3#catalog,Верхние души Hansgrohe Crometta,Оригинальные верхние души Hansgrohe. Бесплатная доставка. Покупайте!,,,,,,,
https://hansgrohe-russia.ru/kollektsii/crometta/shopby/hg_tip-verhnie_dushi?v=4#catalog,Верхние души Hansgrohe Crometta. Оригинальная продукция,Приобретайте верхние души Hansgrohe с официальной гарантией. Доставка 0 руб!,,,,,,,
https://hansgrohe-russia.ru/kollektsii/crometta/shopby/hg_tip-verhnie_dushi?v=5#catalog,Верхние души Hansgrohe Crometta. Суперцены каждый день!,Оригинальные верхние души Hansgrohe. Скидка 5% на покупку. Переходите на сайт!,,,,,,,
https://hansgrohe-russia.ru/kollektsii/ecostat-1?v=27,Душ Hansgrohe Ecostat. Доставка по всей России!,Покупайте оригинальные души от бренда Hansgrohe с гарантией производителя!,,,,,,,
https://hansgrohe-russia.ru/kollektsii/ecostat-1?v=28,Душ Hansgrohe Ecostat. Получайте подарки за покупку!,Оригинальные души Hansgrohe. Бесплатная доставка. Покупайте!,,,,,,,
https://hansgrohe-russia.ru/kollektsii/ecostat-1?v=29,Душ Hansgrohe Ecostat. Оригинальная продукция,Приобретайте оригинальные души Hansgrohe с официальной гарантией. Доставка 0 руб!,,,,,,,
https://hansgrohe-russia.ru/kollektsii/ecostat-1?v=30,Душ Hansgrohe Ecostat. Суперцены каждый день!,Оригинальные души Hansgrohe. Скидка 5% на покупку. Переходите на сайт!,,,,,,,
https://hansgrohe-russia.ru/kollektsii/logis-1?v=33,Душевые комплекты Hansgrohe Logis,Покупайте оригинальные души от бренда Hansgrohe с гарантией производителя!,,,,,,,
https://hansgrohe-russia.ru/kollektsii/logis-1?v=34,Душевые комплекты Hansgrohe Logis,Оригинальные души Hansgrohe. Бесплатная доставка. Покупайте!,,,,,,,
https://hansgrohe-russia.ru/kollektsii/logis-1?v=35,Душевые комплекты Hansgrohe Logis,Приобретайте оригинальные души Hansgrohe с официальной гарантией. Доставка 0 руб!,,,,,,,
https://hansgrohe-russia.ru/kollektsii/logis-1?v=36,Душевые комплекты Hansgrohe Logis,Оригинальные души Hansgrohe. Скидка 5% на покупку. Переходите на сайт!,,,,,,,
https://hansgrohe-russia.ru/kollektsii/porter?v=2,Душ Hansgrohe Porter. Доставка по всей России!,Покупайте оригинальные души от бренда Hansgrohe с гарантией производителя!,,,,,,,
https://hansgrohe-russia.ru/kollektsii/porter?v=3,Душ Hansgrohe Porter. Получайте подарки за покупку!,Оригинальные души Hansgrohe. Бесплатная доставка. Покупайте!,,,,,,,
https://hansgrohe-russia.ru/kollektsii/porter?v=4,Душ Hansgrohe Porter. Оригинальная продукция,Приобретайте оригинальные души Hansgrohe с официальной гарантией. Доставка 0 руб!,,,,,,,
https://hansgrohe-russia.ru/kollektsii/porter?v=5,Душ Hansgrohe Porter. Суперцены каждый день!,Оригинальные души Hansgrohe. Скидка 5% на покупку. Переходите на сайт!,,,,,,,
https://hansgrohe-russia.ru/kollektsii/puravida?v=7,Душ Hansgrohe Puravida. Доставка по всей России!,Покупайте оригинальные души от бренда Hansgrohe с гарантией производителя!,,,,,,,
https://hansgrohe-russia.ru/kollektsii/puravida?v=8,Душ Hansgrohe Puravida. Получайте подарки за покупку!,Оригинальные души Hansgrohe. Бесплатная доставка. Покупайте!,,,,,,,
https://hansgrohe-russia.ru/kollektsii/puravida?v=9,Душ Hansgrohe Puravida. Оригинальная продукция,Приобретайте оригинальные души Hansgrohe с официальной гарантией. Доставка 0 руб!,,,,,,,
https://hansgrohe-russia.ru/kollektsii/puravida?v=10,Душ Hansgrohe Puravida. Суперцены каждый день!,Оригинальные души Hansgrohe. Скидка 5% на покупку. Переходите на сайт!,,,,,,,
https://hansgrohe-russia.ru/kollektsii/raindance?v=8,Душ Hansgrohe Raindance. Доставка по всей России!,Покупайте оригинальные души от бренда Hansgrohe с гарантией производителя!,,,,,,,
https://hansgrohe-russia.ru/kollektsii/raindance?v=9,Душ Hansgrohe Raindance. Получайте подарки за покупку!,Оригинальные души Hansgrohe. Бесплатная доставка. Покупайте!,,,,,,,
https://hansgrohe-russia.ru/kollektsii/raindance?v=10,Душ Hansgrohe Raindance. Оригинальная продукция,Приобретайте оригинальные души Hansgrohe с официальной гарантией. Доставка 0 руб!,,,,,,,
https://hansgrohe-russia.ru/kollektsii/raindance?v=11,Душ Hansgrohe Raindance. Суперцены каждый день!,Оригинальные души Hansgrohe. Скидка 5% на покупку. Переходите на сайт!,,,,,,,
https://hansgrohe-russia.ru/kollektsii/raindance/shopby/hg_kollektsii-raindance_e?v=2#catalog,Души Hansgrohe Raindance E 300. Доставка по всей России!,Покупайте души от бренда Hansgrohe с гарантией производителя!,,,,,,,
https://hansgrohe-russia.ru/kollektsii/raindance/shopby/hg_kollektsii-raindance_e?v=3#catalog,Души Hansgrohe Raindance E 300,Оригинальные души Hansgrohe. Бесплатная доставка. Покупайте!,,,,,,,
https://hansgrohe-russia.ru/kollektsii/raindance/shopby/hg_kollektsii-raindance_e?v=4#catalog,Души Hansgrohe Raindance E 300. Оригинальная продукция,Приобретайте души Hansgrohe с официальной гарантией. Доставка 0 руб!,,,,,,,
https://hansgrohe-russia.ru/kollektsii/raindance/shopby/hg_kollektsii-raindance_e?v=5#catalog,Души Hansgrohe Raindance E 300. Суперцены каждый день!,Оригинальные души Hansgrohe. Скидка 5% на покупку. Переходите на сайт!,,,,,,,
https://hansgrohe-russia.ru/kollektsii/raindance/shopby/hg_kollektsii-raindance_select-raindance_select_e-raindance_select_s?v=7#catalog,Душ Hansgrohe Raindance Select. Доставка по всей России!,Покупайте оригинальные души от бренда Hansgrohe с гарантией производителя!,,,,,,,
https://hansgrohe-russia.ru/kollektsii/raindance/shopby/hg_kollektsii-raindance_select-raindance_select_e-raindance_select_s?v=8#catalog,Душ Hansgrohe Raindance Select,Оригинальные души Hansgrohe. Бесплатная доставка. Покупайте!,,,,,,,
https://hansgrohe-russia.ru/kollektsii/raindance/shopby/hg_kollektsii-raindance_select-raindance_select_e-raindance_select_s?v=9#catalog,Душ Hansgrohe Raindance Select. Оригинальная продукция,Приобретайте оригинальные души Hansgrohe с официальной гарантией. Доставка 0 руб!,,,,,,,
https://hansgrohe-russia.ru/kollektsii/raindance/shopby/hg_kollektsii-raindance_select-raindance_select_e-raindance_select_s?v=10#catalog,Душ Hansgrohe Raindance Select. Суперцены каждый день!,Оригинальные души Hansgrohe. Скидка 5% на покупку. Переходите на сайт!,,,,,,,
https://hansgrohe-russia.ru/kollektsii/raindance/shopby/hg_tip-verhnie_dushi?v=3,Верхние души Hansgrohe Raindance,Покупайте верхние души от бренда Hansgrohe с гарантией производителя!,,,,,,,
https://hansgrohe-russia.ru/kollektsii/raindance/shopby/hg_tip-verhnie_dushi?v=4,Верхние души Hansgrohe Raindance,Оригинальные верхние души Hansgrohe. Бесплатная доставка. Покупайте!,,,,,,,
https://hansgrohe-russia.ru/kollektsii/raindance/shopby/hg_tip-verhnie_dushi?v=5,Верхние души Hansgrohe Raindance. Оригинальная продукция,Приобретайте верхние души Hansgrohe с официальной гарантией. Доставка 0 руб!,,,,,,,
https://hansgrohe-russia.ru/kollektsii/raindance/shopby/hg_tip-verhnie_dushi?v=6,Верхние души Hansgrohe Raindance. Суперцены каждый день!,Оригинальные верхние души Hansgrohe. Скидка 5% на покупку. Переходите на сайт!,,,,,,,
https://hansgrohe-russia.ru/kollektsii/raindance/shopby/hg_tip-verhnie_dushi?v=7,Верхние души Hansgrohe Raindance 240,Покупайте верхние души от бренда Hansgrohe с гарантией производителя!,,,,,,,
https://hansgrohe-russia.ru/kollektsii/raindance/shopby/hg_tip-verhnie_dushi?v=8,Верхние души Hansgrohe Raindance 240,Оригинальные верхние души Hansgrohe. Бесплатная доставка. Покупайте!,,,,,,,
https://hansgrohe-russia.ru/kollektsii/raindance/shopby/hg_tip-verhnie_dushi?v=9,Верхние души Hansgrohe Raindance 240,Приобретайте верхние души Hansgrohe с официальной гарантией. Доставка 0 руб!,,,,,,,
https://hansgrohe-russia.ru/kollektsii/raindance/shopby/hg_tip-verhnie_dushi?v=10,Верхние души Hansgrohe Raindance 240,Оригинальные верхние души Hansgrohe. Скидка 5% на покупку. Переходите на сайт!,,,,,,,
https://hansgrohe-russia.ru/kollektsii/raindance/shopby/hg_tip-verhnie_dushi/hg_kollektsii-raindance_e-raindance_select_e?v=2,Верхние души Hansgrohe Raindance E,Покупайте верхние души от бренда Hansgrohe с гарантией производителя!,,,,,,,
https://hansgrohe-russia.ru/kollektsii/raindance/shopby/hg_tip-verhnie_dushi/hg_kollektsii-raindance_e-raindance_select_e?v=3,Верхние души Hansgrohe Raindance E,Оригинальные верхние души Hansgrohe. Бесплатная доставка. Покупайте!,,,,,,,
https://hansgrohe-russia.ru/kollektsii/raindance/shopby/hg_tip-verhnie_dushi/hg_kollektsii-raindance_e-raindance_select_e?v=4,Верхние души Hansgrohe Raindance E,Приобретайте верхние души Hansgrohe с официальной гарантией. Доставка 0 руб!,,,,,,,
https://hansgrohe-russia.ru/kollektsii/raindance/shopby/hg_tip-verhnie_dushi/hg_kollektsii-raindance_e-raindance_select_e?v=5,Верхние души Hansgrohe Raindance E,Оригинальные верхние души Hansgrohe. Скидка 5% на покупку. Переходите на сайт!,,,,,,,
https://hansgrohe-russia.ru/kollektsii/raindance/shopby/hg_tip-verhnie_dushi/hg_kollektsii-raindance_select-raindance_select_e-raindance_select_s?v=2#catalog,Верхние души Hansgrohe Raindance Select,Покупайте верхние души от бренда Hansgrohe с гарантией производителя!,,,,,,,
https://hansgrohe-russia.ru/kollektsii/raindance/shopby/hg_tip-verhnie_dushi/hg_kollektsii-raindance_select-raindance_select_e-raindance_select_s?v=3#catalog,Верхние души Hansgrohe Raindance Select,Оригинальные верхние души Hansgrohe. Бесплатная доставка. Покупайте!,,,,,,,
https://hansgrohe-russia.ru/kollektsii/raindance/shopby/hg_tip-verhnie_dushi/hg_kollektsii-raindance_select-raindance_select_e-raindance_select_s?v=4#catalog,Верхние души Hansgrohe Raindance Select,Приобретайте верхние души Hansgrohe с официальной гарантией. Доставка 0 руб!,,,,,,,
https://hansgrohe-russia.ru/kollektsii/raindance/shopby/hg_tip-verhnie_dushi/hg_kollektsii-raindance_select-raindance_select_e-raindance_select_s?v=5#catalog,Верхние души Hansgrohe Raindance Select,Оригинальные верхние души Hansgrohe. Скидка 5% на покупку. Переходите на сайт!,,,,,,,
https://hansgrohe-russia.ru/kollektsii/rainfinity?v=2,Душ Hansgrohe Rainfinity. Доставка по всей России!,Покупайте оригинальные души от бренда Hansgrohe с гарантией производителя!,,,,,,,
https://hansgrohe-russia.ru/kollektsii/rainfinity?v=3,Душ Hansgrohe Rainfinity. Получайте подарки за покупку!,Оригинальные души Hansgrohe. Бесплатная доставка. Покупайте!,,,,,,,
https://hansgrohe-russia.ru/kollektsii/rainfinity?v=4,Душ Hansgrohe Rainfinity. Оригинальная продукция,Приобретайте оригинальные души Hansgrohe с официальной гарантией. Доставка 0 руб!,,,,,,,
https://hansgrohe-russia.ru/kollektsii/rainfinity?v=5,Душ Hansgrohe Rainfinity. Суперцены каждый день!,Оригинальные души Hansgrohe. Скидка 5% на покупку. Переходите на сайт!,,,,,,,
https://hansgrohe-russia.ru/kollektsii/rainfinity/shopby/hg_razmer_verkhn_dusha-300-400?v=2,Верхние души Hansgrohe Rainfinity 360,Покупайте верхние души от бренда Hansgrohe с гарантией производителя!,,,,,,,
https://hansgrohe-russia.ru/kollektsii/rainfinity/shopby/hg_razmer_verkhn_dusha-300-400?v=3,Верхние души Hansgrohe Rainfinity 360,Оригинальные верхние души Hansgrohe. Бесплатная доставка. Покупайте!,,,,,,,
https://hansgrohe-russia.ru/kollektsii/rainfinity/shopby/hg_razmer_verkhn_dusha-300-400?v=4,Верхние души Hansgrohe Rainfinity 360,Приобретайте верхние души Hansgrohe с официальной гарантией. Доставка 0 руб!,,,,,,,
https://hansgrohe-russia.ru/kollektsii/rainfinity/shopby/hg_razmer_verkhn_dusha-300-400?v=5,Верхние души Hansgrohe Rainfinity 360,Оригинальные верхние души Hansgrohe. Скидка 5% на покупку. Переходите на сайт!,,,,,,,
https://hansgrohe-russia.ru/kollektsii/rainfinity/shopby/hg_tip-verhnie_dushi?v=2#catalog,Верхние души Hansgrohe Rainfinity,Покупайте верхние души от бренда Hansgrohe с гарантией производителя!,,,,,,,
https://hansgrohe-russia.ru/kollektsii/rainfinity/shopby/hg_tip-verhnie_dushi?v=3#catalog,Верхние души Hansgrohe Rainfinity,Оригинальные верхние души Hansgrohe. Бесплатная доставка. Покупайте!,,,,,,,
https://hansgrohe-russia.ru/kollektsii/rainfinity/shopby/hg_tip-verhnie_dushi?v=4#catalog,Верхние души Hansgrohe Rainfinity,Приобретайте верхние души Hansgrohe с официальной гарантией. Доставка 0 руб!,,,,,,,
https://hansgrohe-russia.ru/kollektsii/rainfinity/shopby/hg_tip-verhnie_dushi?v=5#catalog,Верхние души Hansgrohe Rainfinity,Оригинальные верхние души Hansgrohe. Скидка 5% на покупку. Переходите на сайт!,,,,,,,
https://hansgrohe-russia.ru/kollektsii/rainmaker?v=2,Душ Hansgrohe Rainmaker Select. Доставка по всей России!,Покупайте оригинальные души от бренда Hansgrohe с гарантией производителя!,,,,,,,
https://hansgrohe-russia.ru/kollektsii/rainmaker?v=3,Душ Hansgrohe Rainmaker Select,Оригинальные души Hansgrohe. Бесплатная доставка. Покупайте!,,,,,,,
https://hansgrohe-russia.ru/kollektsii/rainmaker?v=4,Душ Hansgrohe Rainmaker Select. Оригинальная продукция,Приобретайте оригинальные души Hansgrohe с официальной гарантией. Доставка 0 руб!,,,,,,,
https://hansgrohe-russia.ru/kollektsii/rainmaker?v=5,Душ Hansgrohe Rainmaker Select. Суперцены каждый день!,Оригинальные души Hansgrohe. Скидка 5% на покупку. Переходите на сайт!,,,,,,,
https://hansgrohe-russia.ru/kollektsii/talis-1?v=12,Души Hansgrohe Talis. Доставка по всей России!,Покупайте души от бренда Hansgrohe с гарантией производителя!,,,,,,,
https://hansgrohe-russia.ru/kollektsii/talis-1?v=13,Души Hansgrohe Talis. Получайте подарки за покупку!,Оригинальные души Hansgrohe. Бесплатная доставка. Покупайте!,,,,,,,
https://hansgrohe-russia.ru/kollektsii/talis-1?v=14,Души Hansgrohe Talis. Оригинальная продукция,Приобретайте души Hansgrohe с официальной гарантией. Доставка 0 руб!,,,,,,,
https://hansgrohe-russia.ru/kollektsii/talis-1?v=15,Души Hansgrohe Talis. Суперцены каждый день!,Оригинальные души Hansgrohe. Скидка 5% на покупку. Переходите на сайт!,,,,,,,
https://hansgrohe-russia.ru/dushevaya-programma/dushevye-forsunki?v=2,Боковые душевые форсунки Hansgrohe,Покупайте душевые форсунки от бренда Hansgrohe с гарантией производителя!,,,,,,,
https://hansgrohe-russia.ru/dushevaya-programma/dushevye-forsunki?v=3,Боковые душевые форсунки Hansgrohe,Боковые душевые форсунки Hansgrohe. Бесплатная доставка. Покупайте!,,,,,,,
https://hansgrohe-russia.ru/dushevaya-programma/dushevye-forsunki?v=4,Боковые душевые форсунки Hansgrohe,Приобретайте душевые форсунки Hansgrohe с официальной гарантией. Доставка 0 руб!,,,,,,,
https://hansgrohe-russia.ru/dushevaya-programma/dushevye-forsunki?v=5,Боковые душевые форсунки Hansgrohe,Боковые душевые форсунки Hansgrohe. Скидка 5% на покупку. Переходите на сайт!,,,,,,,
https://hansgrohe-russia.ru/kollektsii/croma-1?v=12,Душ Hansgrohe Croma. Доставка по всей России!,Покупайте оригинальные души от бренда Hansgrohe с гарантией производителя!,,,,,,,
https://hansgrohe-russia.ru/kollektsii/croma-1?v=13,Душ Hansgrohe Croma. Получайте подарки за покупку!,Оригинальные души Hansgrohe. Бесплатная доставка. Покупайте!,,,,,,,
https://hansgrohe-russia.ru/kollektsii/croma-1?v=14,Душ Hansgrohe Croma. Оригинальная продукция,Приобретайте оригинальные души Hansgrohe с официальной гарантией. Доставка 0 руб!,,,,,,,
https://hansgrohe-russia.ru/kollektsii/croma-1?v=15,Душ Hansgrohe Croma. Суперцены каждый день!,Оригинальные души Hansgrohe. Скидка 5% на покупку. Переходите на сайт!,,,,,,,
https://hansgrohe-russia.ru/vstraivaemyy-montazh/smesiteli-dlya-rakoviny-skrytogo-montazha?v=1,Встраиваемые смесители для раковины Hansgrohe,Покупайте оригинальные смесители от бренда Hansgrohe с гарантией производителя!,,,,,,,
https://hansgrohe-russia.ru/vstraivaemyy-montazh/smesiteli-dlya-rakoviny-skrytogo-montazha?v=2,Встраиваемые смесители для раковины Hansgrohe,Оригинальные смесители Hansgrohe. Бесплатная доставка. Покупайте!,,,,,,,
https://hansgrohe-russia.ru/vstraivaemyy-montazh/smesiteli-dlya-rakoviny-skrytogo-montazha?v=3,Встраиваемые смесители для раковины Hansgrohe,Приобретайте смесители Hansgrohe с официальной гарантией. Доставка 0 руб!,,,,,,,
https://hansgrohe-russia.ru/vstraivaemyy-montazh/smesiteli-dlya-rakoviny-skrytogo-montazha?v=4,Встраиваемые смесители для раковины Hansgrohe,Оригинальные смесители Hansgrohe. Скидка 5% на покупку. Переходите на сайт!,,,,,,,
https://hansgrohe-russia.ru/vstraivaemyy-montazh/smesiteli-dlya-rakoviny-skrytogo-montazha?v=5,Встраиваемые смесители Hansgrohe,Оригинальные смесители Hansgrohe. Бесплатная доставка. Покупайте!,,,,,,,
https://hansgrohe-russia.ru/vstraivaemyy-montazh/smesiteli-dlya-rakoviny-skrytogo-montazha?v=6,Встраиваемые смесители Hansgrohe. Оригинальная продукция,Приобретайте смесители Hansgrohe с официальной гарантией. Доставка 0 руб!,,,,,,,
https://hansgrohe-russia.ru/vstraivaemyy-montazh/smesiteli-dlya-rakoviny-skrytogo-montazha?v=7,Встраиваемые смесители Hansgrohe. Суперцены каждый день!,Оригинальные смесители Hansgrohe. Скидка 5% на покупку. Переходите на сайт!,,,,,,,
https://hansgrohe-russia.ru/vstraivaemyy-montazh/smesiteli-dlya-rakoviny-skrytogo-montazha?v=8,Встраиваемые смесители Hansgrohe,Покупайте оригинальные смесители от бренда Hansgrohe с гарантией производителя!,,,,,,,
https://hansgrohe-russia.ru/kukhnya/smesiteli-dlja-kuhonnoj-mojki?v=1,Смесители для кухни Hansgrohe,Оригинальные смесители Hansgrohe. Бесплатная доставка. Покупайте!,,,,,,,
https://hansgrohe-russia.ru/kukhnya/smesiteli-dlja-kuhonnoj-mojki?v=2,Смесители для кухни Hansgrohe. Оригинальная продукция,Приобретайте смесители Hansgrohe с официальной гарантией. Доставка 0 руб!,,,,,,,
https://hansgrohe-russia.ru/kukhnya/smesiteli-dlja-kuhonnoj-mojki?v=3,Смесители для кухни Hansgrohe. Суперцены каждый день!,Оригинальные смесители Hansgrohe. Скидка 5% на покупку. Переходите на сайт!,,,,,,,
https://hansgrohe-russia.ru/kukhnya/smesiteli-dlja-kuhonnoj-mojki?v=4,Смесители для кухни Hansgrohe. Доставка по всей России!,Покупайте оригинальные смесители от бренда Hansgrohe с гарантией производителя!,,,,,,,
https://hansgrohe-russia.ru/kukhnya/smesiteli-dlja-kuhonnoj-mojki?v=5,Кухонные смесители Hansgrohe,Оригинальные смесители Hansgrohe. Бесплатная доставка. Покупайте!,,,,,,,
https://hansgrohe-russia.ru/kukhnya/smesiteli-dlja-kuhonnoj-mojki?v=6,Кухонные смесители Hansgrohe. Оригинальная продукция,Приобретайте смесители Hansgrohe с официальной гарантией. Доставка 0 руб!,,,,,,,
https://hansgrohe-russia.ru/kukhnya/smesiteli-dlja-kuhonnoj-mojki?v=7,Кухонные смесители Hansgrohe. Суперцены каждый день!,Оригинальные смесители Hansgrohe. Скидка 5% на покупку. Переходите на сайт!,,,,,,,
https://hansgrohe-russia.ru/kukhnya/smesiteli-dlja-kuhonnoj-mojki?v=8,Кухонные смесители Hansgrohe. Доставка по всей России!,Покупайте оригинальные смесители от бренда Hansgrohe с гарантией производителя!,,,,,,,
https://hansgrohe-russia.ru/vstraivaemyy-montazh/smesiteli-dlya-rakoviny-skrytogo-montazha?v=9,Скрытые смесители Hansgrohe,Оригинальные смесители Hansgrohe. Бесплатная доставка. Покупайте!,,,,,,,
https://hansgrohe-russia.ru/vstraivaemyy-montazh/smesiteli-dlya-rakoviny-skrytogo-montazha?v=10,Скрытые смесители Hansgrohe. Оригинальная продукция,Приобретайте смесители Hansgrohe с официальной гарантией. Доставка 0 руб!,,,,,,,
https://hansgrohe-russia.ru/vstraivaemyy-montazh/smesiteli-dlya-rakoviny-skrytogo-montazha?v=11,Скрытые смесители Hansgrohe. Суперцены каждый день!,Оригинальные смесители Hansgrohe. Скидка 5% на покупку. Переходите на сайт!,,,,,,,
https://hansgrohe-russia.ru/vstraivaemyy-montazh/smesiteli-dlya-rakoviny-skrytogo-montazha?v=12,Скрытые смесители Hansgrohe. Доставка по всей России!,Покупайте оригинальные смесители от бренда Hansgrohe с гарантией производителя!,,,,,,,
https://hansgrohe-russia.ru/vstraivaemyy-montazh?v=2,Встраиваемые смесители Hansgrohe. Доставка по России!,Покупайте встраиваемые смесители от бренда Hansgrohe с гарантией производителя,,,,,,,
https://hansgrohe-russia.ru/vstraivaemyy-montazh?v=3,Встраиваемые смесители Hansgrohe. Подарки за покупку!,Встраиваемые смесители Hansgrohe. Бесплатная доставка. Переходите на сайт!,,,,,,,
https://hansgrohe-russia.ru/vstraivaemyy-montazh?v=4,Встраиваемые смесители Hansgrohe. Суперцены каждый день!,Приобретай встраиваемые смесители Hansgrohe с официальной гарантией. Доставка 0 р!,,,,,,,
https://hansgrohe-russia.ru/vstraivaemyy-montazh?v=5,Встраиваемые смесители Hansgrohe. Оригинальная продукция,Встраиваемые смесители Hansgrohe. Скидка 5% при предоплате. Покупайте!,,,,,,,
https://hansgrohe-russia.ru/vstraivaemyy-montazh/vstraivaemye-smesiteli-i-termostaty-dlya-dusha?v=6,Встраиваемые смесители Hansgrohe для душа. Доставка 0 р,Покупайте встраиваемые смесители от бренда Hansgrohe с гарантией производителя,,,,,,,
https://hansgrohe-russia.ru/vstraivaemyy-montazh/vstraivaemye-smesiteli-i-termostaty-dlya-dusha?v=7,Встраиваемые смесители Hansgrohe. Подарки за покупку!,Встраиваемые смесители Hansgrohe для душа. Бесплатная доставка. Переходи на сайт!,,,,,,,
https://hansgrohe-russia.ru/vstraivaemyy-montazh/vstraivaemye-smesiteli-i-termostaty-dlya-dusha?v=8,Встраиваемые смесители Hansgrohe для душа. Суперцены!,Приобретай встраиваемые смесители Hansgrohe с официальной гарантией. Доставка 0 р!,,,,,,,
https://hansgrohe-russia.ru/vstraivaemyy-montazh/vstraivaemye-smesiteli-i-termostaty-dlya-dusha?v=9,Встраиваемые смесители Hansgrohe для душа. Оригинал!,Встраиваемые смесители Hansgrohe для душа. Скидка 5% при предоплате. Покупайте!,,,,,,,
https://hansgrohe-russia.ru/vstraivaemyy-montazh/vstraivaemye-smesiteli-i-termostaty-dlya-vanny?v=1,Встраиваемые смесители Hansgrohe для ванны. Суперцены!,Приобретай встраиваемые смесители Hansgrohe с официальной гарантией. Доставка 0 р!,,,,,,,
https://hansgrohe-russia.ru/vstraivaemyy-montazh/vstraivaemye-smesiteli-i-termostaty-dlya-vanny?v=2,Встраиваемые смесители Hansgrohe для ванны. Оригинал!,Встраиваемые смесители Hansgrohe для ванны. Скидка 5% при предоплате. Покупайте!,,,,,,,
https://hansgrohe-russia.ru/vstraivaemyy-montazh?v=6,Встроенные смесители Hansgrohe. Доставка по России!,Покупайте встроенные смесители от бренда Hansgrohe с гарантией производителя,,,,,,,
https://hansgrohe-russia.ru/vstraivaemyy-montazh?v=7,Встроенные смесители Hansgrohe. Подарки за покупку!,Встроенные смесители Hansgrohe. Бесплатная доставка. Переходите на сайт!,,,,,,,
https://hansgrohe-russia.ru/vstraivaemyy-montazh?v=8,Встроенные смесители Hansgrohe. Суперцены каждый день!,Приобретай встроенные смесители Hansgrohe с официальной гарантией. Доставка 0 руб!,,,,,,,
https://hansgrohe-russia.ru/vstraivaemyy-montazh?v=9,Встроенные смесители Hansgrohe. Оригинальная продукция!,Встроенные смесители Hansgrohe. Скидка 5% при предоплате. Покупайте!,,,,,,,
https://hansgrohe-russia.ru/smesiteli/smesiteli-dlja-dusha?v=36,Душевые смесители Hansgrohe. Доставка по России!,Покупайте душевые смесители от бренда Hansgrohe с гарантией производителя,,,,,,,
https://hansgrohe-russia.ru/smesiteli/smesiteli-dlja-dusha?v=37,Душевые смесители Hansgrohe. Подарки за покупку!,Душевые смесители Hansgrohe. Бесплатная доставка. Переходите на сайт!,,,,,,,
https://hansgrohe-russia.ru/smesiteli/smesiteli-dlja-dusha?v=38,Душевые смесители Hansgrohe. Суперцены каждый день!,Приобретайте душевые смесители Hansgrohe с официальной гарантией. Доставка 0 руб!,,,,,,,
https://hansgrohe-russia.ru/smesiteli/smesiteli-dlja-dusha?v=39,Душевые смесители Hansgrohe. Оригинальная продукция!,Душевые смесители Hansgrohe. Скидка 5% при предоплате. Покупайте!,,,,,,,
https://hansgrohe-russia.ru/smesiteli?v=76,Краны Hansgrohe. Доставка по России!,Покупайте краны от бренда Hansgrohe с гарантией производителя,,,,,,,
https://hansgrohe-russia.ru/smesiteli?v=77,Краны Hansgrohe. Подарки за покупку!,Краны Hansgrohe. Бесплатная доставка. Переходите на сайт!,,,,,,,
https://hansgrohe-russia.ru/smesiteli?v=78,Краны Hansgrohe. Суперцены каждый день!,Приобретайте краны Hansgrohe с официальной гарантией. Доставка 0 руб!,,,,,,,
https://hansgrohe-russia.ru/smesiteli?v=79,Краны Hansgrohe. Оригинальная продукция!,Краны Hansgrohe. Скидка 5% при предоплате. Покупайте!,,,,,,,
https://hansgrohe-russia.ru/smesiteli/smesiteli-dlya-vanny?v=58,Краны Hansgrohe для ванны. Доставка по России!,Покупайте краны для ванны от бренда Hansgrohe с гарантией производителя,,,,,,,
https://hansgrohe-russia.ru/smesiteli/smesiteli-dlya-vanny?v=59,Краны Hansgrohe для ванны. Подарки за покупку!,Краны Hansgrohe для ванны. Бесплатная доставка. Переходите на сайт!,,,,,,,
https://hansgrohe-russia.ru/smesiteli/smesiteli-dlya-vanny?v=60,Краны Hansgrohe для ванны. Суперцены каждый день!,Приобретайте краны Hansgrohe для ванны с официальной гарантией. Доставка 0 руб!,,,,,,,
https://hansgrohe-russia.ru/smesiteli/smesiteli-dlya-vanny?v=61,Краны Hansgrohe для ванны. Оригинальная продукция!,Краны Hansgrohe для ванны. Скидка 5% при предоплате. Покупайте!,,,,,,,
https://hansgrohe-russia.ru/kukhnya/smesiteli-dlja-kuhonnoj-mojki?v=9,Краны Hansgrohe для кухни. Доставка по России!,Покупайте краны для кухни от бренда Hansgrohe с гарантией производителя,,,,,,,
https://hansgrohe-russia.ru/kukhnya/smesiteli-dlja-kuhonnoj-mojki?v=10,Краны Hansgrohe для кухни. Подарки за покупку!,Краны Hansgrohe для кухни. Бесплатная доставка. Переходите на сайт!,,,,,,,
https://hansgrohe-russia.ru/kukhnya/smesiteli-dlja-kuhonnoj-mojki?v=11,Краны Hansgrohe для кухни. Суперцены каждый день!,Приобретайте краны Hansgrohe для кухни с официальной гарантией. Доставка 0 руб!,,,,,,,
https://hansgrohe-russia.ru/kukhnya/smesiteli-dlja-kuhonnoj-mojki?v=12,Краны Hansgrohe для кухни. Оригинальная продукция!,Краны Hansgrohe для кухни. Скидка 5% при предоплате. Покупайте!,,,,,,,
https://hansgrohe-russia.ru/smesiteli/smesiteli-dlya-rakoviny?v=43,Краны Hansgrohe для раковины. Доставка по России!,Покупайте краны для раковины от бренда Hansgrohe с гарантией производителя,,,,,,,
https://hansgrohe-russia.ru/smesiteli/smesiteli-dlya-rakoviny?v=44,Краны Hansgrohe для раковины. Подарки за покупку!,Краны Hansgrohe для раковины. Бесплатная доставка. Переходите на сайт!,,,,,,,
https://hansgrohe-russia.ru/smesiteli/smesiteli-dlya-rakoviny?v=45,Краны Hansgrohe для раковины. Суперцены каждый день!,Приобретай краны Hansgrohe для раковины с официальной гарантией. Доставка 0 руб!,,,,,,,
https://hansgrohe-russia.ru/smesiteli/smesiteli-dlya-rakoviny?v=46,Краны Hansgrohe для раковины. Оригинальная продукция!,Краны Hansgrohe для раковины. Скидка 5% при предоплате. Покупайте!,,,,,,,
https://hansgrohe-russia.ru/smesiteli?v=80,Купить смесители Hansgrohe. Доставка по России!,Покупайте смесители от бренда Hansgrohe с гарантией производителя,,,,,,,
https://hansgrohe-russia.ru/smesiteli?v=81,Купить смесители Hansgrohe. Подарки за покупку!,Купить смесители Hansgrohe. Бесплатная доставка. Переходите на сайт!,,,,,,,
https://hansgrohe-russia.ru/smesiteli?v=82,Купить смесители Hansgrohe. Суперцены каждый день!,Приобретайте смесители Hansgrohe с официальной гарантией. Доставка 0 руб!,,,,,,,
https://hansgrohe-russia.ru/smesiteli?v=83,Купить смесители Hansgrohe. Оригинальная продукция!,Купить смесители Hansgrohe. Скидка 5% при предоплате. Покупайте!,,,,,,,
https://hansgrohe-russia.ru/smesiteli?v=84,Купить смесители Hansgrohe в Москве. Подарки за покупку!,Покупайте смесители в Москве от бренда Hansgrohe с гарантией производителя,,,,,,,
https://hansgrohe-russia.ru/smesiteli?v=85,Купить смесители Hansgrohe в Москве. Подарки за покупку!,Купить смесители Hansgrohe в Москве. Бесплатная доставка. Переходите на сайт!,,,,,,,
https://hansgrohe-russia.ru/smesiteli?v=86,Купить смесители Hansgrohe в Москве. Суперцены!,Приобретайте смесители Hansgrohe в Москве с официальной гарантией!,,,,,,,
https://hansgrohe-russia.ru/smesiteli?v=87,Купить смесители Hansgrohe в Москве. Оригинал!,Купить смесители Hansgrohe в Москве. Скидка 5% при предоплате. Покупайте!,,,,,,,
https://hansgrohe-russia.ru/kukhnya/smesiteli-dlja-kuhonnoj-mojki?v=13,Кухонные смесители Hansgrohe. Доставка по России!,Покупайте кухонные смесители от бренда Hansgrohe с гарантией производителя,,,,,,,
https://hansgrohe-russia.ru/kukhnya/smesiteli-dlja-kuhonnoj-mojki?v=14,Кухонные смесители Hansgrohe. Подарки за покупку!,Кухонные смесители Hansgrohe. Бесплатная доставка. Переходите на сайт!,,,,,,,
https://hansgrohe-russia.ru/kukhnya/smesiteli-dlja-kuhonnoj-mojki?v=15,Кухонные смесители Hansgrohe. Суперцены каждый день!,Приобретайте кухонные смесители Hansgrohe с официальной гарантией. Доставка 0 руб,,,,,,,
https://hansgrohe-russia.ru/kukhnya/smesiteli-dlja-kuhonnoj-mojki?v=16,Кухонные смесители Hansgrohe. Оригинальная продукция!,Кухонные смесители Hansgrohe. Скидка 5% при предоплате. Покупайте!,,,,,,,
https://hansgrohe-russia.ru/smesiteli/napolnye-smesiteli?v=11,Напольные смесители Hansgrohe. Доставка по России!,Покупайте напольные смесители от бренда Hansgrohe с гарантией производителя,,,,,,,
https://hansgrohe-russia.ru/smesiteli/napolnye-smesiteli?v=12,Напольные смесители Hansgrohe. Подарки за покупку!,Напольные смесители Hansgrohe. Бесплатная доставка. Переходите на сайт!,,,,,,,
https://hansgrohe-russia.ru/smesiteli/napolnye-smesiteli?v=13,Напольные смесители Hansgrohe. Суперцены каждый день!,Приобретайте напольные смесители Hansgrohe с официальной гарантией. Доставка 0 р!,,,,,,,
https://hansgrohe-russia.ru/smesiteli/napolnye-smesiteli?v=14,Напольные смесители Hansgrohe. Оригинальная продукция!,Напольные смесители Hansgrohe. Скидка 5% при предоплате. Покупайте!,,,,,,,
https://hansgrohe-russia.ru/vstraivaemyy-montazh?v=10,Настенные смесители Hansgrohe. Доставка по России!,Покупайте настенные смесители от бренда Hansgrohe с гарантией производителя,,,,,,,
https://hansgrohe-russia.ru/vstraivaemyy-montazh?v=11,Настенные смесители Hansgrohe. Подарки за покупку!,Настенные смесители Hansgrohe. Бесплатная доставка. Переходите на сайт!,,,,,,,
https://hansgrohe-russia.ru/vstraivaemyy-montazh?v=12,Настенные смесители Hansgrohe. Суперцены каждый день!,Приобретайте настенные смесители Hansgrohe с официальной гарантией. Доставка 0 р!,,,,,,,
https://hansgrohe-russia.ru/vstraivaemyy-montazh?v=13,Настенные смесители Hansgrohe. Оригинальная продукция!,Настенные смесители Hansgrohe. Скидка 5% при предоплате. Покупайте!,,,,,,,
https://hansgrohe-russia.ru/catalogsearch/result/?hg_upravleniye=3385&q=%D1%81%D0%BC%D0%B5%D1%81%D0%B8%D1%82%D0%B5%D0%BB%D1%8C&v=1,Однорычажные смесители Hansgrohe. Доставка по России!,Покупайте однорычажные смесители от бренда Hansgrohe с гарантией производителя,,,,,,,
https://hansgrohe-russia.ru/catalogsearch/result/?hg_upravleniye=3385&q=%D1%81%D0%BC%D0%B5%D1%81%D0%B8%D1%82%D0%B5%D0%BB%D1%8C&v=2,Однорычажные смесители Hansgrohe. Подарки за покупку!,Однорычажные смесители Hansgrohe. Бесплатная доставка. Переходите на сайт!,,,,,,,
https://hansgrohe-russia.ru/catalogsearch/result/?hg_upravleniye=3385&q=%D1%81%D0%BC%D0%B5%D1%81%D0%B8%D1%82%D0%B5%D0%BB%D1%8C&v=3,Однорычажные смесители Hansgrohe. Суперцены каждый день!,Приобретай однорычажные смесители Hansgrohe с официальной гарантией. Доставка 0р!,,,,,,,
https://hansgrohe-russia.ru/catalogsearch/result/?hg_upravleniye=3385&q=%D1%81%D0%BC%D0%B5%D1%81%D0%B8%D1%82%D0%B5%D0%BB%D1%8C&v=4,Однорычажные смесители Hansgrohe. Оригинальная продукция,Однорычажные смесители Hansgrohe. Скидка 5% при предоплате. Покупайте!,,,,,,,
https://hansgrohe-russia.ru/vstraivaemyy-montazh?v=14,Скрытые смесители Hansgrohe. Доставка по России!,Покупайте скрытые смесители от бренда Hansgrohe с гарантией производителя,,,,,,,
https://hansgrohe-russia.ru/vstraivaemyy-montazh?v=15,Скрытые смесители Hansgrohe. Подарки за покупку!,Скрытые смесители Hansgrohe. Бесплатная доставка. Переходите на сайт!,,,,,,,
https://hansgrohe-russia.ru/vstraivaemyy-montazh?v=16,Скрытые смесители Hansgrohe. Суперцены каждый день!,Приобретайте скрытые смесители Hansgrohe с официальной гарантией. Доставка 0 руб!,,,,,,,
https://hansgrohe-russia.ru/vstraivaemyy-montazh?v=17,Скрытые смесители Hansgrohe. Оригинальная продукция!,Скрытые смесители Hansgrohe. Скидка 5% при предоплате. Покупайте!,,,,,,,
https://hansgrohe-russia.ru/smesiteli?v=88,Смесители Hansgrohe. Доставка по России!,Покупайте смесители от бренда Hansgrohe с гарантией производителя,,,,,,,
https://hansgrohe-russia.ru/smesiteli?v=89,Смесители Hansgrohe. Подарки за покупку!,Смесители Hansgrohe. Бесплатная доставка. Переходите на сайт!,,,,,,,
https://hansgrohe-russia.ru/smesiteli?v=90,Смесители Hansgrohe. Суперцены каждый день!,Приобретайте смесители Hansgrohe с официальной гарантией. Доставка 0 руб!,,,,,,,
https://hansgrohe-russia.ru/smesiteli?v=91,Смесители Hansgrohe. Оригинальная продукция!,Смесители Hansgrohe. Скидка 5% при предоплате. Покупайте!,,,,,,,
https://hansgrohe-russia.ru/smesiteli?v=92,Смесители Hansgrohe в Москве. Подарки за покупку!,Покупайте смесители в Москве от бренда Hansgrohe с гарантией производителя,,,,,,,
https://hansgrohe-russia.ru/smesiteli?v=93,Смесители Hansgrohe в Москве. Подарки за покупку!,Смесители Hansgrohe в Москве. Бесплатная доставка. Переходите на сайт!,,,,,,,
https://hansgrohe-russia.ru/smesiteli?v=94,Смесители Hansgrohe в Москве. Суперцены каждый день!,Приобретайте смесители Hansgrohe в Москве с официальной гарантией. Доставка 0 р!,,,,,,,
https://hansgrohe-russia.ru/smesiteli?v=95,Смесители Hansgrohe в Москве. Оригинальная продукция!,Смесители Hansgrohe в Москве. Скидка 5% при предоплате. Покупайте!,,,,,,,
https://hansgrohe-russia.ru/smesiteli/smesiteli-dlya-bide?v=6,Смесители Hansgrohe для биде. Доставка по России!,Покупайте смесители для биде от бренда Hansgrohe с гарантией производителя,,,,,,,
https://hansgrohe-russia.ru/smesiteli/smesiteli-dlya-bide?v=7,Смесители Hansgrohe для биде. Подарки за покупку!,Смесители Hansgrohe для биде. Бесплатная доставка. Переходите на сайт!,,,,,,,
https://hansgrohe-russia.ru/smesiteli/smesiteli-dlya-bide?v=8,Смесители Hansgrohe для биде. Суперцены каждый день!,Приобретайте смесители Hansgrohe для биде с официальной гарантией. Доставка 0 р!,,,,,,,
https://hansgrohe-russia.ru/smesiteli/smesiteli-dlya-bide?v=9,Смесители Hansgrohe для биде. Оригинальная продукция!,Смесители Hansgrohe для биде. Скидка 5% при предоплате. Покупайте!,,,,,,,
https://hansgrohe-russia.ru/smesiteli/smesiteli-dlya-vanny?v=62,Смесители Hansgrohe для ванны. Доставка по России!,Покупайте смесители для ванны от бренда Hansgrohe с гарантией производителя,,,,,,,
https://hansgrohe-russia.ru/smesiteli/smesiteli-dlya-vanny?v=63,Смесители Hansgrohe для ванны. Подарки за покупку!,Смесители Hansgrohe для ванны. Бесплатная доставка. Переходите на сайт!,,,,,,,
https://hansgrohe-russia.ru/smesiteli/smesiteli-dlya-vanny?v=64,Смесители Hansgrohe для ванны. Суперцены каждый день!,Приобретайте смесители Hansgrohe для ванны с официальной гарантией. Доставка 0 р!,,,,,,,
https://hansgrohe-russia.ru/smesiteli/smesiteli-dlya-vanny?v=65,Смесители Hansgrohe для ванны. Оригинальная продукция!,Смесители Hansgrohe для ванны. Скидка 5% при предоплате. Покупайте!,,,,,,,
https://hansgrohe-russia.ru/smesiteli/smesiteli-dlja-dusha?v=40,Смесители Hansgrohe для душа. Доставка по России!,Покупайте смесители для душа от бренда Hansgrohe с гарантией производителя,,,,,,,
https://hansgrohe-russia.ru/smesiteli/smesiteli-dlja-dusha?v=41,Смесители Hansgrohe для душа. Подарки за покупку!,Смесители Hansgrohe для душа. Бесплатная доставка. Переходите на сайт!,,,,,,,
https://hansgrohe-russia.ru/smesiteli/smesiteli-dlja-dusha?v=42,Смесители Hansgrohe для душа. Суперцены каждый день!,Приобретай смесители Hansgrohe для душа с официальной гарантией. Доставка 0 руб!,,,,,,,
https://hansgrohe-russia.ru/smesiteli/smesiteli-dlja-dusha?v=43,Смесители Hansgrohe для душа. Оригинальная продукция!,Смесители Hansgrohe для душа. Скидка 5% при предоплате. Покупайте!,,,,,,,
https://hansgrohe-russia.ru/smesiteli/termostaticheskie-smesiteli-dlya-dusha?v=17,Смесители Hansgrohe для душа с термостатом. Доставка 0 р,Покупайте смесители с термостатом от бренда Hansgrohe с гарантией производителя,,,,,,,
https://hansgrohe-russia.ru/smesiteli/termostaticheskie-smesiteli-dlya-dusha?v=18,Смесители Hansgrohe с термостатом. Подарки за покупку!,Смесители Hansgrohe для душа с термостатом. Бесплатная доставка. Переходи на сайт,,,,,,,
https://hansgrohe-russia.ru/smesiteli/termostaticheskie-smesiteli-dlya-dusha?v=19,Смесители Hansgrohe для душа с термостатом. Суперцены!,Приобретайте смесители Hansgrohe для душа с термостатом с официальной гарантией.,,,,,,,
https://hansgrohe-russia.ru/smesiteli/termostaticheskie-smesiteli-dlya-dusha?v=20,Смесители Hansgrohe для душа с термостатом. Оригинал!,Смесители Hansgrohe для душа с термостатом. Скидка 5% при предоплате. Покупайте!,,,,,,,
https://hansgrohe-russia.ru/kukhnya/smesiteli-dlja-kuhonnoj-mojki?v=17,Смесители Hansgrohe для кухни. Доставка по России!,Покупайте смесители для кухни от бренда Hansgrohe с гарантией производителя,,,,,,,
https://hansgrohe-russia.ru/kukhnya/smesiteli-dlja-kuhonnoj-mojki?v=18,Смесители Hansgrohe для кухни. Подарки за покупку!,Смесители Hansgrohe для кухни. Бесплатная доставка. Переходите на сайт!,,,,,,,
https://hansgrohe-russia.ru/kukhnya/smesiteli-dlja-kuhonnoj-mojki?v=19,Смесители Hansgrohe для кухни. Суперцены каждый день!,Приобретайте смесители Hansgrohe для кухни с официальной гарантией. Доставка 0 р!,,,,,,,
https://hansgrohe-russia.ru/kukhnya/smesiteli-dlja-kuhonnoj-mojki?v=20,Смесители Hansgrohe для кухни. Оригинальная продукция!,Смесители Hansgrohe для кухни. Скидка 5% при предоплате. Покупайте!,,,,,,,
https://hansgrohe-russia.ru/kukhnya/smesiteli-dlja-kuhonnoj-mojki/shopby/hg_kollektsii-aqittura_m91?v=1#catalog,Смесители Hansgrohe для кухни с фильтром. Доставка 0 р.,Покупайте смесители с фильтром от бренда Hansgrohe с гарантией производителя,,,,,,,
https://hansgrohe-russia.ru/kukhnya/smesiteli-dlja-kuhonnoj-mojki/shopby/hg_kollektsii-aqittura_m91?v=2#catalog,Смесители Hansgrohe с фильтром. Подарки за покупку!,Смесители Hansgrohe для кухни с фильтром. Бесплатная доставка. Переходите на сайт,,,,,,,
https://hansgrohe-russia.ru/kukhnya/smesiteli-dlja-kuhonnoj-mojki/shopby/hg_kollektsii-aqittura_m91?v=3#catalog,Смесители Hansgrohe для кухни с фильтром. Суперцены!,Приобретайте смесители Hansgrohe для кухни с фильтром с официальной гарантией.,,,,,,,
https://hansgrohe-russia.ru/kukhnya/smesiteli-dlja-kuhonnoj-mojki/shopby/hg_kollektsii-aqittura_m91?v=4#catalog,Смесители Hansgrohe для кухни с фильтром. Оригинал!,Смесители Hansgrohe для кухни с фильтром. Скидка 5% при предоплате. Покупайте!,,,,,,,
https://hansgrohe-russia.ru/kukhnya/smesiteli-dlja-kuhonnoj-mojki/shopby/all_tip_izliva-vytyazhnoy-dushevoy?v=1#catalog,Смесители Hansgrohe для кухни с выдвижным изливом.,Покупайте смесители для кухни от бренда Hansgrohe с гарантией производителя,,,,,,,
https://hansgrohe-russia.ru/kukhnya/smesiteli-dlja-kuhonnoj-mojki/shopby/all_tip_izliva-vytyazhnoy-dushevoy?v=2#catalog,Смесители Hansgrohe с выдвижным изливом. Подарки!,Смесители Hansgrohe с выдвижным изливом. Бесплатная доставка. Переходите на сайт!,,,,,,,
https://hansgrohe-russia.ru/kukhnya/smesiteli-dlja-kuhonnoj-mojki/shopby/all_tip_izliva-vytyazhnoy-dushevoy?v=3#catalog,Смесители Hansgrohe с выдвижным изливом. Суперцены!,Приобретайте смесители Hansgrohe с выдвижным изливом с официальной гарантией.,,,,,,,
https://hansgrohe-russia.ru/kukhnya/smesiteli-dlja-kuhonnoj-mojki/shopby/all_tip_izliva-vytyazhnoy-dushevoy?v=4#catalog,Смесители Hansgrohe с выдвижным изливом. Оригинал!,Смесители Hansgrohe с выдвижным изливом. Скидка 5% при предоплате. Покупайте!,,,,,,,
https://hansgrohe-russia.ru/smesiteli/smesiteli-dlya-rakoviny?v=47,Смесители Hansgrohe для раковины. Доставка по России!,Покупайте смесители для раковины от бренда Hansgrohe с гарантией производителя,,,,,,,
https://hansgrohe-russia.ru/smesiteli/smesiteli-dlya-rakoviny?v=48,Смесители Hansgrohe для раковины. Подарки за покупку!,Смесители Hansgrohe для раковины. Бесплатная доставка. Переходите на сайт!,,,,,,,
https://hansgrohe-russia.ru/smesiteli/smesiteli-dlya-rakoviny?v=49,Смесители Hansgrohe для раковины. Суперцены каждый день!,Приобретай смесители Hansgrohe для раковины с официальной гарантией. Доставка 0р!,,,,,,,
https://hansgrohe-russia.ru/smesiteli/smesiteli-dlya-rakoviny?v=50,Смесители Hansgrohe для раковины. Оригинал!,Смесители Hansgrohe для раковины. Скидка 5% при предоплате. Покупайте!,,,,,,,
https://hansgrohe-russia.ru/smesiteli/smesiteli-dlya-rakoviny?v=51,Смесители Hansgrohe для раковины в ванной. Доставка 0 р,Покупайте смесители для раковины от бренда Hansgrohe с гарантией производителя,,,,,,,
https://hansgrohe-russia.ru/smesiteli/smesiteli-dlya-rakoviny?v=52,Смесители Hansgrohe для раковины в ванной. Суперцены!,Приобретай смесители Hansgrohe для раковины с официальной гарантией. Доставка 0р!,,,,,,,
https://hansgrohe-russia.ru/smesiteli/smesiteli-dlya-rakoviny?v=53,Смесители Hansgrohe для раковины в ванной. Оригинал!,Смесители Hansgrohe для раковины в ванной. Скидка 5% при предоплате. Покупайте!,,,,,,,
https://hansgrohe-russia.ru/smesiteli/smesiteli-na-bort-vanny?v=6,Смесители Hansgrohe на борт ванны. Доставка по России!,Покупайте смесители на борт ванны от бренда Hansgrohe с гарантией производителя,,,,,,,
https://hansgrohe-russia.ru/smesiteli/smesiteli-na-bort-vanny?v=7,Смесители Hansgrohe на борт ванны. Подарки за покупку!,Смесители Hansgrohe на борт ванны. Бесплатная доставка. Переходите на сайт!,,,,,,,
https://hansgrohe-russia.ru/smesiteli/smesiteli-na-bort-vanny?v=8,Смесители Hansgrohe на борт ванны. Суперцены каждый день,Приобретайте смесители Hansgrohe на борт ванны с официальной гарантией.,,,,,,,
https://hansgrohe-russia.ru/smesiteli/smesiteli-na-bort-vanny?v=9,Смесители Hansgrohe на борт ванны. Оригинал!,Смесители Hansgrohe на борт ванны. Скидка 5% при предоплате. Покупайте!,,,,,,,
https://hansgrohe-russia.ru/smesiteli?v=96,Смесители Hansgrohe официальный сайт. Доставка по России,Покупай смесители на официальном сайте бренда Hansgrohe с гарантией производителя,,,,,,,
https://hansgrohe-russia.ru/smesiteli?v=97,Смесители Hansgrohe официальный сайт. Подарки за покупку,Официальный сайт смесителей Hansgrohe. Бесплатная доставка. Переходите на сайт!,,,,,,,
https://hansgrohe-russia.ru/smesiteli?v=98,Смесители Hansgrohe официальный сайт. Суперцены!,Приобретайте смесители Hansgrohe с официальной гарантией. Скидка 5% по предоплате.,,,,,,,
https://hansgrohe-russia.ru/smesiteli?v=99,Смесители Hansgrohe официальный сайт. Оригинал!,Официальный сайт смесителей Hansgrohe. Скидка 5% при предоплате. Покупайте!,,,,,,,
https://hansgrohe-russia.ru/smesiteli/termostaticheskie-smesiteli-dlya-vanny?v=11,Смесители Hansgrohe с термостатом. Доставка по России!,Покупайте смесители с термостатом от бренда Hansgrohe с гарантией производителя,,,,,,,
https://hansgrohe-russia.ru/smesiteli/termostaticheskie-smesiteli-dlya-vanny?v=12,Смесители Hansgrohe с термостатом. Подарки за покупку!,Смесители Hansgrohe с термостатом. Бесплатная доставка. Переходите на сайт!,,,,,,,
https://hansgrohe-russia.ru/smesiteli/termostaticheskie-smesiteli-dlya-vanny?v=13,Смесители Hansgrohe с термостатом. Суперцены каждый день,Приобретайте смесители Hansgrohe с термостатом с официальной гарантией.,,,,,,,
https://hansgrohe-russia.ru/smesiteli/termostaticheskie-smesiteli-dlya-vanny?v=14,Смесители Hansgrohe с термостатом. Оригинал!,Смесители Hansgrohe с термостатом. Скидка 5% при предоплате. Покупайте!,,,,,,,
https://hansgrohe-russia.ru/smesiteli/termostaticheskie-smesiteli-dlya-vanny?v=15,Смесители Hansgrohe с термостатом для ванны. Доставка 0р,Покупайте смесители с термостатом от бренда Hansgrohe с гарантией производителя,,,,,,,
https://hansgrohe-russia.ru/smesiteli/termostaticheskie-smesiteli-dlya-vanny?v=16,Смесители Hansgrohe с термостатом для ванны. Суперцены!,Приобретайте смесители Hansgrohe с термостатом с официальной гарантией.,,,,,,,
https://hansgrohe-russia.ru/smesiteli/termostaticheskie-smesiteli-dlya-vanny?v=17,Смесители Hansgrohe с термостатом для ванны. Оригинал!,Смесители Hansgrohe с термостатом для ванны. Скидка 5% при предоплате. Покупайте!,,,,,,,
https://hansgrohe-russia.ru/vstraivaemyy-montazh?v=18,Смесители Hansgrohe скрытого монтажа. Доставка по России,Покупай смесители скрытого монтажа от бренда Hansgrohe с гарантией производителя,,,,,,,
https://hansgrohe-russia.ru/vstraivaemyy-montazh?v=19,Смесители Hansgrohe скрытого монтажа. Подарки за покупку,Смесители Hansgrohe скрытого монтажа. Бесплатная доставка. Переходите на сайт!,,,,,,,
https://hansgrohe-russia.ru/vstraivaemyy-montazh?v=20,Смесители Hansgrohe скрытого монтажа. Суперцены!,Приобретайте смесители Hansgrohe скрытого монтажа с официальной гарантией.,,,,,,,
https://hansgrohe-russia.ru/vstraivaemyy-montazh?v=21,Смесители Hansgrohe скрытого монтажа. Оригинал!,Смесители Hansgrohe скрытого монтажа. Скидка 5% при предоплате. Покупайте!,,,,,,,
https://hansgrohe-russia.ru/smesiteli/smesiteli-dlya-vanny/smesitel-hansgrohe-logis-universal-nyj-71402000?v=1,Смеситель Hansgrohe для ванны с длинным изливом.,Покупай смесители с длинным изливом от бренда Hansgrohe с гарантией производителя,,,,,,,
https://hansgrohe-russia.ru/smesiteli/smesiteli-dlya-vanny/smesitel-hansgrohe-logis-universal-nyj-71402000?v=2,Смеситель Hansgrohe с длинным изливом. Подарки клиентам!,Смеситель Hansgrohe с длинным изливом. Бесплатная доставка. Переходите на сайт!,,,,,,,
https://hansgrohe-russia.ru/smesiteli/smesiteli-dlya-vanny/smesitel-hansgrohe-logis-universal-nyj-71402000?v=3,Смеситель Hansgrohe с длинным изливом. Суперцены!,Приобретайте смеситель Hansgrohe с длинным изливом с официальной гарантией.,,,,,,,
https://hansgrohe-russia.ru/smesiteli/smesiteli-dlya-vanny/smesitel-hansgrohe-logis-universal-nyj-71402000?v=4,Смеситель Hansgrohe с длинным изливом. Оригинал!,Смеситель Hansgrohe с длинным изливом. Скидка 5% при предоплате. Покупайте!,,,,,,,
https://hansgrohe-russia.ru/smesiteli/smesiteli-dlya-vanny/smesitel-hansgrohe-logis-universal-nyj-71402000?v=5,Смеситель Hansgrohe с длинным изливом. Доставка 0 руб.,Покупай смесители с длинным изливом от бренда Hansgrohe с гарантией производителя,,,,,,,
https://hansgrohe-russia.ru/smesiteli/termostaticheskie-smesiteli-dlya-vanny?v=18,Термостатические смесители Hansgrohe. Доставка по России,Покупай термостатические смесители от бренда Hansgrohe с гарантией производителя,,,,,,,
https://hansgrohe-russia.ru/smesiteli/termostaticheskie-smesiteli-dlya-vanny?v=19,Термостатические смесители Hansgrohe. Подарки за покупку,Термостатические смесители Hansgrohe. Бесплатная доставка. Переходите на сайт!,,,,,,,
https://hansgrohe-russia.ru/smesiteli/termostaticheskie-smesiteli-dlya-vanny?v=20,Термостатические смесители Hansgrohe. Суперцены!,Приобретайте термостатические смесители Hansgrohe с официальной гарантией.,,,,,,,
https://hansgrohe-russia.ru/smesiteli/termostaticheskie-smesiteli-dlya-vanny?v=21,Термостатические смесители Hansgrohe. Оригинал!,Термостатические смесители Hansgrohe. Скидка 5% при предоплате. Покупайте!,,,,,,,
